passage_id,concept_id,concept_name,match_count,first_known_position,method
BK_P00009,CON_001,faith,1,9,curated lexical match
BK_P00010,CON_001,faith,1,10,curated lexical match
BK_P00015,CON_001,faith,1,15,curated lexical match
BK_P00016,CON_001,faith,1,16,curated lexical match
BK_P00026,CON_001,faith,1,26,curated lexical match
BK_P00034,CON_001,faith,1,34,curated lexical match
BK_P00037,CON_001,faith,6,37,curated lexical match
BK_P00041,CON_001,faith,8,41,curated lexical match
BK_P00042,CON_001,faith,3,42,curated lexical match
BK_P00045,CON_001,faith,1,45,curated lexical match
BK_P00048,CON_001,faith,2,48,curated lexical match
BK_P00051,CON_001,faith,1,51,curated lexical match
BK_P00052,CON_001,faith,2,52,curated lexical match
BK_P00060,CON_001,faith,1,60,curated lexical match
BK_P00076,CON_001,faith,1,76,curated lexical match
BK_P00111,CON_001,faith,2,111,curated lexical match
BK_P00114,CON_001,faith,7,114,curated lexical match
BK_P00116,CON_001,faith,2,116,curated lexical match
BK_P00132,CON_001,faith,2,132,curated lexical match
BK_P00137,CON_001,faith,2,137,curated lexical match
BK_P00140,CON_001,faith,1,140,curated lexical match
BK_P00141,CON_001,faith,1,141,curated lexical match
BK_P00143,CON_001,faith,1,143,curated lexical match
BK_P00144,CON_001,faith,1,144,curated lexical match
BK_P00149,CON_001,faith,1,149,curated lexical match
BK_P00159,CON_001,faith,5,159,curated lexical match
BK_P00161,CON_001,faith,2,161,curated lexical match
BK_P00163,CON_001,faith,2,163,curated lexical match
BK_P00164,CON_001,faith,1,164,curated lexical match
BK_P00169,CON_001,faith,1,169,curated lexical match
BK_P00185,CON_001,faith,7,185,curated lexical match
BK_P00190,CON_001,faith,1,190,curated lexical match
BK_P00197,CON_001,faith,1,197,curated lexical match
BK_P00219,CON_001,faith,2,219,curated lexical match
BK_P00220,CON_001,faith,1,220,curated lexical match
BK_P00221,CON_001,faith,1,221,curated lexical match
BK_P00225,CON_001,faith,1,225,curated lexical match
BK_P00226,CON_001,faith,2,226,curated lexical match
BK_P00227,CON_001,faith,2,227,curated lexical match
BK_P00229,CON_001,faith,1,229,curated lexical match
BK_P00230,CON_001,faith,2,230,curated lexical match
BK_P00232,CON_001,faith,2,232,curated lexical match
BK_P00233,CON_001,faith,1,233,curated lexical match
BK_P00241,CON_001,faith,1,241,curated lexical match
BK_P00267,CON_001,faith,1,267,curated lexical match
BK_P00269,CON_001,faith,1,269,curated lexical match
BK_P00271,CON_001,faith,1,271,curated lexical match
BK_P00274,CON_001,faith,3,274,curated lexical match
BK_P00276,CON_001,faith,1,276,curated lexical match
BK_P00278,CON_001,faith,4,278,curated lexical match
BK_P00285,CON_001,faith,2,285,curated lexical match
BK_P00299,CON_001,faith,4,299,curated lexical match
BK_P00303,CON_001,faith,1,303,curated lexical match
BK_P00307,CON_001,faith,1,307,curated lexical match
BK_P00309,CON_001,faith,1,309,curated lexical match
BK_P00311,CON_001,faith,2,311,curated lexical match
BK_P00315,CON_001,faith,1,315,curated lexical match
BK_P00316,CON_001,faith,1,316,curated lexical match
BK_P00323,CON_001,faith,2,323,curated lexical match
BK_P00332,CON_001,faith,1,332,curated lexical match
BK_P00333,CON_001,faith,1,333,curated lexical match
BK_P00334,CON_001,faith,1,334,curated lexical match
BK_P00338,CON_001,faith,1,338,curated lexical match
BK_P00360,CON_001,faith,1,360,curated lexical match
BK_P00361,CON_001,faith,1,361,curated lexical match
BK_P00365,CON_001,faith,1,365,curated lexical match
BK_P00407,CON_001,faith,1,407,curated lexical match
BK_P00445,CON_001,faith,1,445,curated lexical match
BK_P00479,CON_001,faith,1,479,curated lexical match
BK_P00486,CON_001,faith,2,486,curated lexical match
BK_P00491,CON_001,faith,3,491,curated lexical match
BK_P00493,CON_001,faith,1,493,curated lexical match
BK_P00496,CON_001,faith,1,496,curated lexical match
BK_P00512,CON_001,faith,2,512,curated lexical match
BK_P00515,CON_001,faith,1,515,curated lexical match
BK_P00540,CON_001,faith,1,540,curated lexical match
BK_P00542,CON_001,faith,1,542,curated lexical match
BK_P00543,CON_001,faith,1,543,curated lexical match
BK_P00544,CON_001,faith,1,544,curated lexical match
BK_P00546,CON_001,faith,3,546,curated lexical match
BK_P00548,CON_001,faith,1,548,curated lexical match
BK_P00574,CON_001,faith,1,574,curated lexical match
BK_P00575,CON_001,faith,1,575,curated lexical match
BK_P00589,CON_001,faith,4,589,curated lexical match
BK_P00591,CON_001,faith,2,591,curated lexical match
BK_P00616,CON_001,faith,1,616,curated lexical match
BK_P00627,CON_001,faith,1,627,curated lexical match
BK_P00628,CON_001,faith,2,628,curated lexical match
BK_P00638,CON_001,faith,2,638,curated lexical match
BK_P00655,CON_001,faith,1,655,curated lexical match
BK_P00672,CON_001,faith,2,672,curated lexical match
BK_P00675,CON_001,faith,1,675,curated lexical match
BK_P00682,CON_001,faith,1,682,curated lexical match
BK_P00685,CON_001,faith,2,685,curated lexical match
BK_P00698,CON_001,faith,5,698,curated lexical match
BK_P00700,CON_001,faith,1,700,curated lexical match
BK_P00704,CON_001,faith,6,704,curated lexical match
BK_P00706,CON_001,faith,1,706,curated lexical match
BK_P00707,CON_001,faith,1,707,curated lexical match
BK_P00708,CON_001,faith,1,708,curated lexical match
BK_P00709,CON_001,faith,1,709,curated lexical match
BK_P00711,CON_001,faith,4,711,curated lexical match
BK_P00712,CON_001,faith,4,712,curated lexical match
BK_P00726,CON_001,faith,6,726,curated lexical match
BK_P00727,CON_001,faith,1,727,curated lexical match
BK_P00728,CON_001,faith,1,728,curated lexical match
BK_P00732,CON_001,faith,1,732,curated lexical match
BK_P00733,CON_001,faith,1,733,curated lexical match
BK_P00735,CON_001,faith,1,735,curated lexical match
BK_P00736,CON_001,faith,1,736,curated lexical match
BK_P00737,CON_001,faith,1,737,curated lexical match
BK_P00743,CON_001,faith,1,743,curated lexical match
BK_P00744,CON_001,faith,2,744,curated lexical match
BK_P00745,CON_001,faith,2,745,curated lexical match
BK_P00751,CON_001,faith,1,751,curated lexical match
BK_P00752,CON_001,faith,1,752,curated lexical match
BK_P00753,CON_001,faith,1,753,curated lexical match
BK_P00760,CON_001,faith,1,760,curated lexical match
BK_P00768,CON_001,faith,1,768,curated lexical match
BK_P00778,CON_001,faith,2,778,curated lexical match
BK_P00781,CON_001,faith,1,781,curated lexical match
BK_P00804,CON_001,faith,1,804,curated lexical match
BK_P00818,CON_001,faith,1,818,curated lexical match
BK_P00834,CON_001,faith,1,834,curated lexical match
BK_P00836,CON_001,faith,1,836,curated lexical match
BK_P00867,CON_001,faith,1,867,curated lexical match
BK_P00872,CON_001,faith,2,872,curated lexical match
BK_P00882,CON_001,faith,1,882,curated lexical match
BK_P00885,CON_001,faith,1,885,curated lexical match
BK_P00891,CON_001,faith,1,891,curated lexical match
BK_P00914,CON_001,faith,2,914,curated lexical match
BK_P00943,CON_001,faith,1,943,curated lexical match
BK_P00956,CON_001,faith,1,956,curated lexical match
BK_P00972,CON_001,faith,1,972,curated lexical match
BK_P00979,CON_001,faith,1,979,curated lexical match
BK_P00982,CON_001,faith,1,982,curated lexical match
BK_P00984,CON_001,faith,1,984,curated lexical match
BK_P00985,CON_001,faith,1,985,curated lexical match
BK_P00989,CON_001,faith,1,989,curated lexical match
BK_P00993,CON_001,faith,4,993,curated lexical match
BK_P00996,CON_001,faith,1,996,curated lexical match
BK_P01003,CON_001,faith,1,1003,curated lexical match
BK_P01005,CON_001,faith,2,1005,curated lexical match
BK_P01037,CON_001,faith,1,1037,curated lexical match
BK_P01038,CON_001,faith,1,1038,curated lexical match
BK_P01041,CON_001,faith,3,1041,curated lexical match
BK_P01048,CON_001,faith,1,1048,curated lexical match
BK_P01061,CON_001,faith,1,1061,curated lexical match
BK_P01063,CON_001,faith,1,1063,curated lexical match
BK_P01081,CON_001,faith,1,1081,curated lexical match
BK_P01152,CON_001,faith,1,1152,curated lexical match
BK_P01179,CON_001,faith,1,1179,curated lexical match
BK_P01183,CON_001,faith,1,1183,curated lexical match
BK_P01186,CON_001,faith,1,1186,curated lexical match
BK_P01218,CON_001,faith,1,1218,curated lexical match
BK_P01229,CON_001,faith,1,1229,curated lexical match
BK_P01243,CON_001,faith,1,1243,curated lexical match
BK_P01248,CON_001,faith,3,1248,curated lexical match
BK_P01287,CON_001,faith,1,1287,curated lexical match
BK_P01333,CON_001,faith,1,1333,curated lexical match
BK_P01339,CON_001,faith,1,1339,curated lexical match
BK_P01341,CON_001,faith,1,1341,curated lexical match
BK_P01342,CON_001,faith,1,1342,curated lexical match
BK_P01355,CON_001,faith,1,1355,curated lexical match
BK_P01373,CON_001,faith,1,1373,curated lexical match
BK_P01384,CON_001,faith,1,1384,curated lexical match
BK_P01396,CON_001,faith,1,1396,curated lexical match
BK_P01419,CON_001,faith,1,1419,curated lexical match
BK_P01420,CON_001,faith,1,1420,curated lexical match
BK_P01422,CON_001,faith,1,1422,curated lexical match
BK_P01447,CON_001,faith,1,1447,curated lexical match
BK_P01448,CON_001,faith,2,1448,curated lexical match
BK_P01449,CON_001,faith,1,1449,curated lexical match
BK_P01452,CON_001,faith,1,1452,curated lexical match
BK_P01453,CON_001,faith,1,1453,curated lexical match
BK_P01475,CON_001,faith,1,1475,curated lexical match
BK_P01510,CON_001,faith,1,1510,curated lexical match
BK_P01514,CON_001,faith,1,1514,curated lexical match
BK_P01537,CON_001,faith,1,1537,curated lexical match
BK_P01539,CON_001,faith,1,1539,curated lexical match
BK_P01544,CON_001,faith,7,1544,curated lexical match
BK_P01561,CON_001,faith,1,1561,curated lexical match
BK_P01563,CON_001,faith,1,1563,curated lexical match
BK_P01570,CON_001,faith,1,1570,curated lexical match
BK_P01576,CON_001,faith,1,1576,curated lexical match
BK_P01579,CON_001,faith,2,1579,curated lexical match
BK_P01581,CON_001,faith,3,1581,curated lexical match
BK_P01582,CON_001,faith,1,1582,curated lexical match
BK_P01585,CON_001,faith,1,1585,curated lexical match
BK_P01586,CON_001,faith,1,1586,curated lexical match
BK_P01587,CON_001,faith,1,1587,curated lexical match
BK_P01589,CON_001,faith,22,1589,curated lexical match
BK_P01596,CON_001,faith,1,1596,curated lexical match
BK_P01597,CON_001,faith,2,1597,curated lexical match
BK_P01602,CON_001,faith,1,1602,curated lexical match
BK_P01603,CON_001,faith,7,1603,curated lexical match
BK_P01605,CON_001,faith,2,1605,curated lexical match
BK_P01607,CON_001,faith,2,1607,curated lexical match
BK_P01616,CON_001,faith,2,1616,curated lexical match
BK_P01627,CON_001,faith,9,1627,curated lexical match
BK_P01629,CON_001,faith,5,1629,curated lexical match
BK_P01632,CON_001,faith,1,1632,curated lexical match
BK_P01639,CON_001,faith,3,1639,curated lexical match
BK_P01644,CON_001,faith,1,1644,curated lexical match
BK_P01646,CON_001,faith,1,1646,curated lexical match
BK_P01647,CON_001,faith,12,1647,curated lexical match
BK_P01648,CON_001,faith,2,1648,curated lexical match
BK_P01651,CON_001,faith,3,1651,curated lexical match
BK_P01654,CON_001,faith,1,1654,curated lexical match
BK_P01655,CON_001,faith,2,1655,curated lexical match
BK_P01656,CON_001,faith,1,1656,curated lexical match
BK_P01657,CON_001,faith,2,1657,curated lexical match
BK_P01761,CON_001,faith,2,1761,curated lexical match
BK_P01772,CON_001,faith,1,1772,curated lexical match
BK_P01789,CON_001,faith,1,1789,curated lexical match
BK_P01790,CON_001,faith,1,1790,curated lexical match
BK_P01792,CON_001,faith,1,1792,curated lexical match
BK_P01797,CON_001,faith,1,1797,curated lexical match
BK_P01811,CON_001,faith,1,1811,curated lexical match
BK_P01815,CON_001,faith,1,1815,curated lexical match
BK_P01820,CON_001,faith,1,1820,curated lexical match
BK_P01824,CON_001,faith,1,1824,curated lexical match
BK_P01830,CON_001,faith,1,1830,curated lexical match
BK_P01838,CON_001,faith,8,1838,curated lexical match
BK_P01839,CON_001,faith,4,1839,curated lexical match
BK_P01840,CON_001,faith,1,1840,curated lexical match
BK_P01841,CON_001,faith,8,1841,curated lexical match
BK_P01842,CON_001,faith,2,1842,curated lexical match
BK_P01843,CON_001,faith,3,1843,curated lexical match
BK_P01844,CON_001,faith,1,1844,curated lexical match
BK_P01845,CON_001,faith,1,1845,curated lexical match
BK_P01846,CON_001,faith,6,1846,curated lexical match
BK_P01855,CON_001,faith,1,1855,curated lexical match
BK_P01856,CON_001,faith,1,1856,curated lexical match
BK_P01857,CON_001,faith,1,1857,curated lexical match
BK_P01858,CON_001,faith,1,1858,curated lexical match
BK_P01873,CON_001,faith,1,1873,curated lexical match
BK_P01879,CON_001,faith,1,1879,curated lexical match
BK_P01887,CON_001,faith,1,1887,curated lexical match
BK_P01891,CON_001,faith,1,1891,curated lexical match
BK_P01916,CON_001,faith,2,1916,curated lexical match
BK_P01927,CON_001,faith,3,1927,curated lexical match
BK_P01929,CON_001,faith,1,1929,curated lexical match
BK_P01939,CON_001,faith,2,1939,curated lexical match
BK_P01948,CON_001,faith,1,1948,curated lexical match
BK_P01961,CON_001,faith,2,1961,curated lexical match
BK_P01968,CON_001,faith,1,1968,curated lexical match
BK_P01969,CON_001,faith,1,1969,curated lexical match
BK_P01978,CON_001,faith,1,1978,curated lexical match
BK_P01980,CON_001,faith,1,1980,curated lexical match
BK_P01982,CON_001,faith,2,1982,curated lexical match
BK_P01991,CON_001,faith,1,1991,curated lexical match
BK_P01993,CON_001,faith,1,1993,curated lexical match
BK_P01996,CON_001,faith,2,1996,curated lexical match
BK_P02000,CON_001,faith,4,2000,curated lexical match
BK_P02004,CON_001,faith,3,2004,curated lexical match
BK_P02007,CON_001,faith,2,2007,curated lexical match
BK_P02008,CON_001,faith,2,2008,curated lexical match
BK_P02010,CON_001,faith,1,2010,curated lexical match
BK_P02012,CON_001,faith,3,2012,curated lexical match
BK_P02014,CON_001,faith,1,2014,curated lexical match
BK_P02015,CON_001,faith,5,2015,curated lexical match
BK_P02016,CON_001,faith,4,2016,curated lexical match
BK_P02017,CON_001,faith,2,2017,curated lexical match
BK_P02018,CON_001,faith,4,2018,curated lexical match
BK_P02021,CON_001,faith,1,2021,curated lexical match
BK_P02027,CON_001,faith,1,2027,curated lexical match
BK_P02028,CON_001,faith,1,2028,curated lexical match
BK_P02031,CON_001,faith,3,2031,curated lexical match
BK_P02032,CON_001,faith,5,2032,curated lexical match
BK_P02035,CON_001,faith,3,2035,curated lexical match
BK_P02036,CON_001,faith,4,2036,curated lexical match
BK_P02040,CON_001,faith,2,2040,curated lexical match
BK_P02041,CON_001,faith,1,2041,curated lexical match
BK_P02042,CON_001,faith,1,2042,curated lexical match
BK_P02043,CON_001,faith,1,2043,curated lexical match
BK_P02044,CON_001,faith,3,2044,curated lexical match
BK_P02045,CON_001,faith,3,2045,curated lexical match
BK_P02047,CON_001,faith,2,2047,curated lexical match
BK_P02050,CON_001,faith,3,2050,curated lexical match
BK_P02051,CON_001,faith,5,2051,curated lexical match
BK_P02053,CON_001,faith,1,2053,curated lexical match
BK_P02057,CON_001,faith,1,2057,curated lexical match
BK_P02065,CON_001,faith,1,2065,curated lexical match
BK_P02068,CON_001,faith,1,2068,curated lexical match
BK_P02070,CON_001,faith,2,2070,curated lexical match
BK_P02072,CON_001,faith,1,2072,curated lexical match
BK_P02073,CON_001,faith,1,2073,curated lexical match
BK_P02074,CON_001,faith,1,2074,curated lexical match
BK_P02076,CON_001,faith,1,2076,curated lexical match
BK_P02077,CON_001,faith,2,2077,curated lexical match
BK_P02081,CON_001,faith,1,2081,curated lexical match
BK_P02083,CON_001,faith,1,2083,curated lexical match
BK_P02091,CON_001,faith,1,2091,curated lexical match
BK_P02093,CON_001,faith,3,2093,curated lexical match
BK_P02095,CON_001,faith,1,2095,curated lexical match
BK_P02098,CON_001,faith,1,2098,curated lexical match
BK_P02101,CON_001,faith,2,2101,curated lexical match
BK_P02105,CON_001,faith,1,2105,curated lexical match
BK_P02111,CON_001,faith,4,2111,curated lexical match
BK_P02112,CON_001,faith,1,2112,curated lexical match
BK_P02113,CON_001,faith,2,2113,curated lexical match
BK_P02114,CON_001,faith,1,2114,curated lexical match
BK_P02115,CON_001,faith,1,2115,curated lexical match
BK_P02116,CON_001,faith,2,2116,curated lexical match
BK_P02128,CON_001,faith,3,2128,curated lexical match
BK_P02129,CON_001,faith,1,2129,curated lexical match
BK_P02131,CON_001,faith,1,2131,curated lexical match
BK_P02144,CON_001,faith,1,2144,curated lexical match
BK_P02145,CON_001,faith,1,2145,curated lexical match
BK_P02155,CON_001,faith,1,2155,curated lexical match
BK_P02170,CON_001,faith,1,2170,curated lexical match
BK_P02175,CON_001,faith,1,2175,curated lexical match
BK_P02183,CON_001,faith,1,2183,curated lexical match
BK_P02202,CON_001,faith,1,2202,curated lexical match
BK_P02208,CON_001,faith,1,2208,curated lexical match
BK_P02218,CON_001,faith,1,2218,curated lexical match
BK_P02220,CON_001,faith,1,2220,curated lexical match
BK_P02222,CON_001,faith,1,2222,curated lexical match
BK_P02231,CON_001,faith,2,2231,curated lexical match
BK_P02242,CON_001,faith,2,2242,curated lexical match
BK_P02247,CON_001,faith,1,2247,curated lexical match
BK_P02286,CON_001,faith,1,2286,curated lexical match
BK_P02297,CON_001,faith,1,2297,curated lexical match
BK_P02305,CON_001,faith,1,2305,curated lexical match
BK_P02318,CON_001,faith,1,2318,curated lexical match
BK_P02319,CON_001,faith,1,2319,curated lexical match
BK_P02324,CON_001,faith,2,2324,curated lexical match
BK_P02325,CON_001,faith,1,2325,curated lexical match
BK_P02327,CON_001,faith,1,2327,curated lexical match
BK_P02345,CON_001,faith,1,2345,curated lexical match
BK_P02416,CON_001,faith,1,2416,curated lexical match
BK_P02421,CON_001,faith,1,2421,curated lexical match
BK_P02445,CON_001,faith,1,2445,curated lexical match
BK_P02451,CON_001,faith,1,2451,curated lexical match
BK_P02503,CON_001,faith,1,2503,curated lexical match
BK_P02505,CON_001,faith,1,2505,curated lexical match
BK_P02510,CON_001,faith,1,2510,curated lexical match
BK_P02530,CON_001,faith,1,2530,curated lexical match
BK_P02538,CON_001,faith,1,2538,curated lexical match
BK_P02558,CON_001,faith,1,2558,curated lexical match
BK_P02610,CON_001,faith,1,2610,curated lexical match
BK_P02633,CON_001,faith,1,2633,curated lexical match
BK_P02671,CON_001,faith,2,2671,curated lexical match
BK_P02676,CON_001,faith,1,2676,curated lexical match
BK_P02747,CON_001,faith,1,2747,curated lexical match
BK_P02749,CON_001,faith,2,2749,curated lexical match
BK_P02751,CON_001,faith,1,2751,curated lexical match
BK_P02836,CON_001,faith,1,2836,curated lexical match
BK_P02862,CON_001,faith,1,2862,curated lexical match
BK_P03091,CON_001,faith,1,3091,curated lexical match
BK_P03111,CON_001,faith,2,3111,curated lexical match
BK_P03183,CON_001,faith,1,3183,curated lexical match
BK_P03190,CON_001,faith,4,3190,curated lexical match
BK_P03201,CON_001,faith,1,3201,curated lexical match
BK_P03221,CON_001,faith,1,3221,curated lexical match
BK_P03224,CON_001,faith,1,3224,curated lexical match
BK_P03240,CON_001,faith,1,3240,curated lexical match
BK_P03251,CON_001,faith,1,3251,curated lexical match
BK_P03258,CON_001,faith,1,3258,curated lexical match
BK_P03268,CON_001,faith,1,3268,curated lexical match
BK_P03294,CON_001,faith,1,3294,curated lexical match
BK_P03306,CON_001,faith,2,3306,curated lexical match
BK_P03349,CON_001,faith,1,3349,curated lexical match
BK_P03361,CON_001,faith,1,3361,curated lexical match
BK_P03365,CON_001,faith,2,3365,curated lexical match
BK_P03380,CON_001,faith,1,3380,curated lexical match
BK_P03450,CON_001,faith,1,3450,curated lexical match
BK_P03463,CON_001,faith,1,3463,curated lexical match
BK_P03508,CON_001,faith,1,3508,curated lexical match
BK_P03535,CON_001,faith,1,3535,curated lexical match
BK_P03560,CON_001,faith,1,3560,curated lexical match
BK_P03561,CON_001,faith,1,3561,curated lexical match
BK_P03564,CON_001,faith,1,3564,curated lexical match
BK_P03587,CON_001,faith,1,3587,curated lexical match
BK_P03600,CON_001,faith,1,3600,curated lexical match
BK_P03602,CON_001,faith,1,3602,curated lexical match
BK_P03606,CON_001,faith,1,3606,curated lexical match
BK_P03610,CON_001,faith,1,3610,curated lexical match
BK_P03612,CON_001,faith,1,3612,curated lexical match
BK_P03614,CON_001,faith,1,3614,curated lexical match
BK_P03616,CON_001,faith,1,3616,curated lexical match
BK_P03648,CON_001,faith,2,3648,curated lexical match
BK_P03652,CON_001,faith,1,3652,curated lexical match
BK_P03660,CON_001,faith,1,3660,curated lexical match
BK_P03674,CON_001,faith,1,3674,curated lexical match
BK_P03711,CON_001,faith,1,3711,curated lexical match
BK_P03712,CON_001,faith,1,3712,curated lexical match
BK_P03715,CON_001,faith,2,3715,curated lexical match
BK_P03717,CON_001,faith,2,3717,curated lexical match
BK_P03745,CON_001,faith,1,3745,curated lexical match
BK_P03794,CON_001,faith,1,3794,curated lexical match
BK_P03851,CON_001,faith,1,3851,curated lexical match
BK_P03855,CON_001,faith,1,3855,curated lexical match
BK_P03856,CON_001,faith,1,3856,curated lexical match
BK_P03871,CON_001,faith,1,3871,curated lexical match
BK_P03946,CON_001,faith,1,3946,curated lexical match
BK_P03969,CON_001,faith,1,3969,curated lexical match
BK_P03970,CON_001,faith,3,3970,curated lexical match
BK_P03974,CON_001,faith,1,3974,curated lexical match
BK_P04074,CON_001,faith,1,4074,curated lexical match
BK_P04076,CON_001,faith,1,4076,curated lexical match
BK_P04119,CON_001,faith,1,4119,curated lexical match
BK_P04120,CON_001,faith,2,4120,curated lexical match
BK_P04121,CON_001,faith,3,4121,curated lexical match
BK_P04122,CON_001,faith,4,4122,curated lexical match
BK_P04123,CON_001,faith,1,4123,curated lexical match
BK_P04131,CON_001,faith,1,4131,curated lexical match
BK_P04133,CON_001,faith,1,4133,curated lexical match
BK_P04160,CON_001,faith,1,4160,curated lexical match
BK_P04161,CON_001,faith,1,4161,curated lexical match
BK_P04162,CON_001,faith,2,4162,curated lexical match
BK_P04184,CON_001,faith,1,4184,curated lexical match
BK_P04187,CON_001,faith,1,4187,curated lexical match
BK_P04235,CON_001,faith,1,4235,curated lexical match
BK_P04238,CON_001,faith,2,4238,curated lexical match
BK_P04291,CON_001,faith,2,4291,curated lexical match
BK_P04293,CON_001,faith,1,4293,curated lexical match
BK_P04294,CON_001,faith,1,4294,curated lexical match
BK_P04297,CON_001,faith,2,4297,curated lexical match
BK_P04302,CON_001,faith,1,4302,curated lexical match
BK_P04308,CON_001,faith,1,4308,curated lexical match
BK_P04314,CON_001,faith,2,4314,curated lexical match
BK_P04316,CON_001,faith,2,4316,curated lexical match
BK_P04326,CON_001,faith,2,4326,curated lexical match
BK_P04328,CON_001,faith,1,4328,curated lexical match
BK_P04330,CON_001,faith,2,4330,curated lexical match
BK_P04343,CON_001,faith,1,4343,curated lexical match
BK_P04344,CON_001,faith,1,4344,curated lexical match
BK_P04359,CON_001,faith,1,4359,curated lexical match
BK_P04360,CON_001,faith,1,4360,curated lexical match
BK_P04368,CON_001,faith,1,4368,curated lexical match
BK_P04381,CON_001,faith,2,4381,curated lexical match
BK_P04401,CON_001,faith,1,4401,curated lexical match
BK_P04402,CON_001,faith,2,4402,curated lexical match
BK_P04434,CON_001,faith,1,4434,curated lexical match
BK_P04442,CON_001,faith,1,4442,curated lexical match
BK_P04443,CON_001,faith,1,4443,curated lexical match
BK_P04444,CON_001,faith,1,4444,curated lexical match
BK_P04446,CON_001,faith,3,4446,curated lexical match
BK_P04453,CON_001,faith,1,4453,curated lexical match
BK_P04462,CON_001,faith,1,4462,curated lexical match
BK_P04463,CON_001,faith,1,4463,curated lexical match
BK_P04465,CON_001,faith,7,4465,curated lexical match
BK_P04467,CON_001,faith,1,4467,curated lexical match
BK_P04469,CON_001,faith,6,4469,curated lexical match
BK_P04473,CON_001,faith,1,4473,curated lexical match
BK_P04475,CON_001,faith,1,4475,curated lexical match
BK_P04480,CON_001,faith,1,4480,curated lexical match
BK_P04486,CON_001,faith,1,4486,curated lexical match
BK_P04495,CON_001,faith,1,4495,curated lexical match
BK_P04505,CON_001,faith,3,4505,curated lexical match
BK_P04509,CON_001,faith,1,4509,curated lexical match
BK_P04511,CON_001,faith,2,4511,curated lexical match
BK_P04549,CON_001,faith,1,4549,curated lexical match
BK_P04555,CON_001,faith,1,4555,curated lexical match
BK_P04582,CON_001,faith,1,4582,curated lexical match
BK_P04590,CON_001,faith,2,4590,curated lexical match
BK_P04592,CON_001,faith,1,4592,curated lexical match
BK_P04600,CON_001,faith,1,4600,curated lexical match
BK_P04616,CON_001,faith,1,4616,curated lexical match
BK_P04655,CON_001,faith,1,4655,curated lexical match
BK_P04658,CON_001,faith,1,4658,curated lexical match
BK_P04730,CON_001,faith,1,4730,curated lexical match
BK_P04734,CON_001,faith,1,4734,curated lexical match
BK_P04736,CON_001,faith,1,4736,curated lexical match
BK_P04742,CON_001,faith,1,4742,curated lexical match
BK_P04773,CON_001,faith,1,4773,curated lexical match
BK_P04798,CON_001,faith,1,4798,curated lexical match
BK_P04837,CON_001,faith,2,4837,curated lexical match
BK_P04842,CON_001,faith,1,4842,curated lexical match
BK_P04849,CON_001,faith,2,4849,curated lexical match
BK_P04860,CON_001,faith,1,4860,curated lexical match
BK_P04867,CON_001,faith,1,4867,curated lexical match
BK_P04872,CON_001,faith,1,4872,curated lexical match
BK_P04875,CON_001,faith,2,4875,curated lexical match
BK_P04876,CON_001,faith,1,4876,curated lexical match
BK_P04885,CON_001,faith,1,4885,curated lexical match
BK_P04907,CON_001,faith,1,4907,curated lexical match
BK_P04908,CON_001,faith,5,4908,curated lexical match
BK_P04915,CON_001,faith,1,4915,curated lexical match
BK_P04916,CON_001,faith,1,4916,curated lexical match
BK_P04923,CON_001,faith,1,4923,curated lexical match
BK_P04927,CON_001,faith,2,4927,curated lexical match
BK_P04941,CON_001,faith,1,4941,curated lexical match
BK_P04942,CON_001,faith,1,4942,curated lexical match
BK_P04946,CON_001,faith,2,4946,curated lexical match
BK_P04949,CON_001,faith,4,4949,curated lexical match
BK_P04951,CON_001,faith,2,4951,curated lexical match
BK_P04952,CON_001,faith,2,4952,curated lexical match
BK_P04954,CON_001,faith,1,4954,curated lexical match
BK_P04956,CON_001,faith,1,4956,curated lexical match
BK_P04957,CON_001,faith,2,4957,curated lexical match
BK_P04959,CON_001,faith,2,4959,curated lexical match
BK_P04973,CON_001,faith,1,4973,curated lexical match
BK_P04974,CON_001,faith,1,4974,curated lexical match
BK_P04975,CON_001,faith,1,4975,curated lexical match
BK_P04976,CON_001,faith,1,4976,curated lexical match
BK_P04977,CON_001,faith,1,4977,curated lexical match
BK_P04979,CON_001,faith,4,4979,curated lexical match
BK_P04983,CON_001,faith,2,4983,curated lexical match
BK_P04997,CON_001,faith,5,4997,curated lexical match
BK_P04999,CON_001,faith,4,4999,curated lexical match
BK_P05039,CON_001,faith,1,5039,curated lexical match
BK_P05043,CON_001,faith,1,5043,curated lexical match
BK_P05047,CON_001,faith,4,5047,curated lexical match
BK_P05054,CON_001,faith,1,5054,curated lexical match
BK_P05071,CON_001,faith,1,5071,curated lexical match
BK_P05084,CON_001,faith,1,5084,curated lexical match
BK_P05118,CON_001,faith,2,5118,curated lexical match
BK_P05120,CON_001,faith,2,5120,curated lexical match
BK_P05133,CON_001,faith,1,5133,curated lexical match
BK_P05159,CON_001,faith,1,5159,curated lexical match
BK_P05162,CON_001,faith,1,5162,curated lexical match
BK_P05194,CON_001,faith,1,5194,curated lexical match
BK_P05200,CON_001,faith,1,5200,curated lexical match
BK_P05205,CON_001,faith,2,5205,curated lexical match
BK_P05236,CON_001,faith,1,5236,curated lexical match
BK_P05237,CON_001,faith,1,5237,curated lexical match
BK_P05254,CON_001,faith,1,5254,curated lexical match
BK_P05257,CON_001,faith,1,5257,curated lexical match
BK_P05263,CON_001,faith,1,5263,curated lexical match
BK_P05264,CON_001,faith,1,5264,curated lexical match
BK_P05269,CON_001,faith,1,5269,curated lexical match
BK_P05285,CON_001,faith,1,5285,curated lexical match
BK_P05287,CON_001,faith,1,5287,curated lexical match
BK_P05294,CON_001,faith,1,5294,curated lexical match
BK_P05296,CON_001,faith,1,5296,curated lexical match
BK_P05297,CON_001,faith,1,5297,curated lexical match
BK_P05298,CON_001,faith,1,5298,curated lexical match
BK_P05310,CON_001,faith,1,5310,curated lexical match
BK_P05326,CON_001,faith,1,5326,curated lexical match
BK_P05327,CON_001,faith,1,5327,curated lexical match
BK_P05330,CON_001,faith,1,5330,curated lexical match
BK_P05331,CON_001,faith,3,5331,curated lexical match
BK_P05333,CON_001,faith,1,5333,curated lexical match
BK_P05386,CON_001,faith,1,5386,curated lexical match
BK_P05387,CON_001,faith,1,5387,curated lexical match
BK_P05395,CON_001,faith,1,5395,curated lexical match
BK_P05406,CON_001,faith,2,5406,curated lexical match
BK_P05412,CON_001,faith,1,5412,curated lexical match
BK_P05414,CON_001,faith,1,5414,curated lexical match
BK_P05422,CON_001,faith,1,5422,curated lexical match
BK_P05425,CON_001,faith,1,5425,curated lexical match
BK_P05434,CON_001,faith,1,5434,curated lexical match
BK_P05436,CON_001,faith,1,5436,curated lexical match
BK_P05437,CON_001,faith,1,5437,curated lexical match
BK_P05440,CON_001,faith,3,5440,curated lexical match
BK_P05445,CON_001,faith,1,5445,curated lexical match
BK_P05449,CON_001,faith,1,5449,curated lexical match
BK_P05455,CON_001,faith,6,5455,curated lexical match
BK_P05458,CON_001,faith,5,5458,curated lexical match
BK_P05491,CON_001,faith,1,5491,curated lexical match
BK_P05492,CON_001,faith,1,5492,curated lexical match
BK_P05539,CON_001,faith,1,5539,curated lexical match
BK_P05541,CON_001,faith,1,5541,curated lexical match
BK_P05550,CON_001,faith,1,5550,curated lexical match
BK_P05554,CON_001,faith,1,5554,curated lexical match
BK_P05557,CON_001,faith,1,5557,curated lexical match
BK_P05561,CON_001,faith,1,5561,curated lexical match
BK_P05565,CON_001,faith,3,5565,curated lexical match
BK_P05566,CON_001,faith,1,5566,curated lexical match
BK_P05631,CON_001,faith,1,5631,curated lexical match
BK_P05640,CON_001,faith,1,5640,curated lexical match
BK_P05655,CON_001,faith,1,5655,curated lexical match
BK_P00003,CON_002,doubt,1,3,curated lexical match
BK_P00012,CON_002,doubt,1,12,curated lexical match
BK_P00013,CON_002,doubt,1,13,curated lexical match
BK_P00041,CON_002,doubt,1,41,curated lexical match
BK_P00047,CON_002,doubt,2,47,curated lexical match
BK_P00048,CON_002,doubt,2,48,curated lexical match
BK_P00051,CON_002,doubt,1,51,curated lexical match
BK_P00056,CON_002,doubt,1,56,curated lexical match
BK_P00161,CON_002,doubt,1,161,curated lexical match
BK_P00167,CON_002,doubt,1,167,curated lexical match
BK_P00231,CON_002,doubt,1,231,curated lexical match
BK_P00232,CON_002,doubt,2,232,curated lexical match
BK_P00278,CON_002,doubt,2,278,curated lexical match
BK_P00361,CON_002,doubt,1,361,curated lexical match
BK_P00391,CON_002,doubt,1,391,curated lexical match
BK_P00400,CON_002,doubt,1,400,curated lexical match
BK_P00420,CON_002,doubt,1,420,curated lexical match
BK_P00427,CON_002,doubt,1,427,curated lexical match
BK_P00500,CON_002,doubt,1,500,curated lexical match
BK_P00572,CON_002,doubt,1,572,curated lexical match
BK_P00671,CON_002,doubt,1,671,curated lexical match
BK_P00701,CON_002,doubt,1,701,curated lexical match
BK_P00712,CON_002,doubt,1,712,curated lexical match
BK_P00981,CON_002,doubt,1,981,curated lexical match
BK_P00983,CON_002,doubt,1,983,curated lexical match
BK_P01003,CON_002,doubt,1,1003,curated lexical match
BK_P01009,CON_002,doubt,1,1009,curated lexical match
BK_P01032,CON_002,doubt,1,1032,curated lexical match
BK_P01094,CON_002,doubt,1,1094,curated lexical match
BK_P01137,CON_002,doubt,1,1137,curated lexical match
BK_P01145,CON_002,doubt,1,1145,curated lexical match
BK_P01206,CON_002,doubt,1,1206,curated lexical match
BK_P01470,CON_002,doubt,1,1470,curated lexical match
BK_P01544,CON_002,doubt,1,1544,curated lexical match
BK_P01589,CON_002,doubt,1,1589,curated lexical match
BK_P01656,CON_002,doubt,1,1656,curated lexical match
BK_P01682,CON_002,doubt,1,1682,curated lexical match
BK_P01807,CON_002,doubt,1,1807,curated lexical match
BK_P01927,CON_002,doubt,1,1927,curated lexical match
BK_P01993,CON_002,doubt,1,1993,curated lexical match
BK_P02027,CON_002,doubt,1,2027,curated lexical match
BK_P02044,CON_002,doubt,1,2044,curated lexical match
BK_P02047,CON_002,doubt,1,2047,curated lexical match
BK_P02074,CON_002,doubt,1,2074,curated lexical match
BK_P02111,CON_002,doubt,1,2111,curated lexical match
BK_P02333,CON_002,doubt,1,2333,curated lexical match
BK_P02343,CON_002,doubt,1,2343,curated lexical match
BK_P02377,CON_002,doubt,1,2377,curated lexical match
BK_P02521,CON_002,doubt,1,2521,curated lexical match
BK_P02531,CON_002,doubt,1,2531,curated lexical match
BK_P02688,CON_002,doubt,1,2688,curated lexical match
BK_P02820,CON_002,doubt,1,2820,curated lexical match
BK_P02830,CON_002,doubt,1,2830,curated lexical match
BK_P03213,CON_002,doubt,1,3213,curated lexical match
BK_P03218,CON_002,doubt,1,3218,curated lexical match
BK_P03248,CON_002,doubt,1,3248,curated lexical match
BK_P03372,CON_002,doubt,1,3372,curated lexical match
BK_P03514,CON_002,doubt,1,3514,curated lexical match
BK_P03557,CON_002,doubt,1,3557,curated lexical match
BK_P03670,CON_002,doubt,1,3670,curated lexical match
BK_P03774,CON_002,doubt,1,3774,curated lexical match
BK_P03853,CON_002,doubt,1,3853,curated lexical match
BK_P03925,CON_002,doubt,1,3925,curated lexical match
BK_P03951,CON_002,doubt,1,3951,curated lexical match
BK_P03959,CON_002,doubt,1,3959,curated lexical match
BK_P03969,CON_002,doubt,1,3969,curated lexical match
BK_P03997,CON_002,doubt,1,3997,curated lexical match
BK_P04078,CON_002,doubt,1,4078,curated lexical match
BK_P04133,CON_002,doubt,1,4133,curated lexical match
BK_P04321,CON_002,doubt,1,4321,curated lexical match
BK_P04491,CON_002,doubt,1,4491,curated lexical match
BK_P04493,CON_002,doubt,1,4493,curated lexical match
BK_P04605,CON_002,doubt,1,4605,curated lexical match
BK_P04622,CON_002,doubt,1,4622,curated lexical match
BK_P04720,CON_002,doubt,1,4720,curated lexical match
BK_P04744,CON_002,doubt,1,4744,curated lexical match
BK_P04745,CON_002,doubt,1,4745,curated lexical match
BK_P04796,CON_002,doubt,1,4796,curated lexical match
BK_P04831,CON_002,doubt,1,4831,curated lexical match
BK_P04951,CON_002,doubt,1,4951,curated lexical match
BK_P04979,CON_002,doubt,3,4979,curated lexical match
BK_P04983,CON_002,doubt,1,4983,curated lexical match
BK_P05045,CON_002,doubt,1,5045,curated lexical match
BK_P05070,CON_002,doubt,1,5070,curated lexical match
BK_P05071,CON_002,doubt,1,5071,curated lexical match
BK_P05097,CON_002,doubt,1,5097,curated lexical match
BK_P05188,CON_002,doubt,1,5188,curated lexical match
BK_P05243,CON_002,doubt,1,5243,curated lexical match
BK_P05254,CON_002,doubt,1,5254,curated lexical match
BK_P05261,CON_002,doubt,1,5261,curated lexical match
BK_P05328,CON_002,doubt,2,5328,curated lexical match
BK_P05389,CON_002,doubt,1,5389,curated lexical match
BK_P05397,CON_002,doubt,1,5397,curated lexical match
BK_P05426,CON_002,doubt,1,5426,curated lexical match
BK_P05566,CON_002,doubt,1,5566,curated lexical match
BK_P05582,CON_002,doubt,1,5582,curated lexical match
BK_P05596,CON_002,doubt,1,5596,curated lexical match
BK_P00047,CON_003,guilt,1,47,curated lexical match
BK_P00274,CON_003,guilt,1,274,curated lexical match
BK_P00276,CON_003,guilt,1,276,curated lexical match
BK_P00278,CON_003,guilt,1,278,curated lexical match
BK_P00355,CON_003,guilt,1,355,curated lexical match
BK_P01001,CON_003,guilt,1,1001,curated lexical match
BK_P01248,CON_003,guilt,1,1248,curated lexical match
BK_P01254,CON_003,guilt,1,1254,curated lexical match
BK_P01272,CON_003,guilt,1,1272,curated lexical match
BK_P01439,CON_003,guilt,1,1439,curated lexical match
BK_P01603,CON_003,guilt,1,1603,curated lexical match
BK_P01616,CON_003,guilt,2,1616,curated lexical match
BK_P01646,CON_003,guilt,5,1646,curated lexical match
BK_P01647,CON_003,guilt,4,1647,curated lexical match
BK_P01648,CON_003,guilt,1,1648,curated lexical match
BK_P01823,CON_003,guilt,1,1823,curated lexical match
BK_P01944,CON_003,guilt,2,1944,curated lexical match
BK_P01945,CON_003,guilt,1,1945,curated lexical match
BK_P02047,CON_003,guilt,2,2047,curated lexical match
BK_P02202,CON_003,guilt,1,2202,curated lexical match
BK_P02208,CON_003,guilt,1,2208,curated lexical match
BK_P02329,CON_003,guilt,1,2329,curated lexical match
BK_P02426,CON_003,guilt,1,2426,curated lexical match
BK_P02427,CON_003,guilt,1,2427,curated lexical match
BK_P02428,CON_003,guilt,1,2428,curated lexical match
BK_P02487,CON_003,guilt,1,2487,curated lexical match
BK_P02531,CON_003,guilt,1,2531,curated lexical match
BK_P02742,CON_003,guilt,1,2742,curated lexical match
BK_P03233,CON_003,guilt,4,3233,curated lexical match
BK_P03240,CON_003,guilt,1,3240,curated lexical match
BK_P03245,CON_003,guilt,1,3245,curated lexical match
BK_P03246,CON_003,guilt,3,3246,curated lexical match
BK_P03261,CON_003,guilt,4,3261,curated lexical match
BK_P03508,CON_003,guilt,1,3508,curated lexical match
BK_P03535,CON_003,guilt,1,3535,curated lexical match
BK_P03672,CON_003,guilt,1,3672,curated lexical match
BK_P03715,CON_003,guilt,1,3715,curated lexical match
BK_P03717,CON_003,guilt,1,3717,curated lexical match
BK_P03740,CON_003,guilt,1,3740,curated lexical match
BK_P03745,CON_003,guilt,1,3745,curated lexical match
BK_P03747,CON_003,guilt,1,3747,curated lexical match
BK_P03774,CON_003,guilt,1,3774,curated lexical match
BK_P03783,CON_003,guilt,1,3783,curated lexical match
BK_P03969,CON_003,guilt,1,3969,curated lexical match
BK_P04066,CON_003,guilt,1,4066,curated lexical match
BK_P04289,CON_003,guilt,1,4289,curated lexical match
BK_P04418,CON_003,guilt,2,4418,curated lexical match
BK_P04486,CON_003,guilt,3,4486,curated lexical match
BK_P04493,CON_003,guilt,1,4493,curated lexical match
BK_P04600,CON_003,guilt,1,4600,curated lexical match
BK_P04666,CON_003,guilt,1,4666,curated lexical match
BK_P04670,CON_003,guilt,1,4670,curated lexical match
BK_P04739,CON_003,guilt,1,4739,curated lexical match
BK_P04740,CON_003,guilt,1,4740,curated lexical match
BK_P04744,CON_003,guilt,1,4744,curated lexical match
BK_P04745,CON_003,guilt,1,4745,curated lexical match
BK_P04747,CON_003,guilt,3,4747,curated lexical match
BK_P04841,CON_003,guilt,1,4841,curated lexical match
BK_P04850,CON_003,guilt,1,4850,curated lexical match
BK_P04860,CON_003,guilt,2,4860,curated lexical match
BK_P04959,CON_003,guilt,1,4959,curated lexical match
BK_P04961,CON_003,guilt,4,4961,curated lexical match
BK_P05035,CON_003,guilt,2,5035,curated lexical match
BK_P05047,CON_003,guilt,1,5047,curated lexical match
BK_P05066,CON_003,guilt,1,5066,curated lexical match
BK_P05068,CON_003,guilt,3,5068,curated lexical match
BK_P05071,CON_003,guilt,5,5071,curated lexical match
BK_P05159,CON_003,guilt,1,5159,curated lexical match
BK_P05167,CON_003,guilt,1,5167,curated lexical match
BK_P05169,CON_003,guilt,1,5169,curated lexical match
BK_P05205,CON_003,guilt,1,5205,curated lexical match
BK_P05215,CON_003,guilt,1,5215,curated lexical match
BK_P05257,CON_003,guilt,1,5257,curated lexical match
BK_P05259,CON_003,guilt,4,5259,curated lexical match
BK_P05266,CON_003,guilt,1,5266,curated lexical match
BK_P05268,CON_003,guilt,2,5268,curated lexical match
BK_P05274,CON_003,guilt,1,5274,curated lexical match
BK_P05287,CON_003,guilt,3,5287,curated lexical match
BK_P05290,CON_003,guilt,2,5290,curated lexical match
BK_P05303,CON_003,guilt,3,5303,curated lexical match
BK_P05304,CON_003,guilt,2,5304,curated lexical match
BK_P05316,CON_003,guilt,1,5316,curated lexical match
BK_P05317,CON_003,guilt,1,5317,curated lexical match
BK_P05321,CON_003,guilt,1,5321,curated lexical match
BK_P05326,CON_003,guilt,3,5326,curated lexical match
BK_P05389,CON_003,guilt,1,5389,curated lexical match
BK_P05413,CON_003,guilt,1,5413,curated lexical match
BK_P05414,CON_003,guilt,1,5414,curated lexical match
BK_P05417,CON_003,guilt,2,5417,curated lexical match
BK_P05419,CON_003,guilt,1,5419,curated lexical match
BK_P05424,CON_003,guilt,2,5424,curated lexical match
BK_P05426,CON_003,guilt,1,5426,curated lexical match
BK_P05447,CON_003,guilt,2,5447,curated lexical match
BK_P05449,CON_003,guilt,3,5449,curated lexical match
BK_P05450,CON_003,guilt,1,5450,curated lexical match
BK_P05472,CON_003,guilt,1,5472,curated lexical match
BK_P05491,CON_003,guilt,1,5491,curated lexical match
BK_P05492,CON_003,guilt,1,5492,curated lexical match
BK_P05504,CON_003,guilt,1,5504,curated lexical match
BK_P05533,CON_003,guilt,1,5533,curated lexical match
BK_P05587,CON_003,guilt,1,5587,curated lexical match
BK_P00008,CON_004,responsibility,1,8,curated lexical match
BK_P00044,CON_004,responsibility,1,44,curated lexical match
BK_P00046,CON_004,responsibility,1,46,curated lexical match
BK_P00047,CON_004,responsibility,1,47,curated lexical match
BK_P00080,CON_004,responsibility,1,80,curated lexical match
BK_P00210,CON_004,responsibility,1,210,curated lexical match
BK_P00294,CON_004,responsibility,1,294,curated lexical match
BK_P00448,CON_004,responsibility,1,448,curated lexical match
BK_P00479,CON_004,responsibility,1,479,curated lexical match
BK_P00480,CON_004,responsibility,1,480,curated lexical match
BK_P00481,CON_004,responsibility,2,481,curated lexical match
BK_P00497,CON_004,responsibility,1,497,curated lexical match
BK_P00698,CON_004,responsibility,3,698,curated lexical match
BK_P00980,CON_004,responsibility,1,980,curated lexical match
BK_P00993,CON_004,responsibility,2,993,curated lexical match
BK_P01207,CON_004,responsibility,1,1207,curated lexical match
BK_P01218,CON_004,responsibility,2,1218,curated lexical match
BK_P01222,CON_004,responsibility,2,1222,curated lexical match
BK_P01438,CON_004,responsibility,1,1438,curated lexical match
BK_P01595,CON_004,responsibility,1,1595,curated lexical match
BK_P01616,CON_004,responsibility,1,1616,curated lexical match
BK_P01824,CON_004,responsibility,1,1824,curated lexical match
BK_P01857,CON_004,responsibility,1,1857,curated lexical match
BK_P01858,CON_004,responsibility,1,1858,curated lexical match
BK_P01904,CON_004,responsibility,2,1904,curated lexical match
BK_P01925,CON_004,responsibility,1,1925,curated lexical match
BK_P01945,CON_004,responsibility,1,1945,curated lexical match
BK_P01946,CON_004,responsibility,1,1946,curated lexical match
BK_P02000,CON_004,responsibility,1,2000,curated lexical match
BK_P02012,CON_004,responsibility,1,2012,curated lexical match
BK_P02040,CON_004,responsibility,2,2040,curated lexical match
BK_P02054,CON_004,responsibility,1,2054,curated lexical match
BK_P02142,CON_004,responsibility,2,2142,curated lexical match
BK_P03160,CON_004,responsibility,1,3160,curated lexical match
BK_P03317,CON_004,responsibility,1,3317,curated lexical match
BK_P03382,CON_004,responsibility,1,3382,curated lexical match
BK_P03480,CON_004,responsibility,2,3480,curated lexical match
BK_P03540,CON_004,responsibility,1,3540,curated lexical match
BK_P03832,CON_004,responsibility,1,3832,curated lexical match
BK_P04465,CON_004,responsibility,1,4465,curated lexical match
BK_P04475,CON_004,responsibility,1,4475,curated lexical match
BK_P04841,CON_004,responsibility,1,4841,curated lexical match
BK_P04989,CON_004,responsibility,1,4989,curated lexical match
BK_P05096,CON_004,responsibility,1,5096,curated lexical match
BK_P05112,CON_004,responsibility,1,5112,curated lexical match
BK_P05266,CON_004,responsibility,1,5266,curated lexical match
BK_P05288,CON_004,responsibility,1,5288,curated lexical match
BK_P05302,CON_004,responsibility,1,5302,curated lexical match
BK_P05326,CON_004,responsibility,1,5326,curated lexical match
BK_P05328,CON_004,responsibility,1,5328,curated lexical match
BK_P05416,CON_004,responsibility,1,5416,curated lexical match
BK_P05425,CON_004,responsibility,1,5425,curated lexical match
BK_P05430,CON_004,responsibility,1,5430,curated lexical match
BK_P05432,CON_004,responsibility,2,5432,curated lexical match
BK_P05439,CON_004,responsibility,2,5439,curated lexical match
BK_P05443,CON_004,responsibility,1,5443,curated lexical match
BK_P05449,CON_004,responsibility,1,5449,curated lexical match
BK_P05460,CON_004,responsibility,1,5460,curated lexical match
BK_P05506,CON_004,responsibility,2,5506,curated lexical match
BK_P05547,CON_004,responsibility,1,5547,curated lexical match
BK_P00045,CON_005,suffering,1,45,curated lexical match
BK_P00047,CON_005,suffering,1,47,curated lexical match
BK_P00149,CON_005,suffering,1,149,curated lexical match
BK_P00154,CON_005,suffering,1,154,curated lexical match
BK_P00158,CON_005,suffering,1,158,curated lexical match
BK_P00212,CON_005,suffering,1,212,curated lexical match
BK_P00222,CON_005,suffering,3,222,curated lexical match
BK_P00225,CON_005,suffering,1,225,curated lexical match
BK_P00227,CON_005,suffering,1,227,curated lexical match
BK_P00229,CON_005,suffering,1,229,curated lexical match
BK_P00235,CON_005,suffering,1,235,curated lexical match
BK_P00311,CON_005,suffering,2,311,curated lexical match
BK_P00365,CON_005,suffering,1,365,curated lexical match
BK_P00398,CON_005,suffering,1,398,curated lexical match
BK_P00540,CON_005,suffering,1,540,curated lexical match
BK_P00956,CON_005,suffering,1,956,curated lexical match
BK_P01133,CON_005,suffering,1,1133,curated lexical match
BK_P01157,CON_005,suffering,1,1157,curated lexical match
BK_P01167,CON_005,suffering,1,1167,curated lexical match
BK_P01168,CON_005,suffering,1,1168,curated lexical match
BK_P01190,CON_005,suffering,1,1190,curated lexical match
BK_P01194,CON_005,suffering,1,1194,curated lexical match
BK_P01211,CON_005,suffering,1,1211,curated lexical match
BK_P01222,CON_005,suffering,2,1222,curated lexical match
BK_P01416,CON_005,suffering,1,1416,curated lexical match
BK_P01514,CON_005,suffering,1,1514,curated lexical match
BK_P01589,CON_005,suffering,1,1589,curated lexical match
BK_P01597,CON_005,suffering,11,1597,curated lexical match
BK_P01603,CON_005,suffering,1,1603,curated lexical match
BK_P01605,CON_005,suffering,1,1605,curated lexical match
BK_P01606,CON_005,suffering,1,1606,curated lexical match
BK_P01616,CON_005,suffering,7,1616,curated lexical match
BK_P01627,CON_005,suffering,1,1627,curated lexical match
BK_P01629,CON_005,suffering,1,1629,curated lexical match
BK_P01632,CON_005,suffering,1,1632,curated lexical match
BK_P01645,CON_005,suffering,1,1645,curated lexical match
BK_P01646,CON_005,suffering,3,1646,curated lexical match
BK_P01647,CON_005,suffering,3,1647,curated lexical match
BK_P01651,CON_005,suffering,1,1651,curated lexical match
BK_P01656,CON_005,suffering,1,1656,curated lexical match
BK_P01787,CON_005,suffering,1,1787,curated lexical match
BK_P01803,CON_005,suffering,1,1803,curated lexical match
BK_P01805,CON_005,suffering,1,1805,curated lexical match
BK_P01839,CON_005,suffering,1,1839,curated lexical match
BK_P01840,CON_005,suffering,1,1840,curated lexical match
BK_P01855,CON_005,suffering,1,1855,curated lexical match
BK_P01947,CON_005,suffering,2,1947,curated lexical match
BK_P01961,CON_005,suffering,1,1961,curated lexical match
BK_P01968,CON_005,suffering,1,1968,curated lexical match
BK_P01991,CON_005,suffering,1,1991,curated lexical match
BK_P02044,CON_005,suffering,2,2044,curated lexical match
BK_P02047,CON_005,suffering,2,2047,curated lexical match
BK_P02049,CON_005,suffering,1,2049,curated lexical match
BK_P02050,CON_005,suffering,1,2050,curated lexical match
BK_P02053,CON_005,suffering,2,2053,curated lexical match
BK_P02122,CON_005,suffering,1,2122,curated lexical match
BK_P02278,CON_005,suffering,1,2278,curated lexical match
BK_P02353,CON_005,suffering,1,2353,curated lexical match
BK_P02521,CON_005,suffering,2,2521,curated lexical match
BK_P02531,CON_005,suffering,3,2531,curated lexical match
BK_P02533,CON_005,suffering,1,2533,curated lexical match
BK_P02733,CON_005,suffering,1,2733,curated lexical match
BK_P03105,CON_005,suffering,1,3105,curated lexical match
BK_P03201,CON_005,suffering,1,3201,curated lexical match
BK_P03276,CON_005,suffering,1,3276,curated lexical match
BK_P03287,CON_005,suffering,2,3287,curated lexical match
BK_P03509,CON_005,suffering,1,3509,curated lexical match
BK_P03604,CON_005,suffering,1,3604,curated lexical match
BK_P03695,CON_005,suffering,1,3695,curated lexical match
BK_P03732,CON_005,suffering,1,3732,curated lexical match
BK_P03745,CON_005,suffering,2,3745,curated lexical match
BK_P03778,CON_005,suffering,1,3778,curated lexical match
BK_P03992,CON_005,suffering,1,3992,curated lexical match
BK_P04031,CON_005,suffering,1,4031,curated lexical match
BK_P04040,CON_005,suffering,1,4040,curated lexical match
BK_P04165,CON_005,suffering,1,4165,curated lexical match
BK_P04321,CON_005,suffering,1,4321,curated lexical match
BK_P04326,CON_005,suffering,3,4326,curated lexical match
BK_P04465,CON_005,suffering,2,4465,curated lexical match
BK_P04467,CON_005,suffering,2,4467,curated lexical match
BK_P04475,CON_005,suffering,1,4475,curated lexical match
BK_P04486,CON_005,suffering,1,4486,curated lexical match
BK_P04560,CON_005,suffering,1,4560,curated lexical match
BK_P04605,CON_005,suffering,1,4605,curated lexical match
BK_P04739,CON_005,suffering,1,4739,curated lexical match
BK_P04769,CON_005,suffering,1,4769,curated lexical match
BK_P04901,CON_005,suffering,1,4901,curated lexical match
BK_P04912,CON_005,suffering,1,4912,curated lexical match
BK_P04914,CON_005,suffering,1,4914,curated lexical match
BK_P04927,CON_005,suffering,1,4927,curated lexical match
BK_P04951,CON_005,suffering,4,4951,curated lexical match
BK_P04961,CON_005,suffering,1,4961,curated lexical match
BK_P05047,CON_005,suffering,1,5047,curated lexical match
BK_P05096,CON_005,suffering,1,5096,curated lexical match
BK_P05263,CON_005,suffering,1,5263,curated lexical match
BK_P05287,CON_005,suffering,1,5287,curated lexical match
BK_P05306,CON_005,suffering,1,5306,curated lexical match
BK_P05319,CON_005,suffering,1,5319,curated lexical match
BK_P05325,CON_005,suffering,1,5325,curated lexical match
BK_P05403,CON_005,suffering,1,5403,curated lexical match
BK_P05414,CON_005,suffering,1,5414,curated lexical match
BK_P05417,CON_005,suffering,1,5417,curated lexical match
BK_P05449,CON_005,suffering,1,5449,curated lexical match
BK_P05504,CON_005,suffering,3,5504,curated lexical match
BK_P05506,CON_005,suffering,3,5506,curated lexical match
BK_P05516,CON_005,suffering,1,5516,curated lexical match
BK_P05528,CON_005,suffering,1,5528,curated lexical match
BK_P05547,CON_005,suffering,1,5547,curated lexical match
BK_P05550,CON_005,suffering,1,5550,curated lexical match
BK_P05555,CON_005,suffering,1,5555,curated lexical match
BK_P05557,CON_005,suffering,1,5557,curated lexical match
BK_P05561,CON_005,suffering,1,5561,curated lexical match
BK_P05640,CON_005,suffering,1,5640,curated lexical match
BK_P00003,CON_006,free_will,1,3,curated lexical match
BK_P00044,CON_006,free_will,2,44,curated lexical match
BK_P00046,CON_006,free_will,2,46,curated lexical match
BK_P00237,CON_006,free_will,1,237,curated lexical match
BK_P00401,CON_006,free_will,1,401,curated lexical match
BK_P00425,CON_006,free_will,1,425,curated lexical match
BK_P00556,CON_006,free_will,1,556,curated lexical match
BK_P00589,CON_006,free_will,1,589,curated lexical match
BK_P00591,CON_006,free_will,1,591,curated lexical match
BK_P00601,CON_006,free_will,1,601,curated lexical match
BK_P00836,CON_006,free_will,1,836,curated lexical match
BK_P01413,CON_006,free_will,1,1413,curated lexical match
BK_P01561,CON_006,free_will,1,1561,curated lexical match
BK_P01572,CON_006,free_will,1,1572,curated lexical match
BK_P01616,CON_006,free_will,1,1616,curated lexical match
BK_P01639,CON_006,free_will,7,1639,curated lexical match
BK_P01641,CON_006,free_will,1,1641,curated lexical match
BK_P01645,CON_006,free_will,7,1645,curated lexical match
BK_P01646,CON_006,free_will,13,1646,curated lexical match
BK_P01647,CON_006,free_will,6,1647,curated lexical match
BK_P01648,CON_006,free_will,1,1648,curated lexical match
BK_P01651,CON_006,free_will,1,1651,curated lexical match
BK_P01654,CON_006,free_will,2,1654,curated lexical match
BK_P01841,CON_006,free_will,1,1841,curated lexical match
BK_P02008,CON_006,free_will,2,2008,curated lexical match
BK_P02009,CON_006,free_will,1,2009,curated lexical match
BK_P02010,CON_006,free_will,2,2010,curated lexical match
BK_P02011,CON_006,free_will,1,2011,curated lexical match
BK_P02012,CON_006,free_will,2,2012,curated lexical match
BK_P02051,CON_006,free_will,1,2051,curated lexical match
BK_P02082,CON_006,free_will,1,2082,curated lexical match
BK_P02159,CON_006,free_will,2,2159,curated lexical match
BK_P02259,CON_006,free_will,3,2259,curated lexical match
BK_P02315,CON_006,free_will,1,2315,curated lexical match
BK_P02324,CON_006,free_will,1,2324,curated lexical match
BK_P02327,CON_006,free_will,1,2327,curated lexical match
BK_P02346,CON_006,free_will,1,2346,curated lexical match
BK_P03081,CON_006,free_will,1,3081,curated lexical match
BK_P03862,CON_006,free_will,1,3862,curated lexical match
BK_P03992,CON_006,free_will,1,3992,curated lexical match
BK_P04211,CON_006,free_will,1,4211,curated lexical match
BK_P04465,CON_006,free_will,1,4465,curated lexical match
BK_P04926,CON_006,free_will,1,4926,curated lexical match
BK_P05327,CON_006,free_will,1,5327,curated lexical match
BK_P00004,CON_007,money_inheritance,1,4,curated lexical match
BK_P00010,CON_007,money_inheritance,6,10,curated lexical match
BK_P00018,CON_007,money_inheritance,1,18,curated lexical match
BK_P00019,CON_007,money_inheritance,1,19,curated lexical match
BK_P00020,CON_007,money_inheritance,2,20,curated lexical match
BK_P00028,CON_007,money_inheritance,2,28,curated lexical match
BK_P00029,CON_007,money_inheritance,1,29,curated lexical match
BK_P00031,CON_007,money_inheritance,2,31,curated lexical match
BK_P00032,CON_007,money_inheritance,2,32,curated lexical match
BK_P00037,CON_007,money_inheritance,2,37,curated lexical match
BK_P00118,CON_007,money_inheritance,1,118,curated lexical match
BK_P00128,CON_007,money_inheritance,1,128,curated lexical match
BK_P00316,CON_007,money_inheritance,5,316,curated lexical match
BK_P00321,CON_007,money_inheritance,1,321,curated lexical match
BK_P00393,CON_007,money_inheritance,2,393,curated lexical match
BK_P00396,CON_007,money_inheritance,1,396,curated lexical match
BK_P00397,CON_007,money_inheritance,1,397,curated lexical match
BK_P00398,CON_007,money_inheritance,1,398,curated lexical match
BK_P00405,CON_007,money_inheritance,1,405,curated lexical match
BK_P00406,CON_007,money_inheritance,1,406,curated lexical match
BK_P00425,CON_007,money_inheritance,1,425,curated lexical match
BK_P00493,CON_007,money_inheritance,1,493,curated lexical match
BK_P00548,CON_007,money_inheritance,3,548,curated lexical match
BK_P00556,CON_007,money_inheritance,2,556,curated lexical match
BK_P00558,CON_007,money_inheritance,1,558,curated lexical match
BK_P00559,CON_007,money_inheritance,2,559,curated lexical match
BK_P00564,CON_007,money_inheritance,1,564,curated lexical match
BK_P00567,CON_007,money_inheritance,5,567,curated lexical match
BK_P00569,CON_007,money_inheritance,1,569,curated lexical match
BK_P00583,CON_007,money_inheritance,1,583,curated lexical match
BK_P00584,CON_007,money_inheritance,2,584,curated lexical match
BK_P00586,CON_007,money_inheritance,1,586,curated lexical match
BK_P00601,CON_007,money_inheritance,1,601,curated lexical match
BK_P00604,CON_007,money_inheritance,5,604,curated lexical match
BK_P00612,CON_007,money_inheritance,1,612,curated lexical match
BK_P00616,CON_007,money_inheritance,1,616,curated lexical match
BK_P00618,CON_007,money_inheritance,3,618,curated lexical match
BK_P00622,CON_007,money_inheritance,1,622,curated lexical match
BK_P00623,CON_007,money_inheritance,1,623,curated lexical match
BK_P00630,CON_007,money_inheritance,1,630,curated lexical match
BK_P00670,CON_007,money_inheritance,1,670,curated lexical match
BK_P00672,CON_007,money_inheritance,1,672,curated lexical match
BK_P00764,CON_007,money_inheritance,1,764,curated lexical match
BK_P00800,CON_007,money_inheritance,1,800,curated lexical match
BK_P00806,CON_007,money_inheritance,1,806,curated lexical match
BK_P00842,CON_007,money_inheritance,2,842,curated lexical match
BK_P00843,CON_007,money_inheritance,1,843,curated lexical match
BK_P00844,CON_007,money_inheritance,1,844,curated lexical match
BK_P00883,CON_007,money_inheritance,1,883,curated lexical match
BK_P00884,CON_007,money_inheritance,1,884,curated lexical match
BK_P00885,CON_007,money_inheritance,3,885,curated lexical match
BK_P00888,CON_007,money_inheritance,1,888,curated lexical match
BK_P00929,CON_007,money_inheritance,1,929,curated lexical match
BK_P00951,CON_007,money_inheritance,1,951,curated lexical match
BK_P00954,CON_007,money_inheritance,1,954,curated lexical match
BK_P00956,CON_007,money_inheritance,1,956,curated lexical match
BK_P00964,CON_007,money_inheritance,1,964,curated lexical match
BK_P01063,CON_007,money_inheritance,2,1063,curated lexical match
BK_P01065,CON_007,money_inheritance,2,1065,curated lexical match
BK_P01081,CON_007,money_inheritance,1,1081,curated lexical match
BK_P01247,CON_007,money_inheritance,1,1247,curated lexical match
BK_P01340,CON_007,money_inheritance,1,1340,curated lexical match
BK_P01346,CON_007,money_inheritance,1,1346,curated lexical match
BK_P01349,CON_007,money_inheritance,2,1349,curated lexical match
BK_P01355,CON_007,money_inheritance,2,1355,curated lexical match
BK_P01357,CON_007,money_inheritance,1,1357,curated lexical match
BK_P01358,CON_007,money_inheritance,1,1358,curated lexical match
BK_P01366,CON_007,money_inheritance,4,1366,curated lexical match
BK_P01369,CON_007,money_inheritance,1,1369,curated lexical match
BK_P01376,CON_007,money_inheritance,1,1376,curated lexical match
BK_P01378,CON_007,money_inheritance,1,1378,curated lexical match
BK_P01379,CON_007,money_inheritance,1,1379,curated lexical match
BK_P01382,CON_007,money_inheritance,1,1382,curated lexical match
BK_P01384,CON_007,money_inheritance,5,1384,curated lexical match
BK_P01386,CON_007,money_inheritance,4,1386,curated lexical match
BK_P01389,CON_007,money_inheritance,1,1389,curated lexical match
BK_P01392,CON_007,money_inheritance,1,1392,curated lexical match
BK_P01493,CON_007,money_inheritance,1,1493,curated lexical match
BK_P01732,CON_007,money_inheritance,1,1732,curated lexical match
BK_P01733,CON_007,money_inheritance,3,1733,curated lexical match
BK_P01746,CON_007,money_inheritance,1,1746,curated lexical match
BK_P01763,CON_007,money_inheritance,1,1763,curated lexical match
BK_P01798,CON_007,money_inheritance,2,1798,curated lexical match
BK_P01849,CON_007,money_inheritance,1,1849,curated lexical match
BK_P01852,CON_007,money_inheritance,1,1852,curated lexical match
BK_P01929,CON_007,money_inheritance,1,1929,curated lexical match
BK_P01941,CON_007,money_inheritance,1,1941,curated lexical match
BK_P01945,CON_007,money_inheritance,1,1945,curated lexical match
BK_P02014,CON_007,money_inheritance,1,2014,curated lexical match
BK_P02026,CON_007,money_inheritance,2,2026,curated lexical match
BK_P02027,CON_007,money_inheritance,1,2027,curated lexical match
BK_P02154,CON_007,money_inheritance,1,2154,curated lexical match
BK_P02170,CON_007,money_inheritance,1,2170,curated lexical match
BK_P02232,CON_007,money_inheritance,1,2232,curated lexical match
BK_P02237,CON_007,money_inheritance,1,2237,curated lexical match
BK_P02242,CON_007,money_inheritance,1,2242,curated lexical match
BK_P02259,CON_007,money_inheritance,1,2259,curated lexical match
BK_P02282,CON_007,money_inheritance,1,2282,curated lexical match
BK_P02329,CON_007,money_inheritance,4,2329,curated lexical match
BK_P02330,CON_007,money_inheritance,2,2330,curated lexical match
BK_P02331,CON_007,money_inheritance,4,2331,curated lexical match
BK_P02332,CON_007,money_inheritance,4,2332,curated lexical match
BK_P02343,CON_007,money_inheritance,1,2343,curated lexical match
BK_P02367,CON_007,money_inheritance,1,2367,curated lexical match
BK_P02369,CON_007,money_inheritance,1,2369,curated lexical match
BK_P02370,CON_007,money_inheritance,1,2370,curated lexical match
BK_P02376,CON_007,money_inheritance,1,2376,curated lexical match
BK_P02419,CON_007,money_inheritance,1,2419,curated lexical match
BK_P02429,CON_007,money_inheritance,2,2429,curated lexical match
BK_P02435,CON_007,money_inheritance,1,2435,curated lexical match
BK_P02460,CON_007,money_inheritance,2,2460,curated lexical match
BK_P02471,CON_007,money_inheritance,1,2471,curated lexical match
BK_P02483,CON_007,money_inheritance,1,2483,curated lexical match
BK_P02484,CON_007,money_inheritance,4,2484,curated lexical match
BK_P02487,CON_007,money_inheritance,1,2487,curated lexical match
BK_P02563,CON_007,money_inheritance,1,2563,curated lexical match
BK_P02564,CON_007,money_inheritance,3,2564,curated lexical match
BK_P02565,CON_007,money_inheritance,1,2565,curated lexical match
BK_P02573,CON_007,money_inheritance,2,2573,curated lexical match
BK_P02575,CON_007,money_inheritance,1,2575,curated lexical match
BK_P02584,CON_007,money_inheritance,1,2584,curated lexical match
BK_P02586,CON_007,money_inheritance,1,2586,curated lexical match
BK_P02604,CON_007,money_inheritance,1,2604,curated lexical match
BK_P02605,CON_007,money_inheritance,1,2605,curated lexical match
BK_P02611,CON_007,money_inheritance,1,2611,curated lexical match
BK_P02639,CON_007,money_inheritance,1,2639,curated lexical match
BK_P02640,CON_007,money_inheritance,1,2640,curated lexical match
BK_P02650,CON_007,money_inheritance,2,2650,curated lexical match
BK_P02663,CON_007,money_inheritance,1,2663,curated lexical match
BK_P02688,CON_007,money_inheritance,1,2688,curated lexical match
BK_P02690,CON_007,money_inheritance,1,2690,curated lexical match
BK_P02768,CON_007,money_inheritance,2,2768,curated lexical match
BK_P02775,CON_007,money_inheritance,1,2775,curated lexical match
BK_P02792,CON_007,money_inheritance,1,2792,curated lexical match
BK_P02827,CON_007,money_inheritance,1,2827,curated lexical match
BK_P02922,CON_007,money_inheritance,1,2922,curated lexical match
BK_P02943,CON_007,money_inheritance,2,2943,curated lexical match
BK_P02945,CON_007,money_inheritance,2,2945,curated lexical match
BK_P02949,CON_007,money_inheritance,1,2949,curated lexical match
BK_P02953,CON_007,money_inheritance,1,2953,curated lexical match
BK_P02974,CON_007,money_inheritance,1,2974,curated lexical match
BK_P02979,CON_007,money_inheritance,1,2979,curated lexical match
BK_P02980,CON_007,money_inheritance,1,2980,curated lexical match
BK_P02982,CON_007,money_inheritance,1,2982,curated lexical match
BK_P02995,CON_007,money_inheritance,1,2995,curated lexical match
BK_P02997,CON_007,money_inheritance,1,2997,curated lexical match
BK_P02999,CON_007,money_inheritance,1,2999,curated lexical match
BK_P03018,CON_007,money_inheritance,1,3018,curated lexical match
BK_P03032,CON_007,money_inheritance,2,3032,curated lexical match
BK_P03087,CON_007,money_inheritance,1,3087,curated lexical match
BK_P03091,CON_007,money_inheritance,1,3091,curated lexical match
BK_P03137,CON_007,money_inheritance,1,3137,curated lexical match
BK_P03138,CON_007,money_inheritance,3,3138,curated lexical match
BK_P03167,CON_007,money_inheritance,1,3167,curated lexical match
BK_P03181,CON_007,money_inheritance,3,3181,curated lexical match
BK_P03183,CON_007,money_inheritance,1,3183,curated lexical match
BK_P03184,CON_007,money_inheritance,2,3184,curated lexical match
BK_P03195,CON_007,money_inheritance,1,3195,curated lexical match
BK_P03198,CON_007,money_inheritance,1,3198,curated lexical match
BK_P03223,CON_007,money_inheritance,1,3223,curated lexical match
BK_P03227,CON_007,money_inheritance,1,3227,curated lexical match
BK_P03270,CON_007,money_inheritance,1,3270,curated lexical match
BK_P03271,CON_007,money_inheritance,1,3271,curated lexical match
BK_P03272,CON_007,money_inheritance,1,3272,curated lexical match
BK_P03275,CON_007,money_inheritance,1,3275,curated lexical match
BK_P03304,CON_007,money_inheritance,1,3304,curated lexical match
BK_P03313,CON_007,money_inheritance,1,3313,curated lexical match
BK_P03314,CON_007,money_inheritance,2,3314,curated lexical match
BK_P03320,CON_007,money_inheritance,1,3320,curated lexical match
BK_P03395,CON_007,money_inheritance,2,3395,curated lexical match
BK_P03438,CON_007,money_inheritance,3,3438,curated lexical match
BK_P03440,CON_007,money_inheritance,1,3440,curated lexical match
BK_P03454,CON_007,money_inheritance,1,3454,curated lexical match
BK_P03468,CON_007,money_inheritance,1,3468,curated lexical match
BK_P03469,CON_007,money_inheritance,2,3469,curated lexical match
BK_P03470,CON_007,money_inheritance,1,3470,curated lexical match
BK_P03479,CON_007,money_inheritance,1,3479,curated lexical match
BK_P03494,CON_007,money_inheritance,2,3494,curated lexical match
BK_P03496,CON_007,money_inheritance,2,3496,curated lexical match
BK_P03530,CON_007,money_inheritance,1,3530,curated lexical match
BK_P03550,CON_007,money_inheritance,1,3550,curated lexical match
BK_P03561,CON_007,money_inheritance,1,3561,curated lexical match
BK_P03563,CON_007,money_inheritance,1,3563,curated lexical match
BK_P03567,CON_007,money_inheritance,1,3567,curated lexical match
BK_P03569,CON_007,money_inheritance,1,3569,curated lexical match
BK_P03580,CON_007,money_inheritance,1,3580,curated lexical match
BK_P03582,CON_007,money_inheritance,1,3582,curated lexical match
BK_P03587,CON_007,money_inheritance,1,3587,curated lexical match
BK_P03593,CON_007,money_inheritance,1,3593,curated lexical match
BK_P03595,CON_007,money_inheritance,1,3595,curated lexical match
BK_P03596,CON_007,money_inheritance,1,3596,curated lexical match
BK_P03597,CON_007,money_inheritance,1,3597,curated lexical match
BK_P03602,CON_007,money_inheritance,1,3602,curated lexical match
BK_P03608,CON_007,money_inheritance,1,3608,curated lexical match
BK_P03610,CON_007,money_inheritance,2,3610,curated lexical match
BK_P03616,CON_007,money_inheritance,1,3616,curated lexical match
BK_P03618,CON_007,money_inheritance,1,3618,curated lexical match
BK_P03623,CON_007,money_inheritance,2,3623,curated lexical match
BK_P03626,CON_007,money_inheritance,1,3626,curated lexical match
BK_P03630,CON_007,money_inheritance,1,3630,curated lexical match
BK_P03641,CON_007,money_inheritance,1,3641,curated lexical match
BK_P03673,CON_007,money_inheritance,1,3673,curated lexical match
BK_P03674,CON_007,money_inheritance,1,3674,curated lexical match
BK_P03677,CON_007,money_inheritance,1,3677,curated lexical match
BK_P03684,CON_007,money_inheritance,1,3684,curated lexical match
BK_P03687,CON_007,money_inheritance,1,3687,curated lexical match
BK_P03688,CON_007,money_inheritance,1,3688,curated lexical match
BK_P03692,CON_007,money_inheritance,1,3692,curated lexical match
BK_P03698,CON_007,money_inheritance,1,3698,curated lexical match
BK_P03702,CON_007,money_inheritance,1,3702,curated lexical match
BK_P03703,CON_007,money_inheritance,1,3703,curated lexical match
BK_P03719,CON_007,money_inheritance,5,3719,curated lexical match
BK_P03855,CON_007,money_inheritance,1,3855,curated lexical match
BK_P03998,CON_007,money_inheritance,1,3998,curated lexical match
BK_P04076,CON_007,money_inheritance,1,4076,curated lexical match
BK_P04252,CON_007,money_inheritance,1,4252,curated lexical match
BK_P04253,CON_007,money_inheritance,2,4253,curated lexical match
BK_P04321,CON_007,money_inheritance,2,4321,curated lexical match
BK_P04469,CON_007,money_inheritance,1,4469,curated lexical match
BK_P04491,CON_007,money_inheritance,1,4491,curated lexical match
BK_P04526,CON_007,money_inheritance,1,4526,curated lexical match
BK_P04601,CON_007,money_inheritance,2,4601,curated lexical match
BK_P04635,CON_007,money_inheritance,1,4635,curated lexical match
BK_P04717,CON_007,money_inheritance,1,4717,curated lexical match
BK_P04720,CON_007,money_inheritance,1,4720,curated lexical match
BK_P04742,CON_007,money_inheritance,3,4742,curated lexical match
BK_P04746,CON_007,money_inheritance,1,4746,curated lexical match
BK_P04807,CON_007,money_inheritance,1,4807,curated lexical match
BK_P04836,CON_007,money_inheritance,1,4836,curated lexical match
BK_P04837,CON_007,money_inheritance,3,4837,curated lexical match
BK_P04839,CON_007,money_inheritance,2,4839,curated lexical match
BK_P04840,CON_007,money_inheritance,1,4840,curated lexical match
BK_P04843,CON_007,money_inheritance,2,4843,curated lexical match
BK_P04845,CON_007,money_inheritance,1,4845,curated lexical match
BK_P04849,CON_007,money_inheritance,2,4849,curated lexical match
BK_P04870,CON_007,money_inheritance,1,4870,curated lexical match
BK_P04872,CON_007,money_inheritance,1,4872,curated lexical match
BK_P04875,CON_007,money_inheritance,1,4875,curated lexical match
BK_P04880,CON_007,money_inheritance,1,4880,curated lexical match
BK_P04882,CON_007,money_inheritance,1,4882,curated lexical match
BK_P04885,CON_007,money_inheritance,1,4885,curated lexical match
BK_P05074,CON_007,money_inheritance,3,5074,curated lexical match
BK_P05075,CON_007,money_inheritance,2,5075,curated lexical match
BK_P05106,CON_007,money_inheritance,1,5106,curated lexical match
BK_P05107,CON_007,money_inheritance,1,5107,curated lexical match
BK_P05118,CON_007,money_inheritance,1,5118,curated lexical match
BK_P05124,CON_007,money_inheritance,3,5124,curated lexical match
BK_P05125,CON_007,money_inheritance,1,5125,curated lexical match
BK_P05126,CON_007,money_inheritance,2,5126,curated lexical match
BK_P05127,CON_007,money_inheritance,1,5127,curated lexical match
BK_P05131,CON_007,money_inheritance,1,5131,curated lexical match
BK_P05151,CON_007,money_inheritance,2,5151,curated lexical match
BK_P05177,CON_007,money_inheritance,2,5177,curated lexical match
BK_P05182,CON_007,money_inheritance,3,5182,curated lexical match
BK_P05184,CON_007,money_inheritance,6,5184,curated lexical match
BK_P05187,CON_007,money_inheritance,2,5187,curated lexical match
BK_P05207,CON_007,money_inheritance,2,5207,curated lexical match
BK_P05223,CON_007,money_inheritance,2,5223,curated lexical match
BK_P05231,CON_007,money_inheritance,1,5231,curated lexical match
BK_P05233,CON_007,money_inheritance,2,5233,curated lexical match
BK_P05250,CON_007,money_inheritance,6,5250,curated lexical match
BK_P05251,CON_007,money_inheritance,1,5251,curated lexical match
BK_P05253,CON_007,money_inheritance,4,5253,curated lexical match
BK_P05257,CON_007,money_inheritance,1,5257,curated lexical match
BK_P05268,CON_007,money_inheritance,1,5268,curated lexical match
BK_P05274,CON_007,money_inheritance,1,5274,curated lexical match
BK_P05275,CON_007,money_inheritance,1,5275,curated lexical match
BK_P05276,CON_007,money_inheritance,4,5276,curated lexical match
BK_P05281,CON_007,money_inheritance,2,5281,curated lexical match
BK_P05282,CON_007,money_inheritance,1,5282,curated lexical match
BK_P05283,CON_007,money_inheritance,1,5283,curated lexical match
BK_P05290,CON_007,money_inheritance,1,5290,curated lexical match
BK_P05295,CON_007,money_inheritance,1,5295,curated lexical match
BK_P05296,CON_007,money_inheritance,4,5296,curated lexical match
BK_P05298,CON_007,money_inheritance,4,5298,curated lexical match
BK_P05300,CON_007,money_inheritance,1,5300,curated lexical match
BK_P05304,CON_007,money_inheritance,1,5304,curated lexical match
BK_P05305,CON_007,money_inheritance,2,5305,curated lexical match
BK_P05306,CON_007,money_inheritance,1,5306,curated lexical match
BK_P05309,CON_007,money_inheritance,3,5309,curated lexical match
BK_P05315,CON_007,money_inheritance,2,5315,curated lexical match
BK_P05323,CON_007,money_inheritance,7,5323,curated lexical match
BK_P05324,CON_007,money_inheritance,1,5324,curated lexical match
BK_P05388,CON_007,money_inheritance,1,5388,curated lexical match
BK_P05391,CON_007,money_inheritance,1,5391,curated lexical match
BK_P05393,CON_007,money_inheritance,1,5393,curated lexical match
BK_P05395,CON_007,money_inheritance,5,5395,curated lexical match
BK_P05396,CON_007,money_inheritance,3,5396,curated lexical match
BK_P05397,CON_007,money_inheritance,2,5397,curated lexical match
BK_P05398,CON_007,money_inheritance,1,5398,curated lexical match
BK_P05399,CON_007,money_inheritance,4,5399,curated lexical match
BK_P05400,CON_007,money_inheritance,2,5400,curated lexical match
BK_P05401,CON_007,money_inheritance,1,5401,curated lexical match
BK_P05402,CON_007,money_inheritance,4,5402,curated lexical match
BK_P05403,CON_007,money_inheritance,4,5403,curated lexical match
BK_P05404,CON_007,money_inheritance,2,5404,curated lexical match
BK_P05406,CON_007,money_inheritance,1,5406,curated lexical match
BK_P05408,CON_007,money_inheritance,4,5408,curated lexical match
BK_P05418,CON_007,money_inheritance,3,5418,curated lexical match
BK_P05421,CON_007,money_inheritance,3,5421,curated lexical match
BK_P05432,CON_007,money_inheritance,2,5432,curated lexical match
BK_P05445,CON_007,money_inheritance,1,5445,curated lexical match
BK_P05454,CON_007,money_inheritance,1,5454,curated lexical match
BK_P05503,CON_007,money_inheritance,1,5503,curated lexical match
BK_P05550,CON_007,money_inheritance,1,5550,curated lexical match
BK_P05582,CON_007,money_inheritance,1,5582,curated lexical match
BK_P00026,CON_008,justice,1,26,curated lexical match
BK_P00037,CON_008,justice,1,37,curated lexical match
BK_P00055,CON_008,justice,1,55,curated lexical match
BK_P00258,CON_008,justice,1,258,curated lexical match
BK_P00272,CON_008,justice,2,272,curated lexical match
BK_P00274,CON_008,justice,2,274,curated lexical match
BK_P00278,CON_008,justice,9,278,curated lexical match
BK_P00289,CON_008,justice,1,289,curated lexical match
BK_P00299,CON_008,justice,7,299,curated lexical match
BK_P00300,CON_008,justice,1,300,curated lexical match
BK_P00313,CON_008,justice,2,313,curated lexical match
BK_P00316,CON_008,justice,2,316,curated lexical match
BK_P00320,CON_008,justice,1,320,curated lexical match
BK_P00374,CON_008,justice,1,374,curated lexical match
BK_P00376,CON_008,justice,2,376,curated lexical match
BK_P00377,CON_008,justice,1,377,curated lexical match
BK_P00383,CON_008,justice,1,383,curated lexical match
BK_P00501,CON_008,justice,1,501,curated lexical match
BK_P00528,CON_008,justice,1,528,curated lexical match
BK_P00679,CON_008,justice,1,679,curated lexical match
BK_P00680,CON_008,justice,1,680,curated lexical match
BK_P00698,CON_008,justice,1,698,curated lexical match
BK_P00983,CON_008,justice,1,983,curated lexical match
BK_P01069,CON_008,justice,1,1069,curated lexical match
BK_P01331,CON_008,justice,1,1331,curated lexical match
BK_P01333,CON_008,justice,1,1333,curated lexical match
BK_P01339,CON_008,justice,3,1339,curated lexical match
BK_P01355,CON_008,justice,1,1355,curated lexical match
BK_P01603,CON_008,justice,4,1603,curated lexical match
BK_P01616,CON_008,justice,2,1616,curated lexical match
BK_P01632,CON_008,justice,2,1632,curated lexical match
BK_P01645,CON_008,justice,2,1645,curated lexical match
BK_P01646,CON_008,justice,1,1646,curated lexical match
BK_P01647,CON_008,justice,1,1647,curated lexical match
BK_P01648,CON_008,justice,1,1648,curated lexical match
BK_P01763,CON_008,justice,1,1763,curated lexical match
BK_P01839,CON_008,justice,1,1839,curated lexical match
BK_P01856,CON_008,justice,1,1856,curated lexical match
BK_P01900,CON_008,justice,1,1900,curated lexical match
BK_P01927,CON_008,justice,1,1927,curated lexical match
BK_P01939,CON_008,justice,1,1939,curated lexical match
BK_P01940,CON_008,justice,1,1940,curated lexical match
BK_P01943,CON_008,justice,1,1943,curated lexical match
BK_P01948,CON_008,justice,1,1948,curated lexical match
BK_P01990,CON_008,justice,1,1990,curated lexical match
BK_P01992,CON_008,justice,1,1992,curated lexical match
BK_P02003,CON_008,justice,1,2003,curated lexical match
BK_P02016,CON_008,justice,3,2016,curated lexical match
BK_P02032,CON_008,justice,1,2032,curated lexical match
BK_P02041,CON_008,justice,1,2041,curated lexical match
BK_P02043,CON_008,justice,1,2043,curated lexical match
BK_P02044,CON_008,justice,8,2044,curated lexical match
BK_P02095,CON_008,justice,1,2095,curated lexical match
BK_P02114,CON_008,justice,4,2114,curated lexical match
BK_P02136,CON_008,justice,1,2136,curated lexical match
BK_P02161,CON_008,justice,1,2161,curated lexical match
BK_P02222,CON_008,justice,1,2222,curated lexical match
BK_P02242,CON_008,justice,1,2242,curated lexical match
BK_P02248,CON_008,justice,1,2248,curated lexical match
BK_P02328,CON_008,justice,1,2328,curated lexical match
BK_P02345,CON_008,justice,2,2345,curated lexical match
BK_P02353,CON_008,justice,1,2353,curated lexical match
BK_P02414,CON_008,justice,1,2414,curated lexical match
BK_P02565,CON_008,justice,1,2565,curated lexical match
BK_P02774,CON_008,justice,1,2774,curated lexical match
BK_P02824,CON_008,justice,1,2824,curated lexical match
BK_P03209,CON_008,justice,1,3209,curated lexical match
BK_P03210,CON_008,justice,1,3210,curated lexical match
BK_P03218,CON_008,justice,1,3218,curated lexical match
BK_P03239,CON_008,justice,1,3239,curated lexical match
BK_P03294,CON_008,justice,1,3294,curated lexical match
BK_P03349,CON_008,justice,1,3349,curated lexical match
BK_P03372,CON_008,justice,1,3372,curated lexical match
BK_P03382,CON_008,justice,1,3382,curated lexical match
BK_P03426,CON_008,justice,1,3426,curated lexical match
BK_P03561,CON_008,justice,2,3561,curated lexical match
BK_P03677,CON_008,justice,1,3677,curated lexical match
BK_P03740,CON_008,justice,1,3740,curated lexical match
BK_P03785,CON_008,justice,1,3785,curated lexical match
BK_P03787,CON_008,justice,1,3787,curated lexical match
BK_P03858,CON_008,justice,1,3858,curated lexical match
BK_P03867,CON_008,justice,1,3867,curated lexical match
BK_P03888,CON_008,justice,1,3888,curated lexical match
BK_P04073,CON_008,justice,1,4073,curated lexical match
BK_P04076,CON_008,justice,4,4076,curated lexical match
BK_P04230,CON_008,justice,1,4230,curated lexical match
BK_P04235,CON_008,justice,1,4235,curated lexical match
BK_P04245,CON_008,justice,1,4245,curated lexical match
BK_P04291,CON_008,justice,1,4291,curated lexical match
BK_P04300,CON_008,justice,1,4300,curated lexical match
BK_P04302,CON_008,justice,1,4302,curated lexical match
BK_P04307,CON_008,justice,3,4307,curated lexical match
BK_P04321,CON_008,justice,2,4321,curated lexical match
BK_P04326,CON_008,justice,4,4326,curated lexical match
BK_P04372,CON_008,justice,1,4372,curated lexical match
BK_P04373,CON_008,justice,2,4373,curated lexical match
BK_P04390,CON_008,justice,1,4390,curated lexical match
BK_P04427,CON_008,justice,1,4427,curated lexical match
BK_P04428,CON_008,justice,4,4428,curated lexical match
BK_P04467,CON_008,justice,1,4467,curated lexical match
BK_P04473,CON_008,justice,2,4473,curated lexical match
BK_P04475,CON_008,justice,2,4475,curated lexical match
BK_P04486,CON_008,justice,1,4486,curated lexical match
BK_P04494,CON_008,justice,2,4494,curated lexical match
BK_P04525,CON_008,justice,1,4525,curated lexical match
BK_P04555,CON_008,justice,1,4555,curated lexical match
BK_P04561,CON_008,justice,1,4561,curated lexical match
BK_P04730,CON_008,justice,1,4730,curated lexical match
BK_P04733,CON_008,justice,2,4733,curated lexical match
BK_P04736,CON_008,justice,1,4736,curated lexical match
BK_P04745,CON_008,justice,1,4745,curated lexical match
BK_P04746,CON_008,justice,1,4746,curated lexical match
BK_P04773,CON_008,justice,1,4773,curated lexical match
BK_P04845,CON_008,justice,2,4845,curated lexical match
BK_P04860,CON_008,justice,3,4860,curated lexical match
BK_P04884,CON_008,justice,1,4884,curated lexical match
BK_P04885,CON_008,justice,1,4885,curated lexical match
BK_P04999,CON_008,justice,1,4999,curated lexical match
BK_P05048,CON_008,justice,2,5048,curated lexical match
BK_P05049,CON_008,justice,1,5049,curated lexical match
BK_P05050,CON_008,justice,3,5050,curated lexical match
BK_P05052,CON_008,justice,2,5052,curated lexical match
BK_P05053,CON_008,justice,2,5053,curated lexical match
BK_P05054,CON_008,justice,1,5054,curated lexical match
BK_P05055,CON_008,justice,1,5055,curated lexical match
BK_P05056,CON_008,justice,4,5056,curated lexical match
BK_P05057,CON_008,justice,2,5057,curated lexical match
BK_P05058,CON_008,justice,1,5058,curated lexical match
BK_P05059,CON_008,justice,2,5059,curated lexical match
BK_P05060,CON_008,justice,1,5060,curated lexical match
BK_P05061,CON_008,justice,1,5061,curated lexical match
BK_P05070,CON_008,justice,1,5070,curated lexical match
BK_P05071,CON_008,justice,3,5071,curated lexical match
BK_P05073,CON_008,justice,1,5073,curated lexical match
BK_P05074,CON_008,justice,1,5074,curated lexical match
BK_P05083,CON_008,justice,1,5083,curated lexical match
BK_P05090,CON_008,justice,1,5090,curated lexical match
BK_P05092,CON_008,justice,1,5092,curated lexical match
BK_P05107,CON_008,justice,1,5107,curated lexical match
BK_P05113,CON_008,justice,1,5113,curated lexical match
BK_P05132,CON_008,justice,1,5132,curated lexical match
BK_P05134,CON_008,justice,1,5134,curated lexical match
BK_P05135,CON_008,justice,1,5135,curated lexical match
BK_P05136,CON_008,justice,2,5136,curated lexical match
BK_P05137,CON_008,justice,2,5137,curated lexical match
BK_P05157,CON_008,justice,1,5157,curated lexical match
BK_P05169,CON_008,justice,1,5169,curated lexical match
BK_P05182,CON_008,justice,2,5182,curated lexical match
BK_P05186,CON_008,justice,1,5186,curated lexical match
BK_P05187,CON_008,justice,1,5187,curated lexical match
BK_P05190,CON_008,justice,1,5190,curated lexical match
BK_P05192,CON_008,justice,1,5192,curated lexical match
BK_P05210,CON_008,justice,2,5210,curated lexical match
BK_P05213,CON_008,justice,1,5213,curated lexical match
BK_P05214,CON_008,justice,1,5214,curated lexical match
BK_P05217,CON_008,justice,1,5217,curated lexical match
BK_P05224,CON_008,justice,1,5224,curated lexical match
BK_P05228,CON_008,justice,1,5228,curated lexical match
BK_P05232,CON_008,justice,1,5232,curated lexical match
BK_P05244,CON_008,justice,2,5244,curated lexical match
BK_P05246,CON_008,justice,4,5246,curated lexical match
BK_P05248,CON_008,justice,2,5248,curated lexical match
BK_P05250,CON_008,justice,2,5250,curated lexical match
BK_P05253,CON_008,justice,1,5253,curated lexical match
BK_P05254,CON_008,justice,1,5254,curated lexical match
BK_P05262,CON_008,justice,1,5262,curated lexical match
BK_P05263,CON_008,justice,3,5263,curated lexical match
BK_P05264,CON_008,justice,1,5264,curated lexical match
BK_P05266,CON_008,justice,1,5266,curated lexical match
BK_P05267,CON_008,justice,1,5267,curated lexical match
BK_P05270,CON_008,justice,1,5270,curated lexical match
BK_P05280,CON_008,justice,1,5280,curated lexical match
BK_P05281,CON_008,justice,2,5281,curated lexical match
BK_P05282,CON_008,justice,1,5282,curated lexical match
BK_P05296,CON_008,justice,1,5296,curated lexical match
BK_P05298,CON_008,justice,1,5298,curated lexical match
BK_P05302,CON_008,justice,3,5302,curated lexical match
BK_P05304,CON_008,justice,1,5304,curated lexical match
BK_P05305,CON_008,justice,1,5305,curated lexical match
BK_P05307,CON_008,justice,2,5307,curated lexical match
BK_P05310,CON_008,justice,1,5310,curated lexical match
BK_P05314,CON_008,justice,1,5314,curated lexical match
BK_P05315,CON_008,justice,1,5315,curated lexical match
BK_P05319,CON_008,justice,2,5319,curated lexical match
BK_P05331,CON_008,justice,1,5331,curated lexical match
BK_P05333,CON_008,justice,2,5333,curated lexical match
BK_P05334,CON_008,justice,2,5334,curated lexical match
BK_P05336,CON_008,justice,1,5336,curated lexical match
BK_P05387,CON_008,justice,1,5387,curated lexical match
BK_P05390,CON_008,justice,1,5390,curated lexical match
BK_P05401,CON_008,justice,1,5401,curated lexical match
BK_P05402,CON_008,justice,1,5402,curated lexical match
BK_P05410,CON_008,justice,2,5410,curated lexical match
BK_P05411,CON_008,justice,1,5411,curated lexical match
BK_P05417,CON_008,justice,3,5417,curated lexical match
BK_P05418,CON_008,justice,2,5418,curated lexical match
BK_P05425,CON_008,justice,1,5425,curated lexical match
BK_P05427,CON_008,justice,1,5427,curated lexical match
BK_P05433,CON_008,justice,1,5433,curated lexical match
BK_P05441,CON_008,justice,2,5441,curated lexical match
BK_P05444,CON_008,justice,2,5444,curated lexical match
BK_P05450,CON_008,justice,4,5450,curated lexical match
BK_P05455,CON_008,justice,1,5455,curated lexical match
BK_P05456,CON_008,justice,2,5456,curated lexical match
BK_P05461,CON_008,justice,1,5461,curated lexical match
BK_P05481,CON_008,justice,1,5481,curated lexical match
BK_P05489,CON_008,justice,1,5489,curated lexical match
BK_P05490,CON_008,justice,3,5490,curated lexical match
BK_P05491,CON_008,justice,2,5491,curated lexical match
BK_P05493,CON_008,justice,3,5493,curated lexical match
BK_P05498,CON_008,justice,3,5498,curated lexical match
BK_P05501,CON_008,justice,1,5501,curated lexical match
BK_P05503,CON_008,justice,2,5503,curated lexical match
BK_P05504,CON_008,justice,2,5504,curated lexical match
BK_P05528,CON_008,justice,1,5528,curated lexical match
BK_P05547,CON_008,justice,3,5547,curated lexical match
BK_P05552,CON_008,justice,1,5552,curated lexical match
BK_P00003,CON_009,love,1,3,curated lexical match
BK_P00004,CON_009,love,1,4,curated lexical match
BK_P00026,CON_009,love,3,26,curated lexical match
BK_P00027,CON_009,love,3,27,curated lexical match
BK_P00046,CON_009,love,1,46,curated lexical match
BK_P00048,CON_009,love,2,48,curated lexical match
BK_P00049,CON_009,love,1,49,curated lexical match
BK_P00052,CON_009,love,1,52,curated lexical match
BK_P00056,CON_009,love,1,56,curated lexical match
BK_P00118,CON_009,love,1,118,curated lexical match
BK_P00128,CON_009,love,1,128,curated lexical match
BK_P00130,CON_009,love,2,130,curated lexical match
BK_P00185,CON_009,love,6,185,curated lexical match
BK_P00193,CON_009,love,1,193,curated lexical match
BK_P00199,CON_009,love,3,199,curated lexical match
BK_P00232,CON_009,love,4,232,curated lexical match
BK_P00233,CON_009,love,2,233,curated lexical match
BK_P00235,CON_009,love,4,235,curated lexical match
BK_P00237,CON_009,love,4,237,curated lexical match
BK_P00239,CON_009,love,1,239,curated lexical match
BK_P00241,CON_009,love,5,241,curated lexical match
BK_P00244,CON_009,love,1,244,curated lexical match
BK_P00278,CON_009,love,1,278,curated lexical match
BK_P00299,CON_009,love,4,299,curated lexical match
BK_P00332,CON_009,love,2,332,curated lexical match
BK_P00333,CON_009,love,1,333,curated lexical match
BK_P00389,CON_009,love,1,389,curated lexical match
BK_P00393,CON_009,love,1,393,curated lexical match
BK_P00401,CON_009,love,1,401,curated lexical match
BK_P00428,CON_009,love,1,428,curated lexical match
BK_P00439,CON_009,love,1,439,curated lexical match
BK_P00483,CON_009,love,1,483,curated lexical match
BK_P00484,CON_009,love,2,484,curated lexical match
BK_P00518,CON_009,love,1,518,curated lexical match
BK_P00520,CON_009,love,3,520,curated lexical match
BK_P00542,CON_009,love,1,542,curated lexical match
BK_P00548,CON_009,love,5,548,curated lexical match
BK_P00574,CON_009,love,2,574,curated lexical match
BK_P00586,CON_009,love,6,586,curated lexical match
BK_P00587,CON_009,love,1,587,curated lexical match
BK_P00589,CON_009,love,1,589,curated lexical match
BK_P00691,CON_009,love,2,691,curated lexical match
BK_P00757,CON_009,love,1,757,curated lexical match
BK_P00758,CON_009,love,1,758,curated lexical match
BK_P00772,CON_009,love,1,772,curated lexical match
BK_P00776,CON_009,love,2,776,curated lexical match
BK_P00778,CON_009,love,1,778,curated lexical match
BK_P00868,CON_009,love,2,868,curated lexical match
BK_P00870,CON_009,love,1,870,curated lexical match
BK_P00871,CON_009,love,1,871,curated lexical match
BK_P00872,CON_009,love,1,872,curated lexical match
BK_P00889,CON_009,love,1,889,curated lexical match
BK_P00893,CON_009,love,2,893,curated lexical match
BK_P00899,CON_009,love,4,899,curated lexical match
BK_P00907,CON_009,love,1,907,curated lexical match
BK_P00956,CON_009,love,4,956,curated lexical match
BK_P00981,CON_009,love,1,981,curated lexical match
BK_P00983,CON_009,love,3,983,curated lexical match
BK_P00986,CON_009,love,1,986,curated lexical match
BK_P00989,CON_009,love,1,989,curated lexical match
BK_P00993,CON_009,love,6,993,curated lexical match
BK_P01046,CON_009,love,1,1046,curated lexical match
BK_P01079,CON_009,love,4,1079,curated lexical match
BK_P01083,CON_009,love,1,1083,curated lexical match
BK_P01095,CON_009,love,1,1095,curated lexical match
BK_P01179,CON_009,love,1,1179,curated lexical match
BK_P01206,CON_009,love,5,1206,curated lexical match
BK_P01207,CON_009,love,3,1207,curated lexical match
BK_P01208,CON_009,love,1,1208,curated lexical match
BK_P01209,CON_009,love,4,1209,curated lexical match
BK_P01211,CON_009,love,4,1211,curated lexical match
BK_P01212,CON_009,love,1,1212,curated lexical match
BK_P01217,CON_009,love,1,1217,curated lexical match
BK_P01237,CON_009,love,2,1237,curated lexical match
BK_P01239,CON_009,love,3,1239,curated lexical match
BK_P01243,CON_009,love,8,1243,curated lexical match
BK_P01250,CON_009,love,1,1250,curated lexical match
BK_P01257,CON_009,love,1,1257,curated lexical match
BK_P01270,CON_009,love,1,1270,curated lexical match
BK_P01304,CON_009,love,1,1304,curated lexical match
BK_P01423,CON_009,love,1,1423,curated lexical match
BK_P01440,CON_009,love,1,1440,curated lexical match
BK_P01461,CON_009,love,1,1461,curated lexical match
BK_P01534,CON_009,love,1,1534,curated lexical match
BK_P01539,CON_009,love,1,1539,curated lexical match
BK_P01540,CON_009,love,1,1540,curated lexical match
BK_P01544,CON_009,love,6,1544,curated lexical match
BK_P01545,CON_009,love,2,1545,curated lexical match
BK_P01546,CON_009,love,1,1546,curated lexical match
BK_P01547,CON_009,love,2,1547,curated lexical match
BK_P01562,CON_009,love,1,1562,curated lexical match
BK_P01563,CON_009,love,2,1563,curated lexical match
BK_P01566,CON_009,love,1,1566,curated lexical match
BK_P01567,CON_009,love,3,1567,curated lexical match
BK_P01578,CON_009,love,1,1578,curated lexical match
BK_P01589,CON_009,love,1,1589,curated lexical match
BK_P01595,CON_009,love,5,1595,curated lexical match
BK_P01596,CON_009,love,3,1596,curated lexical match
BK_P01597,CON_009,love,6,1597,curated lexical match
BK_P01604,CON_009,love,1,1604,curated lexical match
BK_P01616,CON_009,love,1,1616,curated lexical match
BK_P01627,CON_009,love,1,1627,curated lexical match
BK_P01629,CON_009,love,1,1629,curated lexical match
BK_P01633,CON_009,love,2,1633,curated lexical match
BK_P01645,CON_009,love,1,1645,curated lexical match
BK_P01646,CON_009,love,2,1646,curated lexical match
BK_P01647,CON_009,love,8,1647,curated lexical match
BK_P01648,CON_009,love,2,1648,curated lexical match
BK_P01654,CON_009,love,1,1654,curated lexical match
BK_P01656,CON_009,love,1,1656,curated lexical match
BK_P01662,CON_009,love,2,1662,curated lexical match
BK_P01677,CON_009,love,2,1677,curated lexical match
BK_P01792,CON_009,love,2,1792,curated lexical match
BK_P01806,CON_009,love,3,1806,curated lexical match
BK_P01807,CON_009,love,1,1807,curated lexical match
BK_P01810,CON_009,love,1,1810,curated lexical match
BK_P01819,CON_009,love,2,1819,curated lexical match
BK_P01825,CON_009,love,1,1825,curated lexical match
BK_P01828,CON_009,love,1,1828,curated lexical match
BK_P01832,CON_009,love,1,1832,curated lexical match
BK_P01838,CON_009,love,3,1838,curated lexical match
BK_P01839,CON_009,love,3,1839,curated lexical match
BK_P01840,CON_009,love,4,1840,curated lexical match
BK_P01841,CON_009,love,1,1841,curated lexical match
BK_P01843,CON_009,love,1,1843,curated lexical match
BK_P01852,CON_009,love,1,1852,curated lexical match
BK_P01853,CON_009,love,2,1853,curated lexical match
BK_P01854,CON_009,love,1,1854,curated lexical match
BK_P01856,CON_009,love,1,1856,curated lexical match
BK_P01903,CON_009,love,1,1903,curated lexical match
BK_P01929,CON_009,love,1,1929,curated lexical match
BK_P01930,CON_009,love,1,1930,curated lexical match
BK_P01940,CON_009,love,1,1940,curated lexical match
BK_P01942,CON_009,love,1,1942,curated lexical match
BK_P01944,CON_009,love,2,1944,curated lexical match
BK_P01946,CON_009,love,1,1946,curated lexical match
BK_P01961,CON_009,love,1,1961,curated lexical match
BK_P01994,CON_009,love,1,1994,curated lexical match
BK_P02000,CON_009,love,1,2000,curated lexical match
BK_P02011,CON_009,love,2,2011,curated lexical match
BK_P02012,CON_009,love,1,2012,curated lexical match
BK_P02014,CON_009,love,1,2014,curated lexical match
BK_P02034,CON_009,love,1,2034,curated lexical match
BK_P02035,CON_009,love,1,2035,curated lexical match
BK_P02036,CON_009,love,14,2036,curated lexical match
BK_P02037,CON_009,love,2,2037,curated lexical match
BK_P02038,CON_009,love,4,2038,curated lexical match
BK_P02039,CON_009,love,1,2039,curated lexical match
BK_P02045,CON_009,love,1,2045,curated lexical match
BK_P02047,CON_009,love,7,2047,curated lexical match
BK_P02049,CON_009,love,11,2049,curated lexical match
BK_P02050,CON_009,love,5,2050,curated lexical match
BK_P02069,CON_009,love,1,2069,curated lexical match
BK_P02072,CON_009,love,1,2072,curated lexical match
BK_P02080,CON_009,love,1,2080,curated lexical match
BK_P02109,CON_009,love,1,2109,curated lexical match
BK_P02111,CON_009,love,3,2111,curated lexical match
BK_P02114,CON_009,love,3,2114,curated lexical match
BK_P02116,CON_009,love,3,2116,curated lexical match
BK_P02158,CON_009,love,2,2158,curated lexical match
BK_P02202,CON_009,love,2,2202,curated lexical match
BK_P02204,CON_009,love,1,2204,curated lexical match
BK_P02208,CON_009,love,1,2208,curated lexical match
BK_P02239,CON_009,love,1,2239,curated lexical match
BK_P02240,CON_009,love,1,2240,curated lexical match
BK_P02250,CON_009,love,2,2250,curated lexical match
BK_P02252,CON_009,love,3,2252,curated lexical match
BK_P02255,CON_009,love,2,2255,curated lexical match
BK_P02267,CON_009,love,2,2267,curated lexical match
BK_P02278,CON_009,love,2,2278,curated lexical match
BK_P02292,CON_009,love,1,2292,curated lexical match
BK_P02297,CON_009,love,1,2297,curated lexical match
BK_P02312,CON_009,love,1,2312,curated lexical match
BK_P02316,CON_009,love,3,2316,curated lexical match
BK_P02321,CON_009,love,1,2321,curated lexical match
BK_P02323,CON_009,love,1,2323,curated lexical match
BK_P02334,CON_009,love,2,2334,curated lexical match
BK_P02370,CON_009,love,1,2370,curated lexical match
BK_P02422,CON_009,love,1,2422,curated lexical match
BK_P02426,CON_009,love,1,2426,curated lexical match
BK_P02427,CON_009,love,2,2427,curated lexical match
BK_P02428,CON_009,love,1,2428,curated lexical match
BK_P02471,CON_009,love,2,2471,curated lexical match
BK_P02552,CON_009,love,1,2552,curated lexical match
BK_P02558,CON_009,love,1,2558,curated lexical match
BK_P02631,CON_009,love,2,2631,curated lexical match
BK_P02676,CON_009,love,2,2676,curated lexical match
BK_P02683,CON_009,love,1,2683,curated lexical match
BK_P02723,CON_009,love,1,2723,curated lexical match
BK_P02725,CON_009,love,2,2725,curated lexical match
BK_P02728,CON_009,love,2,2728,curated lexical match
BK_P02757,CON_009,love,7,2757,curated lexical match
BK_P02799,CON_009,love,1,2799,curated lexical match
BK_P02830,CON_009,love,1,2830,curated lexical match
BK_P03047,CON_009,love,1,3047,curated lexical match
BK_P03054,CON_009,love,1,3054,curated lexical match
BK_P03055,CON_009,love,1,3055,curated lexical match
BK_P03056,CON_009,love,1,3056,curated lexical match
BK_P03057,CON_009,love,1,3057,curated lexical match
BK_P03059,CON_009,love,1,3059,curated lexical match
BK_P03060,CON_009,love,1,3060,curated lexical match
BK_P03063,CON_009,love,1,3063,curated lexical match
BK_P03065,CON_009,love,1,3065,curated lexical match
BK_P03066,CON_009,love,1,3066,curated lexical match
BK_P03091,CON_009,love,1,3091,curated lexical match
BK_P03092,CON_009,love,1,3092,curated lexical match
BK_P03100,CON_009,love,4,3100,curated lexical match
BK_P03102,CON_009,love,2,3102,curated lexical match
BK_P03104,CON_009,love,6,3104,curated lexical match
BK_P03105,CON_009,love,2,3105,curated lexical match
BK_P03138,CON_009,love,4,3138,curated lexical match
BK_P03139,CON_009,love,3,3139,curated lexical match
BK_P03140,CON_009,love,1,3140,curated lexical match
BK_P03142,CON_009,love,1,3142,curated lexical match
BK_P03201,CON_009,love,2,3201,curated lexical match
BK_P03288,CON_009,love,2,3288,curated lexical match
BK_P03433,CON_009,love,1,3433,curated lexical match
BK_P03467,CON_009,love,1,3467,curated lexical match
BK_P03578,CON_009,love,1,3578,curated lexical match
BK_P03597,CON_009,love,1,3597,curated lexical match
BK_P03602,CON_009,love,1,3602,curated lexical match
BK_P03684,CON_009,love,1,3684,curated lexical match
BK_P03697,CON_009,love,1,3697,curated lexical match
BK_P03755,CON_009,love,2,3755,curated lexical match
BK_P03778,CON_009,love,1,3778,curated lexical match
BK_P03779,CON_009,love,1,3779,curated lexical match
BK_P03785,CON_009,love,1,3785,curated lexical match
BK_P03992,CON_009,love,1,3992,curated lexical match
BK_P04122,CON_009,love,2,4122,curated lexical match
BK_P04123,CON_009,love,1,4123,curated lexical match
BK_P04170,CON_009,love,1,4170,curated lexical match
BK_P04175,CON_009,love,1,4175,curated lexical match
BK_P04180,CON_009,love,1,4180,curated lexical match
BK_P04181,CON_009,love,1,4181,curated lexical match
BK_P04211,CON_009,love,1,4211,curated lexical match
BK_P04258,CON_009,love,1,4258,curated lexical match
BK_P04260,CON_009,love,1,4260,curated lexical match
BK_P04289,CON_009,love,1,4289,curated lexical match
BK_P04290,CON_009,love,1,4290,curated lexical match
BK_P04314,CON_009,love,2,4314,curated lexical match
BK_P04321,CON_009,love,1,4321,curated lexical match
BK_P04339,CON_009,love,2,4339,curated lexical match
BK_P04346,CON_009,love,2,4346,curated lexical match
BK_P04349,CON_009,love,1,4349,curated lexical match
BK_P04356,CON_009,love,1,4356,curated lexical match
BK_P04368,CON_009,love,1,4368,curated lexical match
BK_P04372,CON_009,love,1,4372,curated lexical match
BK_P04373,CON_009,love,3,4373,curated lexical match
BK_P04379,CON_009,love,2,4379,curated lexical match
BK_P04406,CON_009,love,1,4406,curated lexical match
BK_P04407,CON_009,love,1,4407,curated lexical match
BK_P04410,CON_009,love,1,4410,curated lexical match
BK_P04412,CON_009,love,1,4412,curated lexical match
BK_P04434,CON_009,love,1,4434,curated lexical match
BK_P04465,CON_009,love,2,4465,curated lexical match
BK_P04469,CON_009,love,3,4469,curated lexical match
BK_P04480,CON_009,love,4,4480,curated lexical match
BK_P04482,CON_009,love,3,4482,curated lexical match
BK_P04511,CON_009,love,1,4511,curated lexical match
BK_P04512,CON_009,love,1,4512,curated lexical match
BK_P04600,CON_009,love,1,4600,curated lexical match
BK_P04633,CON_009,love,1,4633,curated lexical match
BK_P04670,CON_009,love,3,4670,curated lexical match
BK_P04742,CON_009,love,4,4742,curated lexical match
BK_P04745,CON_009,love,1,4745,curated lexical match
BK_P04927,CON_009,love,2,4927,curated lexical match
BK_P04997,CON_009,love,4,4997,curated lexical match
BK_P04999,CON_009,love,1,4999,curated lexical match
BK_P05031,CON_009,love,1,5031,curated lexical match
BK_P05033,CON_009,love,2,5033,curated lexical match
BK_P05052,CON_009,love,1,5052,curated lexical match
BK_P05159,CON_009,love,1,5159,curated lexical match
BK_P05255,CON_009,love,2,5255,curated lexical match
BK_P05257,CON_009,love,2,5257,curated lexical match
BK_P05259,CON_009,love,1,5259,curated lexical match
BK_P05261,CON_009,love,6,5261,curated lexical match
BK_P05270,CON_009,love,1,5270,curated lexical match
BK_P05276,CON_009,love,2,5276,curated lexical match
BK_P05283,CON_009,love,1,5283,curated lexical match
BK_P05290,CON_009,love,1,5290,curated lexical match
BK_P05312,CON_009,love,1,5312,curated lexical match
BK_P05314,CON_009,love,2,5314,curated lexical match
BK_P05315,CON_009,love,1,5315,curated lexical match
BK_P05316,CON_009,love,1,5316,curated lexical match
BK_P05319,CON_009,love,1,5319,curated lexical match
BK_P05320,CON_009,love,2,5320,curated lexical match
BK_P05403,CON_009,love,3,5403,curated lexical match
BK_P05404,CON_009,love,1,5404,curated lexical match
BK_P05414,CON_009,love,5,5414,curated lexical match
BK_P05418,CON_009,love,1,5418,curated lexical match
BK_P05430,CON_009,love,1,5430,curated lexical match
BK_P05432,CON_009,love,1,5432,curated lexical match
BK_P05433,CON_009,love,1,5433,curated lexical match
BK_P05436,CON_009,love,2,5436,curated lexical match
BK_P05437,CON_009,love,1,5437,curated lexical match
BK_P05442,CON_009,love,3,5442,curated lexical match
BK_P05443,CON_009,love,2,5443,curated lexical match
BK_P05448,CON_009,love,1,5448,curated lexical match
BK_P05449,CON_009,love,1,5449,curated lexical match
BK_P05455,CON_009,love,1,5455,curated lexical match
BK_P05458,CON_009,love,1,5458,curated lexical match
BK_P05503,CON_009,love,5,5503,curated lexical match
BK_P05506,CON_009,love,1,5506,curated lexical match
BK_P05543,CON_009,love,1,5543,curated lexical match
BK_P05550,CON_009,love,3,5550,curated lexical match
BK_P05561,CON_009,love,2,5561,curated lexical match
BK_P05562,CON_009,love,7,5562,curated lexical match
BK_P05563,CON_009,love,2,5563,curated lexical match
BK_P05596,CON_009,love,1,5596,curated lexical match
BK_P05600,CON_009,love,1,5600,curated lexical match
BK_P05640,CON_009,love,1,5640,curated lexical match
BK_P05647,CON_009,love,1,5647,curated lexical match
BK_P05650,CON_009,love,1,5650,curated lexical match
BK_P05651,CON_009,love,2,5651,curated lexical match
BK_P00002,CON_010,family,1,2,curated lexical match
BK_P00003,CON_010,family,3,3,curated lexical match
BK_P00004,CON_010,family,2,4,curated lexical match
BK_P00005,CON_010,family,1,5,curated lexical match
BK_P00006,CON_010,family,1,6,curated lexical match
BK_P00007,CON_010,family,3,7,curated lexical match
BK_P00008,CON_010,family,4,8,curated lexical match
BK_P00009,CON_010,family,2,9,curated lexical match
BK_P00010,CON_010,family,4,10,curated lexical match
BK_P00011,CON_010,family,1,11,curated lexical match
BK_P00014,CON_010,family,4,14,curated lexical match
BK_P00018,CON_010,family,6,18,curated lexical match
BK_P00019,CON_010,family,2,19,curated lexical match
BK_P00020,CON_010,family,2,20,curated lexical match
BK_P00021,CON_010,family,2,21,curated lexical match
BK_P00022,CON_010,family,1,22,curated lexical match
BK_P00023,CON_010,family,3,23,curated lexical match
BK_P00024,CON_010,family,3,24,curated lexical match
BK_P00025,CON_010,family,1,25,curated lexical match
BK_P00026,CON_010,family,9,26,curated lexical match
BK_P00027,CON_010,family,1,27,curated lexical match
BK_P00028,CON_010,family,2,28,curated lexical match
BK_P00031,CON_010,family,4,31,curated lexical match
BK_P00033,CON_010,family,3,33,curated lexical match
BK_P00035,CON_010,family,2,35,curated lexical match
BK_P00038,CON_010,family,1,38,curated lexical match
BK_P00043,CON_010,family,2,43,curated lexical match
BK_P00047,CON_010,family,2,47,curated lexical match
BK_P00048,CON_010,family,2,48,curated lexical match
BK_P00053,CON_010,family,7,53,curated lexical match
BK_P00054,CON_010,family,6,54,curated lexical match
BK_P00056,CON_010,family,5,56,curated lexical match
BK_P00060,CON_010,family,1,60,curated lexical match
BK_P00065,CON_010,family,1,65,curated lexical match
BK_P00075,CON_010,family,1,75,curated lexical match
BK_P00079,CON_010,family,1,79,curated lexical match
BK_P00081,CON_010,family,2,81,curated lexical match
BK_P00082,CON_010,family,1,82,curated lexical match
BK_P00093,CON_010,family,1,93,curated lexical match
BK_P00103,CON_010,family,2,103,curated lexical match
BK_P00104,CON_010,family,1,104,curated lexical match
BK_P00105,CON_010,family,1,105,curated lexical match
BK_P00109,CON_010,family,1,109,curated lexical match
BK_P00113,CON_010,family,1,113,curated lexical match
BK_P00114,CON_010,family,1,114,curated lexical match
BK_P00118,CON_010,family,2,118,curated lexical match
BK_P00119,CON_010,family,1,119,curated lexical match
BK_P00124,CON_010,family,1,124,curated lexical match
BK_P00127,CON_010,family,1,127,curated lexical match
BK_P00132,CON_010,family,5,132,curated lexical match
BK_P00134,CON_010,family,1,134,curated lexical match
BK_P00142,CON_010,family,1,142,curated lexical match
BK_P00146,CON_010,family,2,146,curated lexical match
BK_P00147,CON_010,family,1,147,curated lexical match
BK_P00148,CON_010,family,2,148,curated lexical match
BK_P00153,CON_010,family,2,153,curated lexical match
BK_P00155,CON_010,family,1,155,curated lexical match
BK_P00156,CON_010,family,4,156,curated lexical match
BK_P00158,CON_010,family,4,158,curated lexical match
BK_P00159,CON_010,family,6,159,curated lexical match
BK_P00161,CON_010,family,2,161,curated lexical match
BK_P00163,CON_010,family,2,163,curated lexical match
BK_P00165,CON_010,family,5,165,curated lexical match
BK_P00166,CON_010,family,2,166,curated lexical match
BK_P00167,CON_010,family,1,167,curated lexical match
BK_P00168,CON_010,family,3,168,curated lexical match
BK_P00169,CON_010,family,1,169,curated lexical match
BK_P00172,CON_010,family,2,172,curated lexical match
BK_P00188,CON_010,family,1,188,curated lexical match
BK_P00192,CON_010,family,1,192,curated lexical match
BK_P00194,CON_010,family,1,194,curated lexical match
BK_P00195,CON_010,family,1,195,curated lexical match
BK_P00207,CON_010,family,1,207,curated lexical match
BK_P00210,CON_010,family,1,210,curated lexical match
BK_P00215,CON_010,family,1,215,curated lexical match
BK_P00219,CON_010,family,1,219,curated lexical match
BK_P00256,CON_010,family,1,256,curated lexical match
BK_P00258,CON_010,family,1,258,curated lexical match
BK_P00260,CON_010,family,1,260,curated lexical match
BK_P00261,CON_010,family,1,261,curated lexical match
BK_P00264,CON_010,family,1,264,curated lexical match
BK_P00266,CON_010,family,1,266,curated lexical match
BK_P00267,CON_010,family,1,267,curated lexical match
BK_P00269,CON_010,family,1,269,curated lexical match
BK_P00270,CON_010,family,1,270,curated lexical match
BK_P00278,CON_010,family,5,278,curated lexical match
BK_P00279,CON_010,family,1,279,curated lexical match
BK_P00281,CON_010,family,1,281,curated lexical match
BK_P00283,CON_010,family,1,283,curated lexical match
BK_P00286,CON_010,family,1,286,curated lexical match
BK_P00289,CON_010,family,1,289,curated lexical match
BK_P00290,CON_010,family,1,290,curated lexical match
BK_P00291,CON_010,family,1,291,curated lexical match
BK_P00294,CON_010,family,1,294,curated lexical match
BK_P00295,CON_010,family,2,295,curated lexical match
BK_P00296,CON_010,family,1,296,curated lexical match
BK_P00301,CON_010,family,1,301,curated lexical match
BK_P00313,CON_010,family,2,313,curated lexical match
BK_P00314,CON_010,family,1,314,curated lexical match
BK_P00315,CON_010,family,2,315,curated lexical match
BK_P00316,CON_010,family,2,316,curated lexical match
BK_P00318,CON_010,family,1,318,curated lexical match
BK_P00320,CON_010,family,3,320,curated lexical match
BK_P00321,CON_010,family,4,321,curated lexical match
BK_P00322,CON_010,family,1,322,curated lexical match
BK_P00323,CON_010,family,3,323,curated lexical match
BK_P00324,CON_010,family,1,324,curated lexical match
BK_P00326,CON_010,family,1,326,curated lexical match
BK_P00328,CON_010,family,1,328,curated lexical match
BK_P00329,CON_010,family,1,329,curated lexical match
BK_P00332,CON_010,family,1,332,curated lexical match
BK_P00333,CON_010,family,1,333,curated lexical match
BK_P00336,CON_010,family,2,336,curated lexical match
BK_P00342,CON_010,family,2,342,curated lexical match
BK_P00343,CON_010,family,2,343,curated lexical match
BK_P00345,CON_010,family,1,345,curated lexical match
BK_P00352,CON_010,family,1,352,curated lexical match
BK_P00354,CON_010,family,1,354,curated lexical match
BK_P00357,CON_010,family,1,357,curated lexical match
BK_P00358,CON_010,family,1,358,curated lexical match
BK_P00360,CON_010,family,1,360,curated lexical match
BK_P00363,CON_010,family,2,363,curated lexical match
BK_P00364,CON_010,family,1,364,curated lexical match
BK_P00365,CON_010,family,2,365,curated lexical match
BK_P00367,CON_010,family,1,367,curated lexical match
BK_P00368,CON_010,family,1,368,curated lexical match
BK_P00369,CON_010,family,1,369,curated lexical match
BK_P00370,CON_010,family,1,370,curated lexical match
BK_P00376,CON_010,family,3,376,curated lexical match
BK_P00383,CON_010,family,2,383,curated lexical match
BK_P00385,CON_010,family,3,385,curated lexical match
BK_P00387,CON_010,family,2,387,curated lexical match
BK_P00389,CON_010,family,4,389,curated lexical match
BK_P00391,CON_010,family,2,391,curated lexical match
BK_P00393,CON_010,family,9,393,curated lexical match
BK_P00401,CON_010,family,1,401,curated lexical match
BK_P00404,CON_010,family,2,404,curated lexical match
BK_P00407,CON_010,family,1,407,curated lexical match
BK_P00409,CON_010,family,2,409,curated lexical match
BK_P00417,CON_010,family,3,417,curated lexical match
BK_P00420,CON_010,family,8,420,curated lexical match
BK_P00423,CON_010,family,3,423,curated lexical match
BK_P00425,CON_010,family,3,425,curated lexical match
BK_P00426,CON_010,family,4,426,curated lexical match
BK_P00427,CON_010,family,3,427,curated lexical match
BK_P00429,CON_010,family,1,429,curated lexical match
BK_P00432,CON_010,family,1,432,curated lexical match
BK_P00434,CON_010,family,2,434,curated lexical match
BK_P00439,CON_010,family,1,439,curated lexical match
BK_P00441,CON_010,family,2,441,curated lexical match
BK_P00443,CON_010,family,1,443,curated lexical match
BK_P00448,CON_010,family,5,448,curated lexical match
BK_P00451,CON_010,family,1,451,curated lexical match
BK_P00452,CON_010,family,3,452,curated lexical match
BK_P00453,CON_010,family,1,453,curated lexical match
BK_P00454,CON_010,family,1,454,curated lexical match
BK_P00455,CON_010,family,1,455,curated lexical match
BK_P00457,CON_010,family,1,457,curated lexical match
BK_P00459,CON_010,family,2,459,curated lexical match
BK_P00461,CON_010,family,1,461,curated lexical match
BK_P00463,CON_010,family,1,463,curated lexical match
BK_P00469,CON_010,family,1,469,curated lexical match
BK_P00479,CON_010,family,2,479,curated lexical match
BK_P00483,CON_010,family,2,483,curated lexical match
BK_P00484,CON_010,family,1,484,curated lexical match
BK_P00485,CON_010,family,1,485,curated lexical match
BK_P00486,CON_010,family,1,486,curated lexical match
BK_P00491,CON_010,family,1,491,curated lexical match
BK_P00493,CON_010,family,4,493,curated lexical match
BK_P00494,CON_010,family,1,494,curated lexical match
BK_P00496,CON_010,family,1,496,curated lexical match
BK_P00497,CON_010,family,2,497,curated lexical match
BK_P00500,CON_010,family,5,500,curated lexical match
BK_P00501,CON_010,family,2,501,curated lexical match
BK_P00502,CON_010,family,2,502,curated lexical match
BK_P00503,CON_010,family,1,503,curated lexical match
BK_P00504,CON_010,family,3,504,curated lexical match
BK_P00515,CON_010,family,2,515,curated lexical match
BK_P00521,CON_010,family,1,521,curated lexical match
BK_P00522,CON_010,family,4,522,curated lexical match
BK_P00528,CON_010,family,2,528,curated lexical match
BK_P00537,CON_010,family,1,537,curated lexical match
BK_P00541,CON_010,family,1,541,curated lexical match
BK_P00542,CON_010,family,2,542,curated lexical match
BK_P00546,CON_010,family,2,546,curated lexical match
BK_P00548,CON_010,family,3,548,curated lexical match
BK_P00556,CON_010,family,5,556,curated lexical match
BK_P00558,CON_010,family,2,558,curated lexical match
BK_P00559,CON_010,family,2,559,curated lexical match
BK_P00564,CON_010,family,1,564,curated lexical match
BK_P00567,CON_010,family,1,567,curated lexical match
BK_P00572,CON_010,family,2,572,curated lexical match
BK_P00601,CON_010,family,1,601,curated lexical match
BK_P00609,CON_010,family,1,609,curated lexical match
BK_P00612,CON_010,family,1,612,curated lexical match
BK_P00613,CON_010,family,1,613,curated lexical match
BK_P00616,CON_010,family,2,616,curated lexical match
BK_P00625,CON_010,family,1,625,curated lexical match
BK_P00626,CON_010,family,1,626,curated lexical match
BK_P00627,CON_010,family,1,627,curated lexical match
BK_P00636,CON_010,family,1,636,curated lexical match
BK_P00640,CON_010,family,1,640,curated lexical match
BK_P00641,CON_010,family,1,641,curated lexical match
BK_P00642,CON_010,family,1,642,curated lexical match
BK_P00646,CON_010,family,1,646,curated lexical match
BK_P00649,CON_010,family,1,649,curated lexical match
BK_P00688,CON_010,family,1,688,curated lexical match
BK_P00692,CON_010,family,1,692,curated lexical match
BK_P00711,CON_010,family,1,711,curated lexical match
BK_P00720,CON_010,family,1,720,curated lexical match
BK_P00773,CON_010,family,1,773,curated lexical match
BK_P00778,CON_010,family,1,778,curated lexical match
BK_P00779,CON_010,family,3,779,curated lexical match
BK_P00780,CON_010,family,3,780,curated lexical match
BK_P00781,CON_010,family,4,781,curated lexical match
BK_P00782,CON_010,family,2,782,curated lexical match
BK_P00790,CON_010,family,1,790,curated lexical match
BK_P00793,CON_010,family,1,793,curated lexical match
BK_P00813,CON_010,family,1,813,curated lexical match
BK_P00815,CON_010,family,1,815,curated lexical match
BK_P00821,CON_010,family,1,821,curated lexical match
BK_P00826,CON_010,family,1,826,curated lexical match
BK_P00834,CON_010,family,1,834,curated lexical match
BK_P00839,CON_010,family,1,839,curated lexical match
BK_P00849,CON_010,family,1,849,curated lexical match
BK_P00854,CON_010,family,2,854,curated lexical match
BK_P00856,CON_010,family,1,856,curated lexical match
BK_P00862,CON_010,family,1,862,curated lexical match
BK_P00863,CON_010,family,5,863,curated lexical match
BK_P00864,CON_010,family,1,864,curated lexical match
BK_P00868,CON_010,family,2,868,curated lexical match
BK_P00870,CON_010,family,1,870,curated lexical match
BK_P00872,CON_010,family,1,872,curated lexical match
BK_P00884,CON_010,family,1,884,curated lexical match
BK_P00887,CON_010,family,1,887,curated lexical match
BK_P00888,CON_010,family,1,888,curated lexical match
BK_P00899,CON_010,family,1,899,curated lexical match
BK_P00943,CON_010,family,1,943,curated lexical match
BK_P00954,CON_010,family,2,954,curated lexical match
BK_P00956,CON_010,family,1,956,curated lexical match
BK_P00962,CON_010,family,1,962,curated lexical match
BK_P00964,CON_010,family,1,964,curated lexical match
BK_P00965,CON_010,family,2,965,curated lexical match
BK_P00966,CON_010,family,1,966,curated lexical match
BK_P00967,CON_010,family,1,967,curated lexical match
BK_P00976,CON_010,family,1,976,curated lexical match
BK_P00978,CON_010,family,3,978,curated lexical match
BK_P00980,CON_010,family,1,980,curated lexical match
BK_P00981,CON_010,family,4,981,curated lexical match
BK_P00982,CON_010,family,2,982,curated lexical match
BK_P00984,CON_010,family,1,984,curated lexical match
BK_P00990,CON_010,family,2,990,curated lexical match
BK_P00993,CON_010,family,1,993,curated lexical match
BK_P00995,CON_010,family,1,995,curated lexical match
BK_P00996,CON_010,family,6,996,curated lexical match
BK_P00997,CON_010,family,3,997,curated lexical match
BK_P01001,CON_010,family,1,1001,curated lexical match
BK_P01002,CON_010,family,1,1002,curated lexical match
BK_P01003,CON_010,family,3,1003,curated lexical match
BK_P01004,CON_010,family,2,1004,curated lexical match
BK_P01005,CON_010,family,5,1005,curated lexical match
BK_P01006,CON_010,family,2,1006,curated lexical match
BK_P01007,CON_010,family,1,1007,curated lexical match
BK_P01009,CON_010,family,1,1009,curated lexical match
BK_P01013,CON_010,family,1,1013,curated lexical match
BK_P01014,CON_010,family,1,1014,curated lexical match
BK_P01020,CON_010,family,1,1020,curated lexical match
BK_P01023,CON_010,family,1,1023,curated lexical match
BK_P01032,CON_010,family,1,1032,curated lexical match
BK_P01033,CON_010,family,1,1033,curated lexical match
BK_P01034,CON_010,family,1,1034,curated lexical match
BK_P01041,CON_010,family,4,1041,curated lexical match
BK_P01042,CON_010,family,3,1042,curated lexical match
BK_P01043,CON_010,family,1,1043,curated lexical match
BK_P01045,CON_010,family,1,1045,curated lexical match
BK_P01046,CON_010,family,2,1046,curated lexical match
BK_P01047,CON_010,family,1,1047,curated lexical match
BK_P01048,CON_010,family,1,1048,curated lexical match
BK_P01049,CON_010,family,3,1049,curated lexical match
BK_P01050,CON_010,family,4,1050,curated lexical match
BK_P01058,CON_010,family,1,1058,curated lexical match
BK_P01063,CON_010,family,1,1063,curated lexical match
BK_P01069,CON_010,family,1,1069,curated lexical match
BK_P01093,CON_010,family,1,1093,curated lexical match
BK_P01094,CON_010,family,1,1094,curated lexical match
BK_P01140,CON_010,family,2,1140,curated lexical match
BK_P01144,CON_010,family,3,1144,curated lexical match
BK_P01152,CON_010,family,1,1152,curated lexical match
BK_P01166,CON_010,family,1,1166,curated lexical match
BK_P01174,CON_010,family,1,1174,curated lexical match
BK_P01179,CON_010,family,2,1179,curated lexical match
BK_P01204,CON_010,family,2,1204,curated lexical match
BK_P01206,CON_010,family,1,1206,curated lexical match
BK_P01209,CON_010,family,2,1209,curated lexical match
BK_P01216,CON_010,family,2,1216,curated lexical match
BK_P01219,CON_010,family,1,1219,curated lexical match
BK_P01226,CON_010,family,1,1226,curated lexical match
BK_P01248,CON_010,family,5,1248,curated lexical match
BK_P01270,CON_010,family,1,1270,curated lexical match
BK_P01271,CON_010,family,2,1271,curated lexical match
BK_P01272,CON_010,family,3,1272,curated lexical match
BK_P01273,CON_010,family,1,1273,curated lexical match
BK_P01274,CON_010,family,1,1274,curated lexical match
BK_P01290,CON_010,family,1,1290,curated lexical match
BK_P01293,CON_010,family,1,1293,curated lexical match
BK_P01299,CON_010,family,3,1299,curated lexical match
BK_P01304,CON_010,family,3,1304,curated lexical match
BK_P01306,CON_010,family,1,1306,curated lexical match
BK_P01307,CON_010,family,1,1307,curated lexical match
BK_P01309,CON_010,family,1,1309,curated lexical match
BK_P01315,CON_010,family,2,1315,curated lexical match
BK_P01317,CON_010,family,3,1317,curated lexical match
BK_P01321,CON_010,family,3,1321,curated lexical match
BK_P01329,CON_010,family,4,1329,curated lexical match
BK_P01330,CON_010,family,2,1330,curated lexical match
BK_P01331,CON_010,family,2,1331,curated lexical match
BK_P01339,CON_010,family,8,1339,curated lexical match
BK_P01340,CON_010,family,9,1340,curated lexical match
BK_P01341,CON_010,family,4,1341,curated lexical match
BK_P01342,CON_010,family,3,1342,curated lexical match
BK_P01346,CON_010,family,3,1346,curated lexical match
BK_P01358,CON_010,family,1,1358,curated lexical match
BK_P01384,CON_010,family,1,1384,curated lexical match
BK_P01430,CON_010,family,1,1430,curated lexical match
BK_P01431,CON_010,family,1,1431,curated lexical match
BK_P01443,CON_010,family,1,1443,curated lexical match
BK_P01445,CON_010,family,1,1445,curated lexical match
BK_P01447,CON_010,family,2,1447,curated lexical match
BK_P01461,CON_010,family,1,1461,curated lexical match
BK_P01463,CON_010,family,1,1463,curated lexical match
BK_P01467,CON_010,family,2,1467,curated lexical match
BK_P01468,CON_010,family,1,1468,curated lexical match
BK_P01469,CON_010,family,1,1469,curated lexical match
BK_P01483,CON_010,family,1,1483,curated lexical match
BK_P01487,CON_010,family,1,1487,curated lexical match
BK_P01493,CON_010,family,1,1493,curated lexical match
BK_P01500,CON_010,family,1,1500,curated lexical match
BK_P01505,CON_010,family,1,1505,curated lexical match
BK_P01508,CON_010,family,1,1508,curated lexical match
BK_P01517,CON_010,family,1,1517,curated lexical match
BK_P01518,CON_010,family,1,1518,curated lexical match
BK_P01525,CON_010,family,1,1525,curated lexical match
BK_P01529,CON_010,family,1,1529,curated lexical match
BK_P01552,CON_010,family,1,1552,curated lexical match
BK_P01557,CON_010,family,1,1557,curated lexical match
BK_P01558,CON_010,family,1,1558,curated lexical match
BK_P01559,CON_010,family,2,1559,curated lexical match
BK_P01573,CON_010,family,1,1573,curated lexical match
BK_P01581,CON_010,family,1,1581,curated lexical match
BK_P01582,CON_010,family,1,1582,curated lexical match
BK_P01586,CON_010,family,2,1586,curated lexical match
BK_P01589,CON_010,family,1,1589,curated lexical match
BK_P01594,CON_010,family,1,1594,curated lexical match
BK_P01596,CON_010,family,1,1596,curated lexical match
BK_P01599,CON_010,family,3,1599,curated lexical match
BK_P01600,CON_010,family,1,1600,curated lexical match
BK_P01603,CON_010,family,5,1603,curated lexical match
BK_P01604,CON_010,family,2,1604,curated lexical match
BK_P01605,CON_010,family,4,1605,curated lexical match
BK_P01607,CON_010,family,3,1607,curated lexical match
BK_P01616,CON_010,family,5,1616,curated lexical match
BK_P01621,CON_010,family,1,1621,curated lexical match
BK_P01627,CON_010,family,3,1627,curated lexical match
BK_P01630,CON_010,family,1,1630,curated lexical match
BK_P01633,CON_010,family,2,1633,curated lexical match
BK_P01647,CON_010,family,3,1647,curated lexical match
BK_P01652,CON_010,family,1,1652,curated lexical match
BK_P01653,CON_010,family,1,1653,curated lexical match
BK_P01657,CON_010,family,1,1657,curated lexical match
BK_P01678,CON_010,family,1,1678,curated lexical match
BK_P01679,CON_010,family,1,1679,curated lexical match
BK_P01682,CON_010,family,1,1682,curated lexical match
BK_P01686,CON_010,family,1,1686,curated lexical match
BK_P01688,CON_010,family,1,1688,curated lexical match
BK_P01701,CON_010,family,2,1701,curated lexical match
BK_P01713,CON_010,family,1,1713,curated lexical match
BK_P01714,CON_010,family,1,1714,curated lexical match
BK_P01715,CON_010,family,1,1715,curated lexical match
BK_P01729,CON_010,family,1,1729,curated lexical match
BK_P01730,CON_010,family,1,1730,curated lexical match
BK_P01732,CON_010,family,1,1732,curated lexical match
BK_P01733,CON_010,family,3,1733,curated lexical match
BK_P01749,CON_010,family,2,1749,curated lexical match
BK_P01756,CON_010,family,2,1756,curated lexical match
BK_P01759,CON_010,family,2,1759,curated lexical match
BK_P01765,CON_010,family,1,1765,curated lexical match
BK_P01771,CON_010,family,2,1771,curated lexical match
BK_P01774,CON_010,family,1,1774,curated lexical match
BK_P01783,CON_010,family,1,1783,curated lexical match
BK_P01789,CON_010,family,1,1789,curated lexical match
BK_P01791,CON_010,family,1,1791,curated lexical match
BK_P01792,CON_010,family,11,1792,curated lexical match
BK_P01793,CON_010,family,1,1793,curated lexical match
BK_P01794,CON_010,family,1,1794,curated lexical match
BK_P01797,CON_010,family,2,1797,curated lexical match
BK_P01799,CON_010,family,2,1799,curated lexical match
BK_P01804,CON_010,family,2,1804,curated lexical match
BK_P01805,CON_010,family,1,1805,curated lexical match
BK_P01806,CON_010,family,4,1806,curated lexical match
BK_P01807,CON_010,family,5,1807,curated lexical match
BK_P01810,CON_010,family,5,1810,curated lexical match
BK_P01811,CON_010,family,2,1811,curated lexical match
BK_P01812,CON_010,family,6,1812,curated lexical match
BK_P01813,CON_010,family,3,1813,curated lexical match
BK_P01816,CON_010,family,2,1816,curated lexical match
BK_P01818,CON_010,family,1,1818,curated lexical match
BK_P01821,CON_010,family,1,1821,curated lexical match
BK_P01822,CON_010,family,2,1822,curated lexical match
BK_P01823,CON_010,family,1,1823,curated lexical match
BK_P01824,CON_010,family,1,1824,curated lexical match
BK_P01829,CON_010,family,2,1829,curated lexical match
BK_P01831,CON_010,family,1,1831,curated lexical match
BK_P01832,CON_010,family,1,1832,curated lexical match
BK_P01836,CON_010,family,1,1836,curated lexical match
BK_P01837,CON_010,family,3,1837,curated lexical match
BK_P01838,CON_010,family,4,1838,curated lexical match
BK_P01840,CON_010,family,3,1840,curated lexical match
BK_P01843,CON_010,family,1,1843,curated lexical match
BK_P01847,CON_010,family,1,1847,curated lexical match
BK_P01856,CON_010,family,1,1856,curated lexical match
BK_P01857,CON_010,family,1,1857,curated lexical match
BK_P01871,CON_010,family,1,1871,curated lexical match
BK_P01927,CON_010,family,1,1927,curated lexical match
BK_P01929,CON_010,family,1,1929,curated lexical match
BK_P01966,CON_010,family,1,1966,curated lexical match
BK_P01982,CON_010,family,1,1982,curated lexical match
BK_P02005,CON_010,family,1,2005,curated lexical match
BK_P02020,CON_010,family,1,2020,curated lexical match
BK_P02026,CON_010,family,1,2026,curated lexical match
BK_P02029,CON_010,family,1,2029,curated lexical match
BK_P02030,CON_010,family,1,2030,curated lexical match
BK_P02036,CON_010,family,1,2036,curated lexical match
BK_P02039,CON_010,family,1,2039,curated lexical match
BK_P02052,CON_010,family,1,2052,curated lexical match
BK_P02056,CON_010,family,6,2056,curated lexical match
BK_P02057,CON_010,family,1,2057,curated lexical match
BK_P02058,CON_010,family,2,2058,curated lexical match
BK_P02059,CON_010,family,2,2059,curated lexical match
BK_P02061,CON_010,family,1,2061,curated lexical match
BK_P02062,CON_010,family,3,2062,curated lexical match
BK_P02063,CON_010,family,1,2063,curated lexical match
BK_P02065,CON_010,family,1,2065,curated lexical match
BK_P02067,CON_010,family,2,2067,curated lexical match
BK_P02068,CON_010,family,1,2068,curated lexical match
BK_P02071,CON_010,family,3,2071,curated lexical match
BK_P02072,CON_010,family,1,2072,curated lexical match
BK_P02074,CON_010,family,2,2074,curated lexical match
BK_P02077,CON_010,family,2,2077,curated lexical match
BK_P02078,CON_010,family,1,2078,curated lexical match
BK_P02080,CON_010,family,2,2080,curated lexical match
BK_P02081,CON_010,family,3,2081,curated lexical match
BK_P02082,CON_010,family,1,2082,curated lexical match
BK_P02083,CON_010,family,2,2083,curated lexical match
BK_P02084,CON_010,family,1,2084,curated lexical match
BK_P02085,CON_010,family,5,2085,curated lexical match
BK_P02086,CON_010,family,1,2086,curated lexical match
BK_P02089,CON_010,family,1,2089,curated lexical match
BK_P02090,CON_010,family,1,2090,curated lexical match
BK_P02091,CON_010,family,1,2091,curated lexical match
BK_P02092,CON_010,family,2,2092,curated lexical match
BK_P02093,CON_010,family,1,2093,curated lexical match
BK_P02094,CON_010,family,2,2094,curated lexical match
BK_P02095,CON_010,family,3,2095,curated lexical match
BK_P02097,CON_010,family,4,2097,curated lexical match
BK_P02099,CON_010,family,2,2099,curated lexical match
BK_P02100,CON_010,family,2,2100,curated lexical match
BK_P02103,CON_010,family,3,2103,curated lexical match
BK_P02104,CON_010,family,1,2104,curated lexical match
BK_P02105,CON_010,family,1,2105,curated lexical match
BK_P02106,CON_010,family,2,2106,curated lexical match
BK_P02109,CON_010,family,1,2109,curated lexical match
BK_P02110,CON_010,family,1,2110,curated lexical match
BK_P02111,CON_010,family,2,2111,curated lexical match
BK_P02114,CON_010,family,3,2114,curated lexical match
BK_P02115,CON_010,family,1,2115,curated lexical match
BK_P02139,CON_010,family,1,2139,curated lexical match
BK_P02141,CON_010,family,2,2141,curated lexical match
BK_P02142,CON_010,family,1,2142,curated lexical match
BK_P02143,CON_010,family,1,2143,curated lexical match
BK_P02144,CON_010,family,1,2144,curated lexical match
BK_P02153,CON_010,family,1,2153,curated lexical match
BK_P02159,CON_010,family,2,2159,curated lexical match
BK_P02161,CON_010,family,2,2161,curated lexical match
BK_P02172,CON_010,family,1,2172,curated lexical match
BK_P02183,CON_010,family,1,2183,curated lexical match
BK_P02219,CON_010,family,1,2219,curated lexical match
BK_P02220,CON_010,family,1,2220,curated lexical match
BK_P02278,CON_010,family,1,2278,curated lexical match
BK_P02280,CON_010,family,1,2280,curated lexical match
BK_P02291,CON_010,family,2,2291,curated lexical match
BK_P02293,CON_010,family,1,2293,curated lexical match
BK_P02294,CON_010,family,2,2294,curated lexical match
BK_P02296,CON_010,family,1,2296,curated lexical match
BK_P02299,CON_010,family,1,2299,curated lexical match
BK_P02300,CON_010,family,1,2300,curated lexical match
BK_P02308,CON_010,family,1,2308,curated lexical match
BK_P02314,CON_010,family,2,2314,curated lexical match
BK_P02325,CON_010,family,1,2325,curated lexical match
BK_P02331,CON_010,family,1,2331,curated lexical match
BK_P02336,CON_010,family,1,2336,curated lexical match
BK_P02339,CON_010,family,6,2339,curated lexical match
BK_P02340,CON_010,family,3,2340,curated lexical match
BK_P02343,CON_010,family,2,2343,curated lexical match
BK_P02345,CON_010,family,2,2345,curated lexical match
BK_P02346,CON_010,family,2,2346,curated lexical match
BK_P02367,CON_010,family,1,2367,curated lexical match
BK_P02368,CON_010,family,1,2368,curated lexical match
BK_P02376,CON_010,family,1,2376,curated lexical match
BK_P02388,CON_010,family,2,2388,curated lexical match
BK_P02391,CON_010,family,1,2391,curated lexical match
BK_P02403,CON_010,family,1,2403,curated lexical match
BK_P02407,CON_010,family,1,2407,curated lexical match
BK_P02431,CON_010,family,1,2431,curated lexical match
BK_P02439,CON_010,family,1,2439,curated lexical match
BK_P02441,CON_010,family,1,2441,curated lexical match
BK_P02458,CON_010,family,1,2458,curated lexical match
BK_P02474,CON_010,family,3,2474,curated lexical match
BK_P02516,CON_010,family,1,2516,curated lexical match
BK_P02529,CON_010,family,1,2529,curated lexical match
BK_P02676,CON_010,family,1,2676,curated lexical match
BK_P02691,CON_010,family,1,2691,curated lexical match
BK_P02697,CON_010,family,1,2697,curated lexical match
BK_P02707,CON_010,family,1,2707,curated lexical match
BK_P02715,CON_010,family,1,2715,curated lexical match
BK_P02717,CON_010,family,1,2717,curated lexical match
BK_P02749,CON_010,family,1,2749,curated lexical match
BK_P02768,CON_010,family,1,2768,curated lexical match
BK_P02839,CON_010,family,1,2839,curated lexical match
BK_P02845,CON_010,family,2,2845,curated lexical match
BK_P02853,CON_010,family,1,2853,curated lexical match
BK_P03001,CON_010,family,1,3001,curated lexical match
BK_P03083,CON_010,family,1,3083,curated lexical match
BK_P03085,CON_010,family,1,3085,curated lexical match
BK_P03087,CON_010,family,1,3087,curated lexical match
BK_P03154,CON_010,family,1,3154,curated lexical match
BK_P03157,CON_010,family,1,3157,curated lexical match
BK_P03160,CON_010,family,1,3160,curated lexical match
BK_P03164,CON_010,family,1,3164,curated lexical match
BK_P03178,CON_010,family,1,3178,curated lexical match
BK_P03183,CON_010,family,2,3183,curated lexical match
BK_P03190,CON_010,family,2,3190,curated lexical match
BK_P03211,CON_010,family,1,3211,curated lexical match
BK_P03217,CON_010,family,1,3217,curated lexical match
BK_P03218,CON_010,family,1,3218,curated lexical match
BK_P03233,CON_010,family,1,3233,curated lexical match
BK_P03245,CON_010,family,1,3245,curated lexical match
BK_P03246,CON_010,family,2,3246,curated lexical match
BK_P03253,CON_010,family,1,3253,curated lexical match
BK_P03261,CON_010,family,1,3261,curated lexical match
BK_P03262,CON_010,family,1,3262,curated lexical match
BK_P03265,CON_010,family,2,3265,curated lexical match
BK_P03323,CON_010,family,1,3323,curated lexical match
BK_P03339,CON_010,family,1,3339,curated lexical match
BK_P03353,CON_010,family,2,3353,curated lexical match
BK_P03355,CON_010,family,2,3355,curated lexical match
BK_P03361,CON_010,family,2,3361,curated lexical match
BK_P03372,CON_010,family,1,3372,curated lexical match
BK_P03376,CON_010,family,1,3376,curated lexical match
BK_P03377,CON_010,family,1,3377,curated lexical match
BK_P03379,CON_010,family,1,3379,curated lexical match
BK_P03382,CON_010,family,2,3382,curated lexical match
BK_P03395,CON_010,family,2,3395,curated lexical match
BK_P03396,CON_010,family,2,3396,curated lexical match
BK_P03437,CON_010,family,2,3437,curated lexical match
BK_P03454,CON_010,family,1,3454,curated lexical match
BK_P03535,CON_010,family,3,3535,curated lexical match
BK_P03537,CON_010,family,1,3537,curated lexical match
BK_P03549,CON_010,family,1,3549,curated lexical match
BK_P03555,CON_010,family,1,3555,curated lexical match
BK_P03557,CON_010,family,2,3557,curated lexical match
BK_P03575,CON_010,family,3,3575,curated lexical match
BK_P03597,CON_010,family,1,3597,curated lexical match
BK_P03600,CON_010,family,2,3600,curated lexical match
BK_P03697,CON_010,family,1,3697,curated lexical match
BK_P03706,CON_010,family,1,3706,curated lexical match
BK_P03707,CON_010,family,1,3707,curated lexical match
BK_P03715,CON_010,family,1,3715,curated lexical match
BK_P03733,CON_010,family,1,3733,curated lexical match
BK_P03745,CON_010,family,1,3745,curated lexical match
BK_P03778,CON_010,family,3,3778,curated lexical match
BK_P03779,CON_010,family,2,3779,curated lexical match
BK_P03780,CON_010,family,2,3780,curated lexical match
BK_P03781,CON_010,family,1,3781,curated lexical match
BK_P03782,CON_010,family,2,3782,curated lexical match
BK_P03784,CON_010,family,2,3784,curated lexical match
BK_P03785,CON_010,family,2,3785,curated lexical match
BK_P03786,CON_010,family,5,3786,curated lexical match
BK_P03787,CON_010,family,3,3787,curated lexical match
BK_P03788,CON_010,family,2,3788,curated lexical match
BK_P03790,CON_010,family,1,3790,curated lexical match
BK_P03792,CON_010,family,1,3792,curated lexical match
BK_P03824,CON_010,family,1,3824,curated lexical match
BK_P03825,CON_010,family,1,3825,curated lexical match
BK_P03826,CON_010,family,1,3826,curated lexical match
BK_P03841,CON_010,family,1,3841,curated lexical match
BK_P03844,CON_010,family,1,3844,curated lexical match
BK_P03853,CON_010,family,1,3853,curated lexical match
BK_P03855,CON_010,family,1,3855,curated lexical match
BK_P03858,CON_010,family,1,3858,curated lexical match
BK_P03863,CON_010,family,2,3863,curated lexical match
BK_P03872,CON_010,family,1,3872,curated lexical match
BK_P03893,CON_010,family,1,3893,curated lexical match
BK_P03907,CON_010,family,1,3907,curated lexical match
BK_P03945,CON_010,family,1,3945,curated lexical match
BK_P03969,CON_010,family,3,3969,curated lexical match
BK_P03970,CON_010,family,2,3970,curated lexical match
BK_P03972,CON_010,family,1,3972,curated lexical match
BK_P03973,CON_010,family,1,3973,curated lexical match
BK_P03979,CON_010,family,1,3979,curated lexical match
BK_P03992,CON_010,family,1,3992,curated lexical match
BK_P03994,CON_010,family,2,3994,curated lexical match
BK_P03995,CON_010,family,2,3995,curated lexical match
BK_P03996,CON_010,family,2,3996,curated lexical match
BK_P03998,CON_010,family,2,3998,curated lexical match
BK_P04000,CON_010,family,1,4000,curated lexical match
BK_P04007,CON_010,family,1,4007,curated lexical match
BK_P04052,CON_010,family,2,4052,curated lexical match
BK_P04058,CON_010,family,2,4058,curated lexical match
BK_P04064,CON_010,family,1,4064,curated lexical match
BK_P04067,CON_010,family,1,4067,curated lexical match
BK_P04069,CON_010,family,1,4069,curated lexical match
BK_P04081,CON_010,family,1,4081,curated lexical match
BK_P04099,CON_010,family,1,4099,curated lexical match
BK_P04100,CON_010,family,1,4100,curated lexical match
BK_P04145,CON_010,family,1,4145,curated lexical match
BK_P04164,CON_010,family,1,4164,curated lexical match
BK_P04191,CON_010,family,1,4191,curated lexical match
BK_P04192,CON_010,family,2,4192,curated lexical match
BK_P04206,CON_010,family,1,4206,curated lexical match
BK_P04207,CON_010,family,3,4207,curated lexical match
BK_P04208,CON_010,family,2,4208,curated lexical match
BK_P04210,CON_010,family,2,4210,curated lexical match
BK_P04211,CON_010,family,1,4211,curated lexical match
BK_P04213,CON_010,family,4,4213,curated lexical match
BK_P04217,CON_010,family,1,4217,curated lexical match
BK_P04252,CON_010,family,1,4252,curated lexical match
BK_P04276,CON_010,family,1,4276,curated lexical match
BK_P04297,CON_010,family,2,4297,curated lexical match
BK_P04302,CON_010,family,2,4302,curated lexical match
BK_P04307,CON_010,family,4,4307,curated lexical match
BK_P04314,CON_010,family,4,4314,curated lexical match
BK_P04317,CON_010,family,1,4317,curated lexical match
BK_P04326,CON_010,family,2,4326,curated lexical match
BK_P04328,CON_010,family,2,4328,curated lexical match
BK_P04330,CON_010,family,1,4330,curated lexical match
BK_P04346,CON_010,family,1,4346,curated lexical match
BK_P04377,CON_010,family,3,4377,curated lexical match
BK_P04378,CON_010,family,1,4378,curated lexical match
BK_P04410,CON_010,family,1,4410,curated lexical match
BK_P04412,CON_010,family,1,4412,curated lexical match
BK_P04422,CON_010,family,1,4422,curated lexical match
BK_P04427,CON_010,family,1,4427,curated lexical match
BK_P04440,CON_010,family,1,4440,curated lexical match
BK_P04444,CON_010,family,1,4444,curated lexical match
BK_P04446,CON_010,family,1,4446,curated lexical match
BK_P04462,CON_010,family,1,4462,curated lexical match
BK_P04463,CON_010,family,1,4463,curated lexical match
BK_P04465,CON_010,family,2,4465,curated lexical match
BK_P04467,CON_010,family,1,4467,curated lexical match
BK_P04468,CON_010,family,1,4468,curated lexical match
BK_P04480,CON_010,family,1,4480,curated lexical match
BK_P04487,CON_010,family,1,4487,curated lexical match
BK_P04496,CON_010,family,1,4496,curated lexical match
BK_P04512,CON_010,family,1,4512,curated lexical match
BK_P04513,CON_010,family,1,4513,curated lexical match
BK_P04533,CON_010,family,1,4533,curated lexical match
BK_P04555,CON_010,family,1,4555,curated lexical match
BK_P04558,CON_010,family,1,4558,curated lexical match
BK_P04567,CON_010,family,1,4567,curated lexical match
BK_P04575,CON_010,family,1,4575,curated lexical match
BK_P04577,CON_010,family,1,4577,curated lexical match
BK_P04590,CON_010,family,1,4590,curated lexical match
BK_P04594,CON_010,family,1,4594,curated lexical match
BK_P04596,CON_010,family,1,4596,curated lexical match
BK_P04599,CON_010,family,1,4599,curated lexical match
BK_P04600,CON_010,family,4,4600,curated lexical match
BK_P04633,CON_010,family,1,4633,curated lexical match
BK_P04651,CON_010,family,1,4651,curated lexical match
BK_P04657,CON_010,family,1,4657,curated lexical match
BK_P04660,CON_010,family,2,4660,curated lexical match
BK_P04666,CON_010,family,1,4666,curated lexical match
BK_P04671,CON_010,family,1,4671,curated lexical match
BK_P04672,CON_010,family,2,4672,curated lexical match
BK_P04674,CON_010,family,1,4674,curated lexical match
BK_P04675,CON_010,family,1,4675,curated lexical match
BK_P04681,CON_010,family,2,4681,curated lexical match
BK_P04702,CON_010,family,1,4702,curated lexical match
BK_P04705,CON_010,family,1,4705,curated lexical match
BK_P04711,CON_010,family,1,4711,curated lexical match
BK_P04720,CON_010,family,1,4720,curated lexical match
BK_P04724,CON_010,family,1,4724,curated lexical match
BK_P04726,CON_010,family,2,4726,curated lexical match
BK_P04739,CON_010,family,1,4739,curated lexical match
BK_P04741,CON_010,family,1,4741,curated lexical match
BK_P04742,CON_010,family,2,4742,curated lexical match
BK_P04744,CON_010,family,1,4744,curated lexical match
BK_P04746,CON_010,family,1,4746,curated lexical match
BK_P04747,CON_010,family,1,4747,curated lexical match
BK_P04811,CON_010,family,2,4811,curated lexical match
BK_P04812,CON_010,family,1,4812,curated lexical match
BK_P04816,CON_010,family,1,4816,curated lexical match
BK_P04845,CON_010,family,1,4845,curated lexical match
BK_P04860,CON_010,family,1,4860,curated lexical match
BK_P04867,CON_010,family,1,4867,curated lexical match
BK_P04917,CON_010,family,1,4917,curated lexical match
BK_P04921,CON_010,family,1,4921,curated lexical match
BK_P04985,CON_010,family,4,4985,curated lexical match
BK_P04997,CON_010,family,1,4997,curated lexical match
BK_P05003,CON_010,family,1,5003,curated lexical match
BK_P05005,CON_010,family,1,5005,curated lexical match
BK_P05008,CON_010,family,1,5008,curated lexical match
BK_P05013,CON_010,family,1,5013,curated lexical match
BK_P05021,CON_010,family,1,5021,curated lexical match
BK_P05028,CON_010,family,1,5028,curated lexical match
BK_P05034,CON_010,family,1,5034,curated lexical match
BK_P05036,CON_010,family,1,5036,curated lexical match
BK_P05037,CON_010,family,1,5037,curated lexical match
BK_P05038,CON_010,family,1,5038,curated lexical match
BK_P05041,CON_010,family,1,5041,curated lexical match
BK_P05042,CON_010,family,1,5042,curated lexical match
BK_P05044,CON_010,family,1,5044,curated lexical match
BK_P05046,CON_010,family,1,5046,curated lexical match
BK_P05052,CON_010,family,3,5052,curated lexical match
BK_P05053,CON_010,family,1,5053,curated lexical match
BK_P05068,CON_010,family,1,5068,curated lexical match
BK_P05073,CON_010,family,5,5073,curated lexical match
BK_P05074,CON_010,family,4,5074,curated lexical match
BK_P05098,CON_010,family,1,5098,curated lexical match
BK_P05103,CON_010,family,1,5103,curated lexical match
BK_P05109,CON_010,family,1,5109,curated lexical match
BK_P05122,CON_010,family,3,5122,curated lexical match
BK_P05131,CON_010,family,1,5131,curated lexical match
BK_P05139,CON_010,family,1,5139,curated lexical match
BK_P05143,CON_010,family,1,5143,curated lexical match
BK_P05151,CON_010,family,6,5151,curated lexical match
BK_P05152,CON_010,family,2,5152,curated lexical match
BK_P05155,CON_010,family,1,5155,curated lexical match
BK_P05157,CON_010,family,1,5157,curated lexical match
BK_P05159,CON_010,family,2,5159,curated lexical match
BK_P05162,CON_010,family,2,5162,curated lexical match
BK_P05163,CON_010,family,1,5163,curated lexical match
BK_P05164,CON_010,family,1,5164,curated lexical match
BK_P05167,CON_010,family,1,5167,curated lexical match
BK_P05169,CON_010,family,2,5169,curated lexical match
BK_P05170,CON_010,family,1,5170,curated lexical match
BK_P05172,CON_010,family,2,5172,curated lexical match
BK_P05175,CON_010,family,1,5175,curated lexical match
BK_P05184,CON_010,family,5,5184,curated lexical match
BK_P05187,CON_010,family,1,5187,curated lexical match
BK_P05188,CON_010,family,1,5188,curated lexical match
BK_P05189,CON_010,family,1,5189,curated lexical match
BK_P05195,CON_010,family,1,5195,curated lexical match
BK_P05204,CON_010,family,1,5204,curated lexical match
BK_P05205,CON_010,family,1,5205,curated lexical match
BK_P05209,CON_010,family,2,5209,curated lexical match
BK_P05223,CON_010,family,2,5223,curated lexical match
BK_P05231,CON_010,family,1,5231,curated lexical match
BK_P05234,CON_010,family,3,5234,curated lexical match
BK_P05236,CON_010,family,1,5236,curated lexical match
BK_P05237,CON_010,family,1,5237,curated lexical match
BK_P05247,CON_010,family,2,5247,curated lexical match
BK_P05250,CON_010,family,1,5250,curated lexical match
BK_P05253,CON_010,family,3,5253,curated lexical match
BK_P05258,CON_010,family,1,5258,curated lexical match
BK_P05259,CON_010,family,7,5259,curated lexical match
BK_P05260,CON_010,family,2,5260,curated lexical match
BK_P05268,CON_010,family,2,5268,curated lexical match
BK_P05274,CON_010,family,2,5274,curated lexical match
BK_P05275,CON_010,family,1,5275,curated lexical match
BK_P05276,CON_010,family,4,5276,curated lexical match
BK_P05277,CON_010,family,1,5277,curated lexical match
BK_P05279,CON_010,family,2,5279,curated lexical match
BK_P05280,CON_010,family,1,5280,curated lexical match
BK_P05281,CON_010,family,1,5281,curated lexical match
BK_P05283,CON_010,family,1,5283,curated lexical match
BK_P05284,CON_010,family,1,5284,curated lexical match
BK_P05285,CON_010,family,1,5285,curated lexical match
BK_P05287,CON_010,family,2,5287,curated lexical match
BK_P05288,CON_010,family,4,5288,curated lexical match
BK_P05296,CON_010,family,3,5296,curated lexical match
BK_P05297,CON_010,family,1,5297,curated lexical match
BK_P05298,CON_010,family,1,5298,curated lexical match
BK_P05306,CON_010,family,2,5306,curated lexical match
BK_P05307,CON_010,family,1,5307,curated lexical match
BK_P05314,CON_010,family,1,5314,curated lexical match
BK_P05315,CON_010,family,1,5315,curated lexical match
BK_P05323,CON_010,family,1,5323,curated lexical match
BK_P05326,CON_010,family,2,5326,curated lexical match
BK_P05327,CON_010,family,1,5327,curated lexical match
BK_P05331,CON_010,family,1,5331,curated lexical match
BK_P05332,CON_010,family,2,5332,curated lexical match
BK_P05333,CON_010,family,3,5333,curated lexical match
BK_P05384,CON_010,family,1,5384,curated lexical match
BK_P05388,CON_010,family,1,5388,curated lexical match
BK_P05389,CON_010,family,1,5389,curated lexical match
BK_P05393,CON_010,family,1,5393,curated lexical match
BK_P05402,CON_010,family,2,5402,curated lexical match
BK_P05405,CON_010,family,2,5405,curated lexical match
BK_P05406,CON_010,family,1,5406,curated lexical match
BK_P05407,CON_010,family,2,5407,curated lexical match
BK_P05411,CON_010,family,2,5411,curated lexical match
BK_P05412,CON_010,family,3,5412,curated lexical match
BK_P05413,CON_010,family,3,5413,curated lexical match
BK_P05414,CON_010,family,5,5414,curated lexical match
BK_P05415,CON_010,family,1,5415,curated lexical match
BK_P05417,CON_010,family,1,5417,curated lexical match
BK_P05418,CON_010,family,2,5418,curated lexical match
BK_P05426,CON_010,family,1,5426,curated lexical match
BK_P05429,CON_010,family,1,5429,curated lexical match
BK_P05430,CON_010,family,8,5430,curated lexical match
BK_P05431,CON_010,family,2,5431,curated lexical match
BK_P05432,CON_010,family,5,5432,curated lexical match
BK_P05436,CON_010,family,4,5436,curated lexical match
BK_P05439,CON_010,family,4,5439,curated lexical match
BK_P05440,CON_010,family,3,5440,curated lexical match
BK_P05442,CON_010,family,1,5442,curated lexical match
BK_P05443,CON_010,family,8,5443,curated lexical match
BK_P05445,CON_010,family,7,5445,curated lexical match
BK_P05446,CON_010,family,2,5446,curated lexical match
BK_P05454,CON_010,family,2,5454,curated lexical match
BK_P05455,CON_010,family,3,5455,curated lexical match
BK_P05458,CON_010,family,3,5458,curated lexical match
BK_P05469,CON_010,family,1,5469,curated lexical match
BK_P05485,CON_010,family,1,5485,curated lexical match
BK_P05492,CON_010,family,1,5492,curated lexical match
BK_P05499,CON_010,family,1,5499,curated lexical match
BK_P05501,CON_010,family,1,5501,curated lexical match
BK_P05503,CON_010,family,4,5503,curated lexical match
BK_P05528,CON_010,family,1,5528,curated lexical match
BK_P05536,CON_010,family,1,5536,curated lexical match
BK_P05547,CON_010,family,2,5547,curated lexical match
BK_P05550,CON_010,family,1,5550,curated lexical match
BK_P05556,CON_010,family,1,5556,curated lexical match
BK_P05578,CON_010,family,1,5578,curated lexical match
BK_P05581,CON_010,family,1,5581,curated lexical match
BK_P05584,CON_010,family,2,5584,curated lexical match
BK_P05587,CON_010,family,2,5587,curated lexical match
BK_P05588,CON_010,family,1,5588,curated lexical match
BK_P05594,CON_010,family,1,5594,curated lexical match
BK_P05597,CON_010,family,2,5597,curated lexical match
BK_P05599,CON_010,family,2,5599,curated lexical match
BK_P05600,CON_010,family,1,5600,curated lexical match
BK_P05601,CON_010,family,1,5601,curated lexical match
BK_P05605,CON_010,family,1,5605,curated lexical match
BK_P05606,CON_010,family,2,5606,curated lexical match
BK_P05610,CON_010,family,1,5610,curated lexical match
BK_P05614,CON_010,family,1,5614,curated lexical match
BK_P05628,CON_010,family,1,5628,curated lexical match
BK_P05636,CON_010,family,3,5636,curated lexical match
BK_P05640,CON_010,family,1,5640,curated lexical match
BK_P05645,CON_010,family,1,5645,curated lexical match
