assertion_id,subject_id,subject_name,predicate,object_id,object_name,directionality,confidence,validation_status,extraction_method,first_known_position,evidence_passage_id,epistemic_status,effective_predicate
A_a5ded3bcbce7,CHAR_001,Fyodor Pavlovich Karamazov,FAMILY,CHAR_004,Alexei Fyodorovich Karamazov,undirected_or_unknown,0.72,unreviewed,cue+cooccurrence rule,2,BK_P00002,machine-proposed,FAMILY
A_bd30fd3003a9,CHAR_001,Fyodor Pavlovich Karamazov,FAMILY,CHAR_002,Dmitri Fyodorovich Karamazov,undirected_or_unknown,0.72,unreviewed,cue+cooccurrence rule,3,BK_P00003,machine-proposed,FAMILY
A_ef945e133a1a,CHAR_001,Fyodor Pavlovich Karamazov,FAMILY,CHAR_003,Ivan Fyodorovich Karamazov,undirected_or_unknown,0.72,unreviewed,cue+cooccurrence rule,3,BK_P00003,machine-proposed,FAMILY
A_c8adf17d981d,CHAR_001,Fyodor Pavlovich Karamazov,FAMILY,CHAR_004,Alexei Fyodorovich Karamazov,undirected_or_unknown,0.72,unreviewed,cue+cooccurrence rule,3,BK_P00003,machine-proposed,FAMILY
A_b8f2e6e5ecc6,CHAR_001,Fyodor Pavlovich Karamazov,FAMILY,CHAR_011,Pyotr Alexandrovich Miusov,undirected_or_unknown,0.72,unreviewed,cue+cooccurrence rule,3,BK_P00003,machine-proposed,FAMILY
A_b2963adff060,CHAR_002,Dmitri Fyodorovich Karamazov,FAMILY,CHAR_003,Ivan Fyodorovich Karamazov,undirected_or_unknown,0.72,unreviewed,cue+cooccurrence rule,3,BK_P00003,machine-proposed,FAMILY
A_fb4b85633b15,CHAR_002,Dmitri Fyodorovich Karamazov,FAMILY,CHAR_004,Alexei Fyodorovich Karamazov,undirected_or_unknown,0.72,unreviewed,cue+cooccurrence rule,3,BK_P00003,machine-proposed,FAMILY
A_ddfc33f282ed,CHAR_002,Dmitri Fyodorovich Karamazov,FAMILY,CHAR_011,Pyotr Alexandrovich Miusov,undirected_or_unknown,0.72,unreviewed,cue+cooccurrence rule,3,BK_P00003,machine-proposed,FAMILY
A_cf0e96d0e947,CHAR_003,Ivan Fyodorovich Karamazov,FAMILY,CHAR_004,Alexei Fyodorovich Karamazov,undirected_or_unknown,0.72,unreviewed,cue+cooccurrence rule,3,BK_P00003,machine-proposed,FAMILY
A_2c19d5067595,CHAR_003,Ivan Fyodorovich Karamazov,FAMILY,CHAR_011,Pyotr Alexandrovich Miusov,undirected_or_unknown,0.72,unreviewed,cue+cooccurrence rule,3,BK_P00003,machine-proposed,FAMILY
A_2be788f2c1a1,CHAR_004,Alexei Fyodorovich Karamazov,FAMILY,CHAR_011,Pyotr Alexandrovich Miusov,undirected_or_unknown,0.72,unreviewed,cue+cooccurrence rule,3,BK_P00003,machine-proposed,FAMILY
A_8cc12c76fe48,CHAR_001,Fyodor Pavlovich Karamazov,ROMANTIC,CHAR_002,Dmitri Fyodorovich Karamazov,undirected_or_unknown,0.65,unreviewed,cue+cooccurrence rule,3,BK_P00003,machine-proposed,ROMANTIC
A_28dbffd7066f,CHAR_001,Fyodor Pavlovich Karamazov,ROMANTIC,CHAR_003,Ivan Fyodorovich Karamazov,undirected_or_unknown,0.65,unreviewed,cue+cooccurrence rule,3,BK_P00003,machine-proposed,ROMANTIC
A_13bb446601bc,CHAR_001,Fyodor Pavlovich Karamazov,ROMANTIC,CHAR_004,Alexei Fyodorovich Karamazov,undirected_or_unknown,0.65,unreviewed,cue+cooccurrence rule,3,BK_P00003,machine-proposed,ROMANTIC
A_7ce0b7aa0d6c,CHAR_001,Fyodor Pavlovich Karamazov,ROMANTIC,CHAR_011,Pyotr Alexandrovich Miusov,undirected_or_unknown,0.65,unreviewed,cue+cooccurrence rule,3,BK_P00003,machine-proposed,ROMANTIC
A_25b8be49c5e8,CHAR_002,Dmitri Fyodorovich Karamazov,ROMANTIC,CHAR_003,Ivan Fyodorovich Karamazov,undirected_or_unknown,0.65,unreviewed,cue+cooccurrence rule,3,BK_P00003,machine-proposed,ROMANTIC
A_f1b07e069612,CHAR_002,Dmitri Fyodorovich Karamazov,ROMANTIC,CHAR_004,Alexei Fyodorovich Karamazov,undirected_or_unknown,0.65,unreviewed,cue+cooccurrence rule,3,BK_P00003,machine-proposed,ROMANTIC
A_af549afe3e09,CHAR_002,Dmitri Fyodorovich Karamazov,ROMANTIC,CHAR_011,Pyotr Alexandrovich Miusov,undirected_or_unknown,0.65,unreviewed,cue+cooccurrence rule,3,BK_P00003,machine-proposed,ROMANTIC
A_f47ca9db586b,CHAR_003,Ivan Fyodorovich Karamazov,ROMANTIC,CHAR_004,Alexei Fyodorovich Karamazov,undirected_or_unknown,0.65,unreviewed,cue+cooccurrence rule,3,BK_P00003,machine-proposed,ROMANTIC
A_7a13f96e8110,CHAR_003,Ivan Fyodorovich Karamazov,ROMANTIC,CHAR_011,Pyotr Alexandrovich Miusov,undirected_or_unknown,0.65,unreviewed,cue+cooccurrence rule,3,BK_P00003,machine-proposed,ROMANTIC
A_bf20e399e728,CHAR_004,Alexei Fyodorovich Karamazov,ROMANTIC,CHAR_011,Pyotr Alexandrovich Miusov,undirected_or_unknown,0.65,unreviewed,cue+cooccurrence rule,3,BK_P00003,machine-proposed,ROMANTIC
A_70d20911e321,CHAR_001,Fyodor Pavlovich Karamazov,FAMILY,CHAR_002,Dmitri Fyodorovich Karamazov,undirected_or_unknown,0.72,unreviewed,cue+cooccurrence rule,4,BK_P00004,machine-proposed,FAMILY
A_17d909762bfd,CHAR_001,Fyodor Pavlovich Karamazov,ROMANTIC,CHAR_002,Dmitri Fyodorovich Karamazov,undirected_or_unknown,0.65,unreviewed,cue+cooccurrence rule,4,BK_P00004,machine-proposed,ROMANTIC
A_8f7a85b1a86b,CHAR_001,Fyodor Pavlovich Karamazov,FINANCIAL,CHAR_002,Dmitri Fyodorovich Karamazov,undirected_or_unknown,0.58,unreviewed,cue+cooccurrence rule,4,BK_P00004,machine-proposed,FINANCIAL
A_94ad0bdf2f38,CHAR_001,Fyodor Pavlovich Karamazov,FAMILY,CHAR_002,Dmitri Fyodorovich Karamazov,undirected_or_unknown,0.72,unreviewed,cue+cooccurrence rule,8,BK_P00008,machine-proposed,FAMILY
A_a678fb113325,CHAR_001,Fyodor Pavlovich Karamazov,FAMILY,CHAR_011,Pyotr Alexandrovich Miusov,undirected_or_unknown,0.72,unreviewed,cue+cooccurrence rule,8,BK_P00008,machine-proposed,FAMILY
A_42f7daba6f68,CHAR_002,Dmitri Fyodorovich Karamazov,FAMILY,CHAR_011,Pyotr Alexandrovich Miusov,undirected_or_unknown,0.72,unreviewed,cue+cooccurrence rule,8,BK_P00008,machine-proposed,FAMILY
A_97205263a28b,CHAR_001,Fyodor Pavlovich Karamazov,ROMANTIC,CHAR_002,Dmitri Fyodorovich Karamazov,undirected_or_unknown,0.65,unreviewed,cue+cooccurrence rule,8,BK_P00008,machine-proposed,ROMANTIC
A_d89ef6034e60,CHAR_001,Fyodor Pavlovich Karamazov,ROMANTIC,CHAR_011,Pyotr Alexandrovich Miusov,undirected_or_unknown,0.65,unreviewed,cue+cooccurrence rule,8,BK_P00008,machine-proposed,ROMANTIC
A_ea08b1020bb9,CHAR_002,Dmitri Fyodorovich Karamazov,ROMANTIC,CHAR_011,Pyotr Alexandrovich Miusov,undirected_or_unknown,0.65,unreviewed,cue+cooccurrence rule,8,BK_P00008,machine-proposed,ROMANTIC
A_a860ed170a06,CHAR_001,Fyodor Pavlovich Karamazov,FINANCIAL,CHAR_002,Dmitri Fyodorovich Karamazov,undirected_or_unknown,0.58,unreviewed,cue+cooccurrence rule,8,BK_P00008,machine-proposed,FINANCIAL
A_f2a211f53182,CHAR_001,Fyodor Pavlovich Karamazov,FINANCIAL,CHAR_011,Pyotr Alexandrovich Miusov,undirected_or_unknown,0.58,unreviewed,cue+cooccurrence rule,8,BK_P00008,machine-proposed,FINANCIAL
A_ba19ccf0485a,CHAR_002,Dmitri Fyodorovich Karamazov,FINANCIAL,CHAR_011,Pyotr Alexandrovich Miusov,undirected_or_unknown,0.58,unreviewed,cue+cooccurrence rule,8,BK_P00008,machine-proposed,FINANCIAL
A_cf6ff14a610e,CHAR_001,Fyodor Pavlovich Karamazov,SOCIAL,CHAR_002,Dmitri Fyodorovich Karamazov,undirected_or_unknown,0.55,unreviewed,cue+cooccurrence rule,8,BK_P00008,machine-proposed,SOCIAL
A_1e588aefe433,CHAR_001,Fyodor Pavlovich Karamazov,SOCIAL,CHAR_011,Pyotr Alexandrovich Miusov,undirected_or_unknown,0.55,unreviewed,cue+cooccurrence rule,8,BK_P00008,machine-proposed,SOCIAL
A_fecb701efcba,CHAR_002,Dmitri Fyodorovich Karamazov,SOCIAL,CHAR_011,Pyotr Alexandrovich Miusov,undirected_or_unknown,0.55,unreviewed,cue+cooccurrence rule,8,BK_P00008,machine-proposed,SOCIAL
A_4535f08c4ab9,CHAR_001,Fyodor Pavlovich Karamazov,FAMILY,CHAR_002,Dmitri Fyodorovich Karamazov,undirected_or_unknown,0.72,unreviewed,cue+cooccurrence rule,9,BK_P00009,machine-proposed,FAMILY
A_67e8f8ce406a,CHAR_001,Fyodor Pavlovich Karamazov,ROMANTIC,CHAR_002,Dmitri Fyodorovich Karamazov,undirected_or_unknown,0.65,unreviewed,cue+cooccurrence rule,9,BK_P00009,machine-proposed,ROMANTIC
A_620db7bd328d,CHAR_001,Fyodor Pavlovich Karamazov,FINANCIAL,CHAR_002,Dmitri Fyodorovich Karamazov,undirected_or_unknown,0.58,unreviewed,cue+cooccurrence rule,9,BK_P00009,machine-proposed,FINANCIAL
A_cfb39cba6a66,CHAR_001,Fyodor Pavlovich Karamazov,FAMILY,CHAR_002,Dmitri Fyodorovich Karamazov,undirected_or_unknown,0.72,unreviewed,cue+cooccurrence rule,10,BK_P00010,machine-proposed,FAMILY
A_acd84df49454,CHAR_001,Fyodor Pavlovich Karamazov,CONFLICT,CHAR_002,Dmitri Fyodorovich Karamazov,undirected_or_unknown,0.64,unreviewed,cue+cooccurrence rule,10,BK_P00010,machine-proposed,CONFLICT
A_8cfd6d868492,CHAR_001,Fyodor Pavlovich Karamazov,FINANCIAL,CHAR_002,Dmitri Fyodorovich Karamazov,undirected_or_unknown,0.58,unreviewed,cue+cooccurrence rule,10,BK_P00010,machine-proposed,FINANCIAL
A_de8db01b0880,CHAR_001,Fyodor Pavlovich Karamazov,SOCIAL,CHAR_002,Dmitri Fyodorovich Karamazov,undirected_or_unknown,0.55,unreviewed,cue+cooccurrence rule,10,BK_P00010,machine-proposed,SOCIAL
A_02b083ec2409,CHAR_001,Fyodor Pavlovich Karamazov,FAMILY,CHAR_002,Dmitri Fyodorovich Karamazov,undirected_or_unknown,0.72,unreviewed,cue+cooccurrence rule,12,BK_P00012,machine-proposed,FAMILY
A_69e0c0e04690,CHAR_001,Fyodor Pavlovich Karamazov,ROMANTIC,CHAR_002,Dmitri Fyodorovich Karamazov,undirected_or_unknown,0.65,unreviewed,cue+cooccurrence rule,12,BK_P00012,machine-proposed,ROMANTIC
A_d43c7a716538,CHAR_001,Fyodor Pavlovich Karamazov,FAMILY,CHAR_002,Dmitri Fyodorovich Karamazov,undirected_or_unknown,0.72,unreviewed,cue+cooccurrence rule,14,BK_P00014,machine-proposed,FAMILY
A_620e07d34f8b,CHAR_001,Fyodor Pavlovich Karamazov,FAMILY,CHAR_003,Ivan Fyodorovich Karamazov,undirected_or_unknown,0.72,unreviewed,cue+cooccurrence rule,14,BK_P00014,machine-proposed,FAMILY
A_eb39f5ef11f7,CHAR_001,Fyodor Pavlovich Karamazov,FAMILY,CHAR_004,Alexei Fyodorovich Karamazov,undirected_or_unknown,0.72,unreviewed,cue+cooccurrence rule,14,BK_P00014,machine-proposed,FAMILY
A_ede1ab964851,CHAR_002,Dmitri Fyodorovich Karamazov,FAMILY,CHAR_003,Ivan Fyodorovich Karamazov,undirected_or_unknown,0.72,unreviewed,cue+cooccurrence rule,14,BK_P00014,machine-proposed,FAMILY
A_d2da514a4eae,CHAR_002,Dmitri Fyodorovich Karamazov,FAMILY,CHAR_004,Alexei Fyodorovich Karamazov,undirected_or_unknown,0.72,unreviewed,cue+cooccurrence rule,14,BK_P00014,machine-proposed,FAMILY
A_99ef0f3937df,CHAR_003,Ivan Fyodorovich Karamazov,FAMILY,CHAR_004,Alexei Fyodorovich Karamazov,undirected_or_unknown,0.72,unreviewed,cue+cooccurrence rule,14,BK_P00014,machine-proposed,FAMILY
A_56e2e420afc6,CHAR_001,Fyodor Pavlovich Karamazov,CONFLICT,CHAR_002,Dmitri Fyodorovich Karamazov,undirected_or_unknown,0.64,unreviewed,cue+cooccurrence rule,14,BK_P00014,machine-proposed,CONFLICT
A_de861a414030,CHAR_001,Fyodor Pavlovich Karamazov,CONFLICT,CHAR_003,Ivan Fyodorovich Karamazov,undirected_or_unknown,0.64,unreviewed,cue+cooccurrence rule,14,BK_P00014,machine-proposed,CONFLICT
A_389ef25abca8,CHAR_001,Fyodor Pavlovich Karamazov,CONFLICT,CHAR_004,Alexei Fyodorovich Karamazov,undirected_or_unknown,0.64,unreviewed,cue+cooccurrence rule,14,BK_P00014,machine-proposed,CONFLICT
A_e02a8ac0fcf3,CHAR_002,Dmitri Fyodorovich Karamazov,CONFLICT,CHAR_003,Ivan Fyodorovich Karamazov,undirected_or_unknown,0.64,unreviewed,cue+cooccurrence rule,14,BK_P00014,machine-proposed,CONFLICT
A_903c4fbac64e,CHAR_002,Dmitri Fyodorovich Karamazov,CONFLICT,CHAR_004,Alexei Fyodorovich Karamazov,undirected_or_unknown,0.64,unreviewed,cue+cooccurrence rule,14,BK_P00014,machine-proposed,CONFLICT
A_7788fc3f2fe7,CHAR_003,Ivan Fyodorovich Karamazov,CONFLICT,CHAR_004,Alexei Fyodorovich Karamazov,undirected_or_unknown,0.64,unreviewed,cue+cooccurrence rule,14,BK_P00014,machine-proposed,CONFLICT
A_7f563174131a,CHAR_001,Fyodor Pavlovich Karamazov,FAMILY,CHAR_003,Ivan Fyodorovich Karamazov,undirected_or_unknown,0.72,unreviewed,cue+cooccurrence rule,18,BK_P00018,machine-proposed,FAMILY
A_eafb2786f6b8,CHAR_001,Fyodor Pavlovich Karamazov,FAMILY,CHAR_004,Alexei Fyodorovich Karamazov,undirected_or_unknown,0.72,unreviewed,cue+cooccurrence rule,18,BK_P00018,machine-proposed,FAMILY
A_25a55d331330,CHAR_003,Ivan Fyodorovich Karamazov,FAMILY,CHAR_004,Alexei Fyodorovich Karamazov,undirected_or_unknown,0.72,unreviewed,cue+cooccurrence rule,18,BK_P00018,machine-proposed,FAMILY
A_70c56a96e1b6,CHAR_001,Fyodor Pavlovich Karamazov,FINANCIAL,CHAR_003,Ivan Fyodorovich Karamazov,undirected_or_unknown,0.58,unreviewed,cue+cooccurrence rule,18,BK_P00018,machine-proposed,FINANCIAL
A_1a4381fa2a63,CHAR_001,Fyodor Pavlovich Karamazov,FINANCIAL,CHAR_004,Alexei Fyodorovich Karamazov,undirected_or_unknown,0.58,unreviewed,cue+cooccurrence rule,18,BK_P00018,machine-proposed,FINANCIAL
A_f1b5c5a57163,CHAR_003,Ivan Fyodorovich Karamazov,FINANCIAL,CHAR_004,Alexei Fyodorovich Karamazov,undirected_or_unknown,0.58,unreviewed,cue+cooccurrence rule,18,BK_P00018,machine-proposed,FINANCIAL
A_74d69895a274,CHAR_001,Fyodor Pavlovich Karamazov,SOCIAL,CHAR_003,Ivan Fyodorovich Karamazov,undirected_or_unknown,0.55,unreviewed,cue+cooccurrence rule,18,BK_P00018,machine-proposed,SOCIAL
A_2a16d6c58e8d,CHAR_001,Fyodor Pavlovich Karamazov,SOCIAL,CHAR_004,Alexei Fyodorovich Karamazov,undirected_or_unknown,0.55,unreviewed,cue+cooccurrence rule,18,BK_P00018,machine-proposed,SOCIAL
A_60c253fc8744,CHAR_003,Ivan Fyodorovich Karamazov,SOCIAL,CHAR_004,Alexei Fyodorovich Karamazov,undirected_or_unknown,0.55,unreviewed,cue+cooccurrence rule,18,BK_P00018,machine-proposed,SOCIAL
A_fbe991c8cf7d,CHAR_001,Fyodor Pavlovich Karamazov,FAMILY,CHAR_003,Ivan Fyodorovich Karamazov,undirected_or_unknown,0.72,unreviewed,cue+cooccurrence rule,19,BK_P00019,machine-proposed,FAMILY
A_1e8b6903d826,CHAR_001,Fyodor Pavlovich Karamazov,FAMILY,CHAR_004,Alexei Fyodorovich Karamazov,undirected_or_unknown,0.72,unreviewed,cue+cooccurrence rule,19,BK_P00019,machine-proposed,FAMILY
A_f5db3488fca6,CHAR_001,Fyodor Pavlovich Karamazov,FAMILY,CHAR_011,Pyotr Alexandrovich Miusov,undirected_or_unknown,0.72,unreviewed,cue+cooccurrence rule,19,BK_P00019,machine-proposed,FAMILY
A_185da4c90ad4,CHAR_003,Ivan Fyodorovich Karamazov,FAMILY,CHAR_004,Alexei Fyodorovich Karamazov,undirected_or_unknown,0.72,unreviewed,cue+cooccurrence rule,19,BK_P00019,machine-proposed,FAMILY
A_8efa2d2c02c1,CHAR_003,Ivan Fyodorovich Karamazov,FAMILY,CHAR_011,Pyotr Alexandrovich Miusov,undirected_or_unknown,0.72,unreviewed,cue+cooccurrence rule,19,BK_P00019,machine-proposed,FAMILY
A_63f796868cd5,CHAR_004,Alexei Fyodorovich Karamazov,FAMILY,CHAR_011,Pyotr Alexandrovich Miusov,undirected_or_unknown,0.72,unreviewed,cue+cooccurrence rule,19,BK_P00019,machine-proposed,FAMILY
A_f73ade032652,CHAR_001,Fyodor Pavlovich Karamazov,FINANCIAL,CHAR_003,Ivan Fyodorovich Karamazov,undirected_or_unknown,0.58,unreviewed,cue+cooccurrence rule,19,BK_P00019,machine-proposed,FINANCIAL
A_4b6666659315,CHAR_001,Fyodor Pavlovich Karamazov,FINANCIAL,CHAR_004,Alexei Fyodorovich Karamazov,undirected_or_unknown,0.58,unreviewed,cue+cooccurrence rule,19,BK_P00019,machine-proposed,FINANCIAL
A_e79c86b1db1d,CHAR_001,Fyodor Pavlovich Karamazov,FINANCIAL,CHAR_011,Pyotr Alexandrovich Miusov,undirected_or_unknown,0.58,unreviewed,cue+cooccurrence rule,19,BK_P00019,machine-proposed,FINANCIAL
A_78fbfc1122d1,CHAR_003,Ivan Fyodorovich Karamazov,FINANCIAL,CHAR_004,Alexei Fyodorovich Karamazov,undirected_or_unknown,0.58,unreviewed,cue+cooccurrence rule,19,BK_P00019,machine-proposed,FINANCIAL
A_fc1e433e9eff,CHAR_003,Ivan Fyodorovich Karamazov,FINANCIAL,CHAR_011,Pyotr Alexandrovich Miusov,undirected_or_unknown,0.58,unreviewed,cue+cooccurrence rule,19,BK_P00019,machine-proposed,FINANCIAL
A_2cddc795313a,CHAR_004,Alexei Fyodorovich Karamazov,FINANCIAL,CHAR_011,Pyotr Alexandrovich Miusov,undirected_or_unknown,0.58,unreviewed,cue+cooccurrence rule,19,BK_P00019,machine-proposed,FINANCIAL
A_51234908988a,CHAR_001,Fyodor Pavlovich Karamazov,SOCIAL,CHAR_003,Ivan Fyodorovich Karamazov,undirected_or_unknown,0.55,unreviewed,cue+cooccurrence rule,19,BK_P00019,machine-proposed,SOCIAL
A_881fa28d24b1,CHAR_001,Fyodor Pavlovich Karamazov,SOCIAL,CHAR_004,Alexei Fyodorovich Karamazov,undirected_or_unknown,0.55,unreviewed,cue+cooccurrence rule,19,BK_P00019,machine-proposed,SOCIAL
A_b0d667ce2f69,CHAR_001,Fyodor Pavlovich Karamazov,SOCIAL,CHAR_011,Pyotr Alexandrovich Miusov,undirected_or_unknown,0.55,unreviewed,cue+cooccurrence rule,19,BK_P00019,machine-proposed,SOCIAL
A_6bac22a77e60,CHAR_003,Ivan Fyodorovich Karamazov,SOCIAL,CHAR_004,Alexei Fyodorovich Karamazov,undirected_or_unknown,0.55,unreviewed,cue+cooccurrence rule,19,BK_P00019,machine-proposed,SOCIAL
A_69db5ef85d4a,CHAR_003,Ivan Fyodorovich Karamazov,SOCIAL,CHAR_011,Pyotr Alexandrovich Miusov,undirected_or_unknown,0.55,unreviewed,cue+cooccurrence rule,19,BK_P00019,machine-proposed,SOCIAL
A_bdad982b6c56,CHAR_004,Alexei Fyodorovich Karamazov,SOCIAL,CHAR_011,Pyotr Alexandrovich Miusov,undirected_or_unknown,0.55,unreviewed,cue+cooccurrence rule,19,BK_P00019,machine-proposed,SOCIAL
A_4481ba55f5b8,CHAR_002,Dmitri Fyodorovich Karamazov,FAMILY,CHAR_003,Ivan Fyodorovich Karamazov,undirected_or_unknown,0.72,unreviewed,cue+cooccurrence rule,22,BK_P00022,machine-proposed,FAMILY
A_5a2cd03b9b23,CHAR_002,Dmitri Fyodorovich Karamazov,SOCIAL,CHAR_003,Ivan Fyodorovich Karamazov,undirected_or_unknown,0.55,unreviewed,cue+cooccurrence rule,22,BK_P00022,machine-proposed,SOCIAL
A_b241e0ee8b5d,CHAR_002,Dmitri Fyodorovich Karamazov,FAMILY,CHAR_003,Ivan Fyodorovich Karamazov,undirected_or_unknown,0.72,unreviewed,cue+cooccurrence rule,23,BK_P00023,machine-proposed,FAMILY
A_e76bd73e2a14,CHAR_002,Dmitri Fyodorovich Karamazov,CONFLICT,CHAR_003,Ivan Fyodorovich Karamazov,undirected_or_unknown,0.64,unreviewed,cue+cooccurrence rule,23,BK_P00023,machine-proposed,CONFLICT
A_bf4296610271,CHAR_002,Dmitri Fyodorovich Karamazov,FAMILY,CHAR_003,Ivan Fyodorovich Karamazov,undirected_or_unknown,0.72,unreviewed,cue+cooccurrence rule,26,BK_P00026,machine-proposed,FAMILY
A_9aa95d3a0d4f,CHAR_002,Dmitri Fyodorovich Karamazov,FAMILY,CHAR_004,Alexei Fyodorovich Karamazov,undirected_or_unknown,0.72,unreviewed,cue+cooccurrence rule,26,BK_P00026,machine-proposed,FAMILY
A_c0fa848f0c6b,CHAR_002,Dmitri Fyodorovich Karamazov,FAMILY,CHAR_008,Zosima,undirected_or_unknown,0.72,unreviewed,cue+cooccurrence rule,26,BK_P00026,machine-proposed,FAMILY
A_e42265ae7bcd,CHAR_003,Ivan Fyodorovich Karamazov,FAMILY,CHAR_004,Alexei Fyodorovich Karamazov,undirected_or_unknown,0.72,unreviewed,cue+cooccurrence rule,26,BK_P00026,machine-proposed,FAMILY
A_26422e4668ac,CHAR_003,Ivan Fyodorovich Karamazov,FAMILY,CHAR_008,Zosima,undirected_or_unknown,0.72,unreviewed,cue+cooccurrence rule,26,BK_P00026,machine-proposed,FAMILY
A_d035344bdf0c,CHAR_004,Alexei Fyodorovich Karamazov,FAMILY,CHAR_008,Zosima,undirected_or_unknown,0.72,unreviewed,cue+cooccurrence rule,26,BK_P00026,machine-proposed,FAMILY
A_ea693496fcff,CHAR_002,Dmitri Fyodorovich Karamazov,ROMANTIC,CHAR_003,Ivan Fyodorovich Karamazov,undirected_or_unknown,0.65,unreviewed,cue+cooccurrence rule,26,BK_P00026,machine-proposed,ROMANTIC
A_3721aee34e3e,CHAR_002,Dmitri Fyodorovich Karamazov,ROMANTIC,CHAR_004,Alexei Fyodorovich Karamazov,undirected_or_unknown,0.65,unreviewed,cue+cooccurrence rule,26,BK_P00026,machine-proposed,ROMANTIC
A_60e69f0f33fe,CHAR_002,Dmitri Fyodorovich Karamazov,ROMANTIC,CHAR_008,Zosima,undirected_or_unknown,0.65,unreviewed,cue+cooccurrence rule,26,BK_P00026,machine-proposed,ROMANTIC
A_98cb79fe2626,CHAR_003,Ivan Fyodorovich Karamazov,ROMANTIC,CHAR_004,Alexei Fyodorovich Karamazov,undirected_or_unknown,0.65,unreviewed,cue+cooccurrence rule,26,BK_P00026,machine-proposed,ROMANTIC
A_f3c5eb650908,CHAR_003,Ivan Fyodorovich Karamazov,ROMANTIC,CHAR_008,Zosima,undirected_or_unknown,0.65,unreviewed,cue+cooccurrence rule,26,BK_P00026,machine-proposed,ROMANTIC
A_06aee714ebe0,CHAR_004,Alexei Fyodorovich Karamazov,ROMANTIC,CHAR_008,Zosima,undirected_or_unknown,0.65,unreviewed,cue+cooccurrence rule,26,BK_P00026,machine-proposed,ROMANTIC
A_9ec7355de6b2,CHAR_001,Fyodor Pavlovich Karamazov,FAMILY,CHAR_004,Alexei Fyodorovich Karamazov,undirected_or_unknown,0.72,unreviewed,cue+cooccurrence rule,27,BK_P00027,machine-proposed,FAMILY
A_330e8bbe18f1,CHAR_001,Fyodor Pavlovich Karamazov,ROMANTIC,CHAR_004,Alexei Fyodorovich Karamazov,undirected_or_unknown,0.65,unreviewed,cue+cooccurrence rule,27,BK_P00027,machine-proposed,ROMANTIC
A_f94304400466,CHAR_003,Ivan Fyodorovich Karamazov,FAMILY,CHAR_004,Alexei Fyodorovich Karamazov,undirected_or_unknown,0.72,unreviewed,cue+cooccurrence rule,28,BK_P00028,machine-proposed,FAMILY
A_f28b358ef82c,CHAR_003,Ivan Fyodorovich Karamazov,FINANCIAL,CHAR_004,Alexei Fyodorovich Karamazov,undirected_or_unknown,0.58,unreviewed,cue+cooccurrence rule,28,BK_P00028,machine-proposed,FINANCIAL
A_8b83cc62a3a7,CHAR_003,Ivan Fyodorovich Karamazov,SOCIAL,CHAR_004,Alexei Fyodorovich Karamazov,undirected_or_unknown,0.55,unreviewed,cue+cooccurrence rule,28,BK_P00028,machine-proposed,SOCIAL
A_9c6dffb9c01c,CHAR_004,Alexei Fyodorovich Karamazov,FINANCIAL,CHAR_011,Pyotr Alexandrovich Miusov,undirected_or_unknown,0.58,unreviewed,cue+cooccurrence rule,29,BK_P00029,machine-proposed,FINANCIAL
A_134826a41d5e,CHAR_001,Fyodor Pavlovich Karamazov,FINANCIAL,CHAR_004,Alexei Fyodorovich Karamazov,undirected_or_unknown,0.58,unreviewed,cue+cooccurrence rule,32,BK_P00032,machine-proposed,FINANCIAL
A_8855b20cb3ea,CHAR_001,Fyodor Pavlovich Karamazov,SOCIAL,CHAR_004,Alexei Fyodorovich Karamazov,undirected_or_unknown,0.55,unreviewed,cue+cooccurrence rule,32,BK_P00032,machine-proposed,SOCIAL
A_e00d75efb5d7,CHAR_001,Fyodor Pavlovich Karamazov,FAMILY,CHAR_004,Alexei Fyodorovich Karamazov,undirected_or_unknown,0.72,unreviewed,cue+cooccurrence rule,33,BK_P00033,machine-proposed,FAMILY
A_eca8084845da,CHAR_001,Fyodor Pavlovich Karamazov,SOCIAL,CHAR_004,Alexei Fyodorovich Karamazov,undirected_or_unknown,0.55,unreviewed,cue+cooccurrence rule,33,BK_P00033,machine-proposed,SOCIAL
A_e375786dea6b,CHAR_004,Alexei Fyodorovich Karamazov,FAMILY,CHAR_008,Zosima,undirected_or_unknown,0.72,unreviewed,cue+cooccurrence rule,35,BK_P00035,machine-proposed,FAMILY
A_d2b20c52bef9,CHAR_004,Alexei Fyodorovich Karamazov,FAMILY,CHAR_008,Zosima,undirected_or_unknown,0.72,unreviewed,cue+cooccurrence rule,43,BK_P00043,machine-proposed,FAMILY
A_3daba37c29b0,CHAR_004,Alexei Fyodorovich Karamazov,FAMILY,CHAR_008,Zosima,undirected_or_unknown,0.72,unreviewed,cue+cooccurrence rule,47,BK_P00047,machine-proposed,FAMILY
A_5a3b713d13ec,CHAR_004,Alexei Fyodorovich Karamazov,FAMILY,CHAR_008,Zosima,undirected_or_unknown,0.72,unreviewed,cue+cooccurrence rule,48,BK_P00048,machine-proposed,FAMILY
A_77b2676275f3,CHAR_004,Alexei Fyodorovich Karamazov,ROMANTIC,CHAR_008,Zosima,undirected_or_unknown,0.65,unreviewed,cue+cooccurrence rule,48,BK_P00048,machine-proposed,ROMANTIC
A_d90554bf5fb5,CHAR_004,Alexei Fyodorovich Karamazov,CONFLICT,CHAR_008,Zosima,undirected_or_unknown,0.64,unreviewed,cue+cooccurrence rule,48,BK_P00048,machine-proposed,CONFLICT
A_c2662ac23a89,CHAR_002,Dmitri Fyodorovich Karamazov,FAMILY,CHAR_003,Ivan Fyodorovich Karamazov,undirected_or_unknown,0.72,unreviewed,cue+cooccurrence rule,53,BK_P00053,machine-proposed,FAMILY
A_c4ce373a01ae,CHAR_002,Dmitri Fyodorovich Karamazov,FAMILY,CHAR_004,Alexei Fyodorovich Karamazov,undirected_or_unknown,0.72,unreviewed,cue+cooccurrence rule,53,BK_P00053,machine-proposed,FAMILY
A_52c7591afed3,CHAR_003,Ivan Fyodorovich Karamazov,FAMILY,CHAR_004,Alexei Fyodorovich Karamazov,undirected_or_unknown,0.72,unreviewed,cue+cooccurrence rule,53,BK_P00053,machine-proposed,FAMILY
A_39aa64a5119d,CHAR_001,Fyodor Pavlovich Karamazov,FAMILY,CHAR_002,Dmitri Fyodorovich Karamazov,undirected_or_unknown,0.72,unreviewed,cue+cooccurrence rule,54,BK_P00054,machine-proposed,FAMILY
A_b8164e4e49f0,CHAR_001,Fyodor Pavlovich Karamazov,FAMILY,CHAR_003,Ivan Fyodorovich Karamazov,undirected_or_unknown,0.72,unreviewed,cue+cooccurrence rule,54,BK_P00054,machine-proposed,FAMILY
A_fe92a5039160,CHAR_001,Fyodor Pavlovich Karamazov,FAMILY,CHAR_004,Alexei Fyodorovich Karamazov,undirected_or_unknown,0.72,unreviewed,cue+cooccurrence rule,54,BK_P00054,machine-proposed,FAMILY
A_57293af76436,CHAR_001,Fyodor Pavlovich Karamazov,FAMILY,CHAR_008,Zosima,undirected_or_unknown,0.72,unreviewed,cue+cooccurrence rule,54,BK_P00054,machine-proposed,FAMILY
A_9588d9a559e4,CHAR_001,Fyodor Pavlovich Karamazov,FAMILY,CHAR_011,Pyotr Alexandrovich Miusov,undirected_or_unknown,0.72,unreviewed,cue+cooccurrence rule,54,BK_P00054,machine-proposed,FAMILY
A_c13a42b6ed15,CHAR_002,Dmitri Fyodorovich Karamazov,FAMILY,CHAR_003,Ivan Fyodorovich Karamazov,undirected_or_unknown,0.72,unreviewed,cue+cooccurrence rule,54,BK_P00054,machine-proposed,FAMILY
A_904cdca0dfe2,CHAR_002,Dmitri Fyodorovich Karamazov,FAMILY,CHAR_004,Alexei Fyodorovich Karamazov,undirected_or_unknown,0.72,unreviewed,cue+cooccurrence rule,54,BK_P00054,machine-proposed,FAMILY
A_c8299017d367,CHAR_002,Dmitri Fyodorovich Karamazov,FAMILY,CHAR_008,Zosima,undirected_or_unknown,0.72,unreviewed,cue+cooccurrence rule,54,BK_P00054,machine-proposed,FAMILY
A_7f119482bc1a,CHAR_002,Dmitri Fyodorovich Karamazov,FAMILY,CHAR_011,Pyotr Alexandrovich Miusov,undirected_or_unknown,0.72,unreviewed,cue+cooccurrence rule,54,BK_P00054,machine-proposed,FAMILY
A_c4377d7771af,CHAR_003,Ivan Fyodorovich Karamazov,FAMILY,CHAR_004,Alexei Fyodorovich Karamazov,undirected_or_unknown,0.72,unreviewed,cue+cooccurrence rule,54,BK_P00054,machine-proposed,FAMILY
A_7334a034f613,CHAR_003,Ivan Fyodorovich Karamazov,FAMILY,CHAR_008,Zosima,undirected_or_unknown,0.72,unreviewed,cue+cooccurrence rule,54,BK_P00054,machine-proposed,FAMILY
A_41b3ac55241b,CHAR_003,Ivan Fyodorovich Karamazov,FAMILY,CHAR_011,Pyotr Alexandrovich Miusov,undirected_or_unknown,0.72,unreviewed,cue+cooccurrence rule,54,BK_P00054,machine-proposed,FAMILY
A_1e179878d934,CHAR_004,Alexei Fyodorovich Karamazov,FAMILY,CHAR_008,Zosima,undirected_or_unknown,0.72,unreviewed,cue+cooccurrence rule,54,BK_P00054,machine-proposed,FAMILY
A_a822cc91ce3f,CHAR_004,Alexei Fyodorovich Karamazov,FAMILY,CHAR_011,Pyotr Alexandrovich Miusov,undirected_or_unknown,0.72,unreviewed,cue+cooccurrence rule,54,BK_P00054,machine-proposed,FAMILY
A_c9216445dc7b,CHAR_008,Zosima,FAMILY,CHAR_011,Pyotr Alexandrovich Miusov,undirected_or_unknown,0.72,unreviewed,cue+cooccurrence rule,54,BK_P00054,machine-proposed,FAMILY
A_8b12239359cd,CHAR_002,Dmitri Fyodorovich Karamazov,FAMILY,CHAR_003,Ivan Fyodorovich Karamazov,undirected_or_unknown,0.72,unreviewed,cue+cooccurrence rule,56,BK_P00056,machine-proposed,FAMILY
A_ca51111111c6,CHAR_002,Dmitri Fyodorovich Karamazov,FAMILY,CHAR_004,Alexei Fyodorovich Karamazov,undirected_or_unknown,0.72,unreviewed,cue+cooccurrence rule,56,BK_P00056,machine-proposed,FAMILY
A_32bbd07bddd5,CHAR_002,Dmitri Fyodorovich Karamazov,FAMILY,CHAR_011,Pyotr Alexandrovich Miusov,undirected_or_unknown,0.72,unreviewed,cue+cooccurrence rule,56,BK_P00056,machine-proposed,FAMILY
A_19922dc25cd5,CHAR_003,Ivan Fyodorovich Karamazov,FAMILY,CHAR_004,Alexei Fyodorovich Karamazov,undirected_or_unknown,0.72,unreviewed,cue+cooccurrence rule,56,BK_P00056,machine-proposed,FAMILY
A_bb8ecec8e710,CHAR_003,Ivan Fyodorovich Karamazov,FAMILY,CHAR_011,Pyotr Alexandrovich Miusov,undirected_or_unknown,0.72,unreviewed,cue+cooccurrence rule,56,BK_P00056,machine-proposed,FAMILY
A_bbb6cc8e2736,CHAR_004,Alexei Fyodorovich Karamazov,FAMILY,CHAR_011,Pyotr Alexandrovich Miusov,undirected_or_unknown,0.72,unreviewed,cue+cooccurrence rule,56,BK_P00056,machine-proposed,FAMILY
A_a2fd89dd40ec,CHAR_002,Dmitri Fyodorovich Karamazov,ROMANTIC,CHAR_003,Ivan Fyodorovich Karamazov,undirected_or_unknown,0.65,unreviewed,cue+cooccurrence rule,56,BK_P00056,machine-proposed,ROMANTIC
A_cb7e49ea8fd7,CHAR_002,Dmitri Fyodorovich Karamazov,ROMANTIC,CHAR_004,Alexei Fyodorovich Karamazov,undirected_or_unknown,0.65,unreviewed,cue+cooccurrence rule,56,BK_P00056,machine-proposed,ROMANTIC
A_98445e9360ef,CHAR_002,Dmitri Fyodorovich Karamazov,ROMANTIC,CHAR_011,Pyotr Alexandrovich Miusov,undirected_or_unknown,0.65,unreviewed,cue+cooccurrence rule,56,BK_P00056,machine-proposed,ROMANTIC
A_b1698b21785a,CHAR_003,Ivan Fyodorovich Karamazov,ROMANTIC,CHAR_004,Alexei Fyodorovich Karamazov,undirected_or_unknown,0.65,unreviewed,cue+cooccurrence rule,56,BK_P00056,machine-proposed,ROMANTIC
A_9396a247e2f9,CHAR_003,Ivan Fyodorovich Karamazov,ROMANTIC,CHAR_011,Pyotr Alexandrovich Miusov,undirected_or_unknown,0.65,unreviewed,cue+cooccurrence rule,56,BK_P00056,machine-proposed,ROMANTIC
A_424b4c5c6906,CHAR_004,Alexei Fyodorovich Karamazov,ROMANTIC,CHAR_011,Pyotr Alexandrovich Miusov,undirected_or_unknown,0.65,unreviewed,cue+cooccurrence rule,56,BK_P00056,machine-proposed,ROMANTIC
A_9464969c9662,CHAR_002,Dmitri Fyodorovich Karamazov,SOCIAL,CHAR_003,Ivan Fyodorovich Karamazov,undirected_or_unknown,0.55,unreviewed,cue+cooccurrence rule,56,BK_P00056,machine-proposed,SOCIAL
A_9c31100f5909,CHAR_002,Dmitri Fyodorovich Karamazov,SOCIAL,CHAR_004,Alexei Fyodorovich Karamazov,undirected_or_unknown,0.55,unreviewed,cue+cooccurrence rule,56,BK_P00056,machine-proposed,SOCIAL
A_29339d63ddb9,CHAR_002,Dmitri Fyodorovich Karamazov,SOCIAL,CHAR_011,Pyotr Alexandrovich Miusov,undirected_or_unknown,0.55,unreviewed,cue+cooccurrence rule,56,BK_P00056,machine-proposed,SOCIAL
A_3e18f14f8168,CHAR_003,Ivan Fyodorovich Karamazov,SOCIAL,CHAR_004,Alexei Fyodorovich Karamazov,undirected_or_unknown,0.55,unreviewed,cue+cooccurrence rule,56,BK_P00056,machine-proposed,SOCIAL
A_067976c5eb4f,CHAR_003,Ivan Fyodorovich Karamazov,SOCIAL,CHAR_011,Pyotr Alexandrovich Miusov,undirected_or_unknown,0.55,unreviewed,cue+cooccurrence rule,56,BK_P00056,machine-proposed,SOCIAL
A_a53345304f6f,CHAR_004,Alexei Fyodorovich Karamazov,SOCIAL,CHAR_011,Pyotr Alexandrovich Miusov,undirected_or_unknown,0.55,unreviewed,cue+cooccurrence rule,56,BK_P00056,machine-proposed,SOCIAL
A_aee9e0a8e75c,CHAR_004,Alexei Fyodorovich Karamazov,SOCIAL,CHAR_011,Pyotr Alexandrovich Miusov,undirected_or_unknown,0.55,unreviewed,cue+cooccurrence rule,59,BK_P00059,machine-proposed,SOCIAL
A_6c845e5d816f,CHAR_001,Fyodor Pavlovich Karamazov,FAMILY,CHAR_002,Dmitri Fyodorovich Karamazov,undirected_or_unknown,0.72,unreviewed,cue+cooccurrence rule,60,BK_P00060,machine-proposed,FAMILY
A_89c93836ac52,CHAR_001,Fyodor Pavlovich Karamazov,FAMILY,CHAR_003,Ivan Fyodorovich Karamazov,undirected_or_unknown,0.72,unreviewed,cue+cooccurrence rule,60,BK_P00060,machine-proposed,FAMILY
A_2be1a17119cc,CHAR_001,Fyodor Pavlovich Karamazov,FAMILY,CHAR_011,Pyotr Alexandrovich Miusov,undirected_or_unknown,0.72,unreviewed,cue+cooccurrence rule,60,BK_P00060,machine-proposed,FAMILY
A_51217035c2b1,CHAR_002,Dmitri Fyodorovich Karamazov,FAMILY,CHAR_003,Ivan Fyodorovich Karamazov,undirected_or_unknown,0.72,unreviewed,cue+cooccurrence rule,60,BK_P00060,machine-proposed,FAMILY
A_9c67dc504942,CHAR_002,Dmitri Fyodorovich Karamazov,FAMILY,CHAR_011,Pyotr Alexandrovich Miusov,undirected_or_unknown,0.72,unreviewed,cue+cooccurrence rule,60,BK_P00060,machine-proposed,FAMILY
A_849d5a1df8ee,CHAR_003,Ivan Fyodorovich Karamazov,FAMILY,CHAR_011,Pyotr Alexandrovich Miusov,undirected_or_unknown,0.72,unreviewed,cue+cooccurrence rule,60,BK_P00060,machine-proposed,FAMILY
A_0cd864534cfb,CHAR_001,Fyodor Pavlovich Karamazov,FAMILY,CHAR_003,Ivan Fyodorovich Karamazov,undirected_or_unknown,0.72,unreviewed,cue+cooccurrence rule,104,BK_P00104,machine-proposed,FAMILY
A_14c76df6db81,CHAR_001,Fyodor Pavlovich Karamazov,FAMILY,CHAR_004,Alexei Fyodorovich Karamazov,undirected_or_unknown,0.72,unreviewed,cue+cooccurrence rule,104,BK_P00104,machine-proposed,FAMILY
A_01e04464c161,CHAR_001,Fyodor Pavlovich Karamazov,FAMILY,CHAR_008,Zosima,undirected_or_unknown,0.72,unreviewed,cue+cooccurrence rule,104,BK_P00104,machine-proposed,FAMILY
A_89a52756bd94,CHAR_001,Fyodor Pavlovich Karamazov,FAMILY,CHAR_011,Pyotr Alexandrovich Miusov,undirected_or_unknown,0.72,unreviewed,cue+cooccurrence rule,104,BK_P00104,machine-proposed,FAMILY
A_a8bdc4600612,CHAR_003,Ivan Fyodorovich Karamazov,FAMILY,CHAR_004,Alexei Fyodorovich Karamazov,undirected_or_unknown,0.72,unreviewed,cue+cooccurrence rule,104,BK_P00104,machine-proposed,FAMILY
A_613f2ad44f87,CHAR_003,Ivan Fyodorovich Karamazov,FAMILY,CHAR_008,Zosima,undirected_or_unknown,0.72,unreviewed,cue+cooccurrence rule,104,BK_P00104,machine-proposed,FAMILY
A_c9a89eff8905,CHAR_003,Ivan Fyodorovich Karamazov,FAMILY,CHAR_011,Pyotr Alexandrovich Miusov,undirected_or_unknown,0.72,unreviewed,cue+cooccurrence rule,104,BK_P00104,machine-proposed,FAMILY
A_8d616f19582e,CHAR_004,Alexei Fyodorovich Karamazov,FAMILY,CHAR_008,Zosima,undirected_or_unknown,0.72,unreviewed,cue+cooccurrence rule,104,BK_P00104,machine-proposed,FAMILY
A_319183a4a3f4,CHAR_004,Alexei Fyodorovich Karamazov,FAMILY,CHAR_011,Pyotr Alexandrovich Miusov,undirected_or_unknown,0.72,unreviewed,cue+cooccurrence rule,104,BK_P00104,machine-proposed,FAMILY
A_98411289fef7,CHAR_008,Zosima,FAMILY,CHAR_011,Pyotr Alexandrovich Miusov,undirected_or_unknown,0.72,unreviewed,cue+cooccurrence rule,104,BK_P00104,machine-proposed,FAMILY
A_8009f78bba61,CHAR_004,Alexei Fyodorovich Karamazov,FAMILY,CHAR_008,Zosima,undirected_or_unknown,0.72,unreviewed,cue+cooccurrence rule,105,BK_P00105,machine-proposed,FAMILY
A_ec6558874f08,CHAR_001,Fyodor Pavlovich Karamazov,FAMILY,CHAR_002,Dmitri Fyodorovich Karamazov,undirected_or_unknown,0.72,unreviewed,cue+cooccurrence rule,109,BK_P00109,machine-proposed,FAMILY
A_4c666518d143,CHAR_001,Fyodor Pavlovich Karamazov,FAMILY,CHAR_004,Alexei Fyodorovich Karamazov,undirected_or_unknown,0.72,unreviewed,cue+cooccurrence rule,109,BK_P00109,machine-proposed,FAMILY
A_9b682fb49bb3,CHAR_002,Dmitri Fyodorovich Karamazov,FAMILY,CHAR_004,Alexei Fyodorovich Karamazov,undirected_or_unknown,0.72,unreviewed,cue+cooccurrence rule,109,BK_P00109,machine-proposed,FAMILY
A_b852d5cc2105,CHAR_003,Ivan Fyodorovich Karamazov,FAMILY,CHAR_004,Alexei Fyodorovich Karamazov,undirected_or_unknown,0.72,unreviewed,cue+cooccurrence rule,118,BK_P00118,machine-proposed,FAMILY
A_88cb682b95e0,CHAR_003,Ivan Fyodorovich Karamazov,FAMILY,CHAR_011,Pyotr Alexandrovich Miusov,undirected_or_unknown,0.72,unreviewed,cue+cooccurrence rule,118,BK_P00118,machine-proposed,FAMILY
A_c58133b91005,CHAR_004,Alexei Fyodorovich Karamazov,FAMILY,CHAR_011,Pyotr Alexandrovich Miusov,undirected_or_unknown,0.72,unreviewed,cue+cooccurrence rule,118,BK_P00118,machine-proposed,FAMILY
A_bede4b477964,CHAR_003,Ivan Fyodorovich Karamazov,ROMANTIC,CHAR_004,Alexei Fyodorovich Karamazov,undirected_or_unknown,0.65,unreviewed,cue+cooccurrence rule,118,BK_P00118,machine-proposed,ROMANTIC
A_5b692abf9845,CHAR_003,Ivan Fyodorovich Karamazov,ROMANTIC,CHAR_011,Pyotr Alexandrovich Miusov,undirected_or_unknown,0.65,unreviewed,cue+cooccurrence rule,118,BK_P00118,machine-proposed,ROMANTIC
A_ae2622b2dcf2,CHAR_004,Alexei Fyodorovich Karamazov,ROMANTIC,CHAR_011,Pyotr Alexandrovich Miusov,undirected_or_unknown,0.65,unreviewed,cue+cooccurrence rule,118,BK_P00118,machine-proposed,ROMANTIC
A_2cc1344455e2,CHAR_003,Ivan Fyodorovich Karamazov,FINANCIAL,CHAR_004,Alexei Fyodorovich Karamazov,undirected_or_unknown,0.58,unreviewed,cue+cooccurrence rule,118,BK_P00118,machine-proposed,FINANCIAL
A_be9aa51f8c0e,CHAR_003,Ivan Fyodorovich Karamazov,FINANCIAL,CHAR_011,Pyotr Alexandrovich Miusov,undirected_or_unknown,0.58,unreviewed,cue+cooccurrence rule,118,BK_P00118,machine-proposed,FINANCIAL
A_cef5df431701,CHAR_004,Alexei Fyodorovich Karamazov,FINANCIAL,CHAR_011,Pyotr Alexandrovich Miusov,undirected_or_unknown,0.58,unreviewed,cue+cooccurrence rule,118,BK_P00118,machine-proposed,FINANCIAL
A_b80148eaba7b,CHAR_003,Ivan Fyodorovich Karamazov,SOCIAL,CHAR_004,Alexei Fyodorovich Karamazov,undirected_or_unknown,0.55,unreviewed,cue+cooccurrence rule,118,BK_P00118,machine-proposed,SOCIAL
A_cb791ed30e54,CHAR_003,Ivan Fyodorovich Karamazov,SOCIAL,CHAR_011,Pyotr Alexandrovich Miusov,undirected_or_unknown,0.55,unreviewed,cue+cooccurrence rule,118,BK_P00118,machine-proposed,SOCIAL
A_63f7e87a7384,CHAR_004,Alexei Fyodorovich Karamazov,SOCIAL,CHAR_011,Pyotr Alexandrovich Miusov,undirected_or_unknown,0.55,unreviewed,cue+cooccurrence rule,118,BK_P00118,machine-proposed,SOCIAL
A_2b315f74af4e,CHAR_001,Fyodor Pavlovich Karamazov,FAMILY,CHAR_008,Zosima,undirected_or_unknown,0.72,unreviewed,cue+cooccurrence rule,119,BK_P00119,machine-proposed,FAMILY
A_fe06bdfe84b2,CHAR_001,Fyodor Pavlovich Karamazov,FAMILY,CHAR_011,Pyotr Alexandrovich Miusov,undirected_or_unknown,0.72,unreviewed,cue+cooccurrence rule,119,BK_P00119,machine-proposed,FAMILY
A_435c36755a88,CHAR_008,Zosima,FAMILY,CHAR_011,Pyotr Alexandrovich Miusov,undirected_or_unknown,0.72,unreviewed,cue+cooccurrence rule,119,BK_P00119,machine-proposed,FAMILY
A_b481124df26c,CHAR_001,Fyodor Pavlovich Karamazov,SOCIAL,CHAR_008,Zosima,undirected_or_unknown,0.55,unreviewed,cue+cooccurrence rule,119,BK_P00119,machine-proposed,SOCIAL
A_135b037530f3,CHAR_001,Fyodor Pavlovich Karamazov,SOCIAL,CHAR_011,Pyotr Alexandrovich Miusov,undirected_or_unknown,0.55,unreviewed,cue+cooccurrence rule,119,BK_P00119,machine-proposed,SOCIAL
A_8f77bb9df648,CHAR_008,Zosima,SOCIAL,CHAR_011,Pyotr Alexandrovich Miusov,undirected_or_unknown,0.55,unreviewed,cue+cooccurrence rule,119,BK_P00119,machine-proposed,SOCIAL
A_6ca478f10ef8,CHAR_001,Fyodor Pavlovich Karamazov,FAMILY,CHAR_004,Alexei Fyodorovich Karamazov,undirected_or_unknown,0.72,unreviewed,cue+cooccurrence rule,142,BK_P00142,machine-proposed,FAMILY
A_8b8f29855371,CHAR_001,Fyodor Pavlovich Karamazov,FAMILY,CHAR_008,Zosima,undirected_or_unknown,0.72,unreviewed,cue+cooccurrence rule,142,BK_P00142,machine-proposed,FAMILY
A_9f3b0f1079da,CHAR_004,Alexei Fyodorovich Karamazov,FAMILY,CHAR_008,Zosima,undirected_or_unknown,0.72,unreviewed,cue+cooccurrence rule,142,BK_P00142,machine-proposed,FAMILY
A_fbe115fd98d1,CHAR_008,Zosima,FAMILY,CHAR_013,Madame Khokhlakov,undirected_or_unknown,0.72,unreviewed,cue+cooccurrence rule,146,BK_P00146,machine-proposed,FAMILY
A_3354225967c2,CHAR_008,Zosima,SOCIAL,CHAR_013,Madame Khokhlakov,undirected_or_unknown,0.55,unreviewed,cue+cooccurrence rule,146,BK_P00146,machine-proposed,SOCIAL
A_21b050778358,CHAR_002,Dmitri Fyodorovich Karamazov,FAMILY,CHAR_004,Alexei Fyodorovich Karamazov,undirected_or_unknown,0.72,unreviewed,cue+cooccurrence rule,210,BK_P00210,machine-proposed,FAMILY
A_cded0dee9bfd,CHAR_002,Dmitri Fyodorovich Karamazov,FAMILY,CHAR_007,Katerina Ivanovna Verkhovtseva,undirected_or_unknown,0.72,unreviewed,cue+cooccurrence rule,210,BK_P00210,machine-proposed,FAMILY
A_abb75727fb33,CHAR_004,Alexei Fyodorovich Karamazov,FAMILY,CHAR_007,Katerina Ivanovna Verkhovtseva,undirected_or_unknown,0.72,unreviewed,cue+cooccurrence rule,210,BK_P00210,machine-proposed,FAMILY
A_55958c8217f4,CHAR_001,Fyodor Pavlovich Karamazov,FAMILY,CHAR_008,Zosima,undirected_or_unknown,0.72,unreviewed,cue+cooccurrence rule,256,BK_P00256,machine-proposed,FAMILY
A_a9a8d44fc8da,CHAR_003,Ivan Fyodorovich Karamazov,FAMILY,CHAR_008,Zosima,undirected_or_unknown,0.72,unreviewed,cue+cooccurrence rule,261,BK_P00261,machine-proposed,FAMILY
A_f807e7c533b7,CHAR_002,Dmitri Fyodorovich Karamazov,FAMILY,CHAR_008,Zosima,undirected_or_unknown,0.72,unreviewed,cue+cooccurrence rule,290,BK_P00290,machine-proposed,FAMILY
A_f3666906ca77,CHAR_001,Fyodor Pavlovich Karamazov,FAMILY,CHAR_002,Dmitri Fyodorovich Karamazov,undirected_or_unknown,0.72,unreviewed,cue+cooccurrence rule,295,BK_P00295,machine-proposed,FAMILY
A_9e8baa19d46b,CHAR_002,Dmitri Fyodorovich Karamazov,FAMILY,CHAR_011,Pyotr Alexandrovich Miusov,undirected_or_unknown,0.72,unreviewed,cue+cooccurrence rule,296,BK_P00296,machine-proposed,FAMILY
A_56773f895bc9,CHAR_003,Ivan Fyodorovich Karamazov,ROMANTIC,CHAR_011,Pyotr Alexandrovich Miusov,undirected_or_unknown,0.65,unreviewed,cue+cooccurrence rule,299,BK_P00299,machine-proposed,ROMANTIC
A_074af876d0ae,CHAR_003,Ivan Fyodorovich Karamazov,SOCIAL,CHAR_011,Pyotr Alexandrovich Miusov,undirected_or_unknown,0.55,unreviewed,cue+cooccurrence rule,299,BK_P00299,machine-proposed,SOCIAL
A_7a3f4d758133,CHAR_002,Dmitri Fyodorovich Karamazov,FAMILY,CHAR_003,Ivan Fyodorovich Karamazov,undirected_or_unknown,0.72,unreviewed,cue+cooccurrence rule,313,BK_P00313,machine-proposed,FAMILY
A_77b9e59b291a,CHAR_001,Fyodor Pavlovich Karamazov,FAMILY,CHAR_002,Dmitri Fyodorovich Karamazov,undirected_or_unknown,0.72,unreviewed,cue+cooccurrence rule,316,BK_P00316,machine-proposed,FAMILY
A_23daf2b654f5,CHAR_001,Fyodor Pavlovich Karamazov,FAMILY,CHAR_011,Pyotr Alexandrovich Miusov,undirected_or_unknown,0.72,unreviewed,cue+cooccurrence rule,316,BK_P00316,machine-proposed,FAMILY
A_7ad21923d9b1,CHAR_002,Dmitri Fyodorovich Karamazov,FAMILY,CHAR_011,Pyotr Alexandrovich Miusov,undirected_or_unknown,0.72,unreviewed,cue+cooccurrence rule,316,BK_P00316,machine-proposed,FAMILY
A_658bb3ab883c,CHAR_001,Fyodor Pavlovich Karamazov,CONFLICT,CHAR_002,Dmitri Fyodorovich Karamazov,undirected_or_unknown,0.64,unreviewed,cue+cooccurrence rule,316,BK_P00316,machine-proposed,CONFLICT
A_796677c0b03e,CHAR_001,Fyodor Pavlovich Karamazov,CONFLICT,CHAR_011,Pyotr Alexandrovich Miusov,undirected_or_unknown,0.64,unreviewed,cue+cooccurrence rule,316,BK_P00316,machine-proposed,CONFLICT
A_5834689c14d6,CHAR_002,Dmitri Fyodorovich Karamazov,CONFLICT,CHAR_011,Pyotr Alexandrovich Miusov,undirected_or_unknown,0.64,unreviewed,cue+cooccurrence rule,316,BK_P00316,machine-proposed,CONFLICT
A_599565b4093f,CHAR_001,Fyodor Pavlovich Karamazov,FINANCIAL,CHAR_002,Dmitri Fyodorovich Karamazov,undirected_or_unknown,0.58,unreviewed,cue+cooccurrence rule,316,BK_P00316,machine-proposed,FINANCIAL
A_f1c68aec6209,CHAR_001,Fyodor Pavlovich Karamazov,FINANCIAL,CHAR_011,Pyotr Alexandrovich Miusov,undirected_or_unknown,0.58,unreviewed,cue+cooccurrence rule,316,BK_P00316,machine-proposed,FINANCIAL
A_62cd527baf5c,CHAR_002,Dmitri Fyodorovich Karamazov,FINANCIAL,CHAR_011,Pyotr Alexandrovich Miusov,undirected_or_unknown,0.58,unreviewed,cue+cooccurrence rule,316,BK_P00316,machine-proposed,FINANCIAL
A_e297c381868a,CHAR_001,Fyodor Pavlovich Karamazov,FAMILY,CHAR_002,Dmitri Fyodorovich Karamazov,undirected_or_unknown,0.72,unreviewed,cue+cooccurrence rule,318,BK_P00318,machine-proposed,FAMILY
A_3a8156f3176d,CHAR_008,Zosima,FAMILY,CHAR_011,Pyotr Alexandrovich Miusov,undirected_or_unknown,0.72,unreviewed,cue+cooccurrence rule,322,BK_P00322,machine-proposed,FAMILY
A_509bc03ba080,CHAR_001,Fyodor Pavlovich Karamazov,FAMILY,CHAR_002,Dmitri Fyodorovich Karamazov,undirected_or_unknown,0.72,unreviewed,cue+cooccurrence rule,324,BK_P00324,machine-proposed,FAMILY
A_7845534d4c92,CHAR_002,Dmitri Fyodorovich Karamazov,FAMILY,CHAR_011,Pyotr Alexandrovich Miusov,undirected_or_unknown,0.72,unreviewed,cue+cooccurrence rule,328,BK_P00328,machine-proposed,FAMILY
A_c2c58792b0f6,CHAR_002,Dmitri Fyodorovich Karamazov,FAMILY,CHAR_004,Alexei Fyodorovich Karamazov,undirected_or_unknown,0.72,unreviewed,cue+cooccurrence rule,336,BK_P00336,machine-proposed,FAMILY
A_aeed26606e07,CHAR_002,Dmitri Fyodorovich Karamazov,FAMILY,CHAR_008,Zosima,undirected_or_unknown,0.72,unreviewed,cue+cooccurrence rule,336,BK_P00336,machine-proposed,FAMILY
A_8af13c9566f9,CHAR_004,Alexei Fyodorovich Karamazov,FAMILY,CHAR_008,Zosima,undirected_or_unknown,0.72,unreviewed,cue+cooccurrence rule,336,BK_P00336,machine-proposed,FAMILY
A_157a2700ef53,CHAR_003,Ivan Fyodorovich Karamazov,FAMILY,CHAR_011,Pyotr Alexandrovich Miusov,undirected_or_unknown,0.72,unreviewed,cue+cooccurrence rule,354,BK_P00354,machine-proposed,FAMILY
A_7af5d8f7a422,CHAR_004,Alexei Fyodorovich Karamazov,FAMILY,CHAR_008,Zosima,undirected_or_unknown,0.72,unreviewed,cue+cooccurrence rule,357,BK_P00357,machine-proposed,FAMILY
A_0a528f324435,CHAR_002,Dmitri Fyodorovich Karamazov,FAMILY,CHAR_004,Alexei Fyodorovich Karamazov,undirected_or_unknown,0.72,unreviewed,cue+cooccurrence rule,364,BK_P00364,machine-proposed,FAMILY
A_10bddfb4387b,CHAR_002,Dmitri Fyodorovich Karamazov,FAMILY,CHAR_008,Zosima,undirected_or_unknown,0.72,unreviewed,cue+cooccurrence rule,364,BK_P00364,machine-proposed,FAMILY
A_0822b8457717,CHAR_004,Alexei Fyodorovich Karamazov,FAMILY,CHAR_008,Zosima,undirected_or_unknown,0.72,unreviewed,cue+cooccurrence rule,364,BK_P00364,machine-proposed,FAMILY
A_c3be8927f420,CHAR_004,Alexei Fyodorovich Karamazov,FAMILY,CHAR_008,Zosima,undirected_or_unknown,0.72,unreviewed,cue+cooccurrence rule,365,BK_P00365,machine-proposed,FAMILY
A_678f5a9dd9bf,CHAR_001,Fyodor Pavlovich Karamazov,FAMILY,CHAR_002,Dmitri Fyodorovich Karamazov,undirected_or_unknown,0.72,unreviewed,cue+cooccurrence rule,387,BK_P00387,machine-proposed,FAMILY
A_927ca5110feb,CHAR_001,Fyodor Pavlovich Karamazov,FAMILY,CHAR_004,Alexei Fyodorovich Karamazov,undirected_or_unknown,0.72,unreviewed,cue+cooccurrence rule,387,BK_P00387,machine-proposed,FAMILY
A_291fdd271e90,CHAR_002,Dmitri Fyodorovich Karamazov,FAMILY,CHAR_004,Alexei Fyodorovich Karamazov,undirected_or_unknown,0.72,unreviewed,cue+cooccurrence rule,387,BK_P00387,machine-proposed,FAMILY
A_45a9a4777975,CHAR_001,Fyodor Pavlovich Karamazov,FAMILY,CHAR_004,Alexei Fyodorovich Karamazov,undirected_or_unknown,0.72,unreviewed,cue+cooccurrence rule,391,BK_P00391,machine-proposed,FAMILY
A_0baf69313bcd,CHAR_001,Fyodor Pavlovich Karamazov,FAMILY,CHAR_006,Agrafena Alexandrovna Svetlova,undirected_or_unknown,0.72,unreviewed,cue+cooccurrence rule,391,BK_P00391,machine-proposed,FAMILY
A_69f6d662d491,CHAR_004,Alexei Fyodorovich Karamazov,FAMILY,CHAR_006,Agrafena Alexandrovna Svetlova,undirected_or_unknown,0.72,unreviewed,cue+cooccurrence rule,391,BK_P00391,machine-proposed,FAMILY
A_12803a54c48f,CHAR_001,Fyodor Pavlovich Karamazov,FAMILY,CHAR_002,Dmitri Fyodorovich Karamazov,undirected_or_unknown,0.72,unreviewed,cue+cooccurrence rule,393,BK_P00393,machine-proposed,FAMILY
A_a1bc610ce86a,CHAR_001,Fyodor Pavlovich Karamazov,FAMILY,CHAR_003,Ivan Fyodorovich Karamazov,undirected_or_unknown,0.72,unreviewed,cue+cooccurrence rule,393,BK_P00393,machine-proposed,FAMILY
A_f151963822a0,CHAR_001,Fyodor Pavlovich Karamazov,FAMILY,CHAR_006,Agrafena Alexandrovna Svetlova,undirected_or_unknown,0.72,unreviewed,cue+cooccurrence rule,393,BK_P00393,machine-proposed,FAMILY
A_c3d003c3ccd4,CHAR_001,Fyodor Pavlovich Karamazov,FAMILY,CHAR_007,Katerina Ivanovna Verkhovtseva,undirected_or_unknown,0.72,unreviewed,cue+cooccurrence rule,393,BK_P00393,machine-proposed,FAMILY
A_40777fcf523f,CHAR_001,Fyodor Pavlovich Karamazov,FAMILY,CHAR_011,Pyotr Alexandrovich Miusov,undirected_or_unknown,0.72,unreviewed,cue+cooccurrence rule,393,BK_P00393,machine-proposed,FAMILY
A_cd7e7c65067b,CHAR_002,Dmitri Fyodorovich Karamazov,FAMILY,CHAR_003,Ivan Fyodorovich Karamazov,undirected_or_unknown,0.72,unreviewed,cue+cooccurrence rule,393,BK_P00393,machine-proposed,FAMILY
A_99fdd9d51631,CHAR_002,Dmitri Fyodorovich Karamazov,FAMILY,CHAR_006,Agrafena Alexandrovna Svetlova,undirected_or_unknown,0.72,unreviewed,cue+cooccurrence rule,393,BK_P00393,machine-proposed,FAMILY
A_356890485d89,CHAR_002,Dmitri Fyodorovich Karamazov,FAMILY,CHAR_007,Katerina Ivanovna Verkhovtseva,undirected_or_unknown,0.72,unreviewed,cue+cooccurrence rule,393,BK_P00393,machine-proposed,FAMILY
A_140283bc16de,CHAR_002,Dmitri Fyodorovich Karamazov,FAMILY,CHAR_011,Pyotr Alexandrovich Miusov,undirected_or_unknown,0.72,unreviewed,cue+cooccurrence rule,393,BK_P00393,machine-proposed,FAMILY
A_d8503f4fb95f,CHAR_003,Ivan Fyodorovich Karamazov,FAMILY,CHAR_006,Agrafena Alexandrovna Svetlova,undirected_or_unknown,0.72,unreviewed,cue+cooccurrence rule,393,BK_P00393,machine-proposed,FAMILY
A_b5a098b7ebbb,CHAR_003,Ivan Fyodorovich Karamazov,FAMILY,CHAR_007,Katerina Ivanovna Verkhovtseva,undirected_or_unknown,0.72,unreviewed,cue+cooccurrence rule,393,BK_P00393,machine-proposed,FAMILY
A_f9b8acdef01e,CHAR_003,Ivan Fyodorovich Karamazov,FAMILY,CHAR_011,Pyotr Alexandrovich Miusov,undirected_or_unknown,0.72,unreviewed,cue+cooccurrence rule,393,BK_P00393,machine-proposed,FAMILY
A_5127efe18540,CHAR_006,Agrafena Alexandrovna Svetlova,FAMILY,CHAR_007,Katerina Ivanovna Verkhovtseva,undirected_or_unknown,0.72,unreviewed,cue+cooccurrence rule,393,BK_P00393,machine-proposed,FAMILY
A_4f7459da67b0,CHAR_006,Agrafena Alexandrovna Svetlova,FAMILY,CHAR_011,Pyotr Alexandrovich Miusov,undirected_or_unknown,0.72,unreviewed,cue+cooccurrence rule,393,BK_P00393,machine-proposed,FAMILY
A_b0c983b98280,CHAR_007,Katerina Ivanovna Verkhovtseva,FAMILY,CHAR_011,Pyotr Alexandrovich Miusov,undirected_or_unknown,0.72,unreviewed,cue+cooccurrence rule,393,BK_P00393,machine-proposed,FAMILY
A_a508efb190c4,CHAR_001,Fyodor Pavlovich Karamazov,ROMANTIC,CHAR_002,Dmitri Fyodorovich Karamazov,undirected_or_unknown,0.65,unreviewed,cue+cooccurrence rule,393,BK_P00393,machine-proposed,ROMANTIC
A_4b80b2524b02,CHAR_001,Fyodor Pavlovich Karamazov,ROMANTIC,CHAR_003,Ivan Fyodorovich Karamazov,undirected_or_unknown,0.65,unreviewed,cue+cooccurrence rule,393,BK_P00393,machine-proposed,ROMANTIC
A_34e04f3a07a2,CHAR_001,Fyodor Pavlovich Karamazov,ROMANTIC,CHAR_006,Agrafena Alexandrovna Svetlova,undirected_or_unknown,0.65,unreviewed,cue+cooccurrence rule,393,BK_P00393,machine-proposed,ROMANTIC
A_546618fe0092,CHAR_001,Fyodor Pavlovich Karamazov,ROMANTIC,CHAR_007,Katerina Ivanovna Verkhovtseva,undirected_or_unknown,0.65,unreviewed,cue+cooccurrence rule,393,BK_P00393,machine-proposed,ROMANTIC
A_b7bb3e6710d0,CHAR_001,Fyodor Pavlovich Karamazov,ROMANTIC,CHAR_011,Pyotr Alexandrovich Miusov,undirected_or_unknown,0.65,unreviewed,cue+cooccurrence rule,393,BK_P00393,machine-proposed,ROMANTIC
A_9c9730549933,CHAR_002,Dmitri Fyodorovich Karamazov,ROMANTIC,CHAR_003,Ivan Fyodorovich Karamazov,undirected_or_unknown,0.65,unreviewed,cue+cooccurrence rule,393,BK_P00393,machine-proposed,ROMANTIC
A_59247b94f419,CHAR_002,Dmitri Fyodorovich Karamazov,ROMANTIC,CHAR_006,Agrafena Alexandrovna Svetlova,undirected_or_unknown,0.65,unreviewed,cue+cooccurrence rule,393,BK_P00393,machine-proposed,ROMANTIC
A_997d0272f67f,CHAR_002,Dmitri Fyodorovich Karamazov,ROMANTIC,CHAR_007,Katerina Ivanovna Verkhovtseva,undirected_or_unknown,0.65,unreviewed,cue+cooccurrence rule,393,BK_P00393,machine-proposed,ROMANTIC
A_bfb6e3ef6da2,CHAR_002,Dmitri Fyodorovich Karamazov,ROMANTIC,CHAR_011,Pyotr Alexandrovich Miusov,undirected_or_unknown,0.65,unreviewed,cue+cooccurrence rule,393,BK_P00393,machine-proposed,ROMANTIC
A_b92a251c6a53,CHAR_003,Ivan Fyodorovich Karamazov,ROMANTIC,CHAR_006,Agrafena Alexandrovna Svetlova,undirected_or_unknown,0.65,unreviewed,cue+cooccurrence rule,393,BK_P00393,machine-proposed,ROMANTIC
A_5b9fc237695a,CHAR_003,Ivan Fyodorovich Karamazov,ROMANTIC,CHAR_007,Katerina Ivanovna Verkhovtseva,undirected_or_unknown,0.65,unreviewed,cue+cooccurrence rule,393,BK_P00393,machine-proposed,ROMANTIC
A_481747f800aa,CHAR_003,Ivan Fyodorovich Karamazov,ROMANTIC,CHAR_011,Pyotr Alexandrovich Miusov,undirected_or_unknown,0.65,unreviewed,cue+cooccurrence rule,393,BK_P00393,machine-proposed,ROMANTIC
A_2961abbd5ecc,CHAR_006,Agrafena Alexandrovna Svetlova,ROMANTIC,CHAR_007,Katerina Ivanovna Verkhovtseva,undirected_or_unknown,0.65,unreviewed,cue+cooccurrence rule,393,BK_P00393,machine-proposed,ROMANTIC
A_adaf021d5074,CHAR_006,Agrafena Alexandrovna Svetlova,ROMANTIC,CHAR_011,Pyotr Alexandrovich Miusov,undirected_or_unknown,0.65,unreviewed,cue+cooccurrence rule,393,BK_P00393,machine-proposed,ROMANTIC
A_77ab6304c4ac,CHAR_007,Katerina Ivanovna Verkhovtseva,ROMANTIC,CHAR_011,Pyotr Alexandrovich Miusov,undirected_or_unknown,0.65,unreviewed,cue+cooccurrence rule,393,BK_P00393,machine-proposed,ROMANTIC
A_da718d4b7503,CHAR_001,Fyodor Pavlovich Karamazov,FINANCIAL,CHAR_002,Dmitri Fyodorovich Karamazov,undirected_or_unknown,0.58,unreviewed,cue+cooccurrence rule,393,BK_P00393,machine-proposed,FINANCIAL
A_2482c95c6cce,CHAR_001,Fyodor Pavlovich Karamazov,FINANCIAL,CHAR_003,Ivan Fyodorovich Karamazov,undirected_or_unknown,0.58,unreviewed,cue+cooccurrence rule,393,BK_P00393,machine-proposed,FINANCIAL
A_20f2e606bf9a,CHAR_001,Fyodor Pavlovich Karamazov,FINANCIAL,CHAR_006,Agrafena Alexandrovna Svetlova,undirected_or_unknown,0.58,unreviewed,cue+cooccurrence rule,393,BK_P00393,machine-proposed,FINANCIAL
A_b9be5941cc0c,CHAR_001,Fyodor Pavlovich Karamazov,FINANCIAL,CHAR_007,Katerina Ivanovna Verkhovtseva,undirected_or_unknown,0.58,unreviewed,cue+cooccurrence rule,393,BK_P00393,machine-proposed,FINANCIAL
A_ac5c18af76d8,CHAR_001,Fyodor Pavlovich Karamazov,FINANCIAL,CHAR_011,Pyotr Alexandrovich Miusov,undirected_or_unknown,0.58,unreviewed,cue+cooccurrence rule,393,BK_P00393,machine-proposed,FINANCIAL
A_4d89be6edfaf,CHAR_002,Dmitri Fyodorovich Karamazov,FINANCIAL,CHAR_003,Ivan Fyodorovich Karamazov,undirected_or_unknown,0.58,unreviewed,cue+cooccurrence rule,393,BK_P00393,machine-proposed,FINANCIAL
A_4871b2c17b9b,CHAR_002,Dmitri Fyodorovich Karamazov,FINANCIAL,CHAR_006,Agrafena Alexandrovna Svetlova,undirected_or_unknown,0.58,unreviewed,cue+cooccurrence rule,393,BK_P00393,machine-proposed,FINANCIAL
A_bc7fdd9fdc43,CHAR_002,Dmitri Fyodorovich Karamazov,FINANCIAL,CHAR_007,Katerina Ivanovna Verkhovtseva,undirected_or_unknown,0.58,unreviewed,cue+cooccurrence rule,393,BK_P00393,machine-proposed,FINANCIAL
A_f2be3ec5a3e0,CHAR_002,Dmitri Fyodorovich Karamazov,FINANCIAL,CHAR_011,Pyotr Alexandrovich Miusov,undirected_or_unknown,0.58,unreviewed,cue+cooccurrence rule,393,BK_P00393,machine-proposed,FINANCIAL
A_01a1e87136e9,CHAR_003,Ivan Fyodorovich Karamazov,FINANCIAL,CHAR_006,Agrafena Alexandrovna Svetlova,undirected_or_unknown,0.58,unreviewed,cue+cooccurrence rule,393,BK_P00393,machine-proposed,FINANCIAL
A_5186cb046812,CHAR_003,Ivan Fyodorovich Karamazov,FINANCIAL,CHAR_007,Katerina Ivanovna Verkhovtseva,undirected_or_unknown,0.58,unreviewed,cue+cooccurrence rule,393,BK_P00393,machine-proposed,FINANCIAL
A_1998ef994fc5,CHAR_003,Ivan Fyodorovich Karamazov,FINANCIAL,CHAR_011,Pyotr Alexandrovich Miusov,undirected_or_unknown,0.58,unreviewed,cue+cooccurrence rule,393,BK_P00393,machine-proposed,FINANCIAL
A_00fd46528aee,CHAR_006,Agrafena Alexandrovna Svetlova,FINANCIAL,CHAR_007,Katerina Ivanovna Verkhovtseva,undirected_or_unknown,0.58,unreviewed,cue+cooccurrence rule,393,BK_P00393,machine-proposed,FINANCIAL
A_005d6b5d2dc0,CHAR_006,Agrafena Alexandrovna Svetlova,FINANCIAL,CHAR_011,Pyotr Alexandrovich Miusov,undirected_or_unknown,0.58,unreviewed,cue+cooccurrence rule,393,BK_P00393,machine-proposed,FINANCIAL
A_ef70d2c56c10,CHAR_007,Katerina Ivanovna Verkhovtseva,FINANCIAL,CHAR_011,Pyotr Alexandrovich Miusov,undirected_or_unknown,0.58,unreviewed,cue+cooccurrence rule,393,BK_P00393,machine-proposed,FINANCIAL
A_0536b37ccb6d,CHAR_002,Dmitri Fyodorovich Karamazov,FAMILY,CHAR_003,Ivan Fyodorovich Karamazov,undirected_or_unknown,0.72,unreviewed,cue+cooccurrence rule,401,BK_P00401,machine-proposed,FAMILY
A_74578b72f29d,CHAR_002,Dmitri Fyodorovich Karamazov,FAMILY,CHAR_004,Alexei Fyodorovich Karamazov,undirected_or_unknown,0.72,unreviewed,cue+cooccurrence rule,401,BK_P00401,machine-proposed,FAMILY
A_8ff44fc86a17,CHAR_003,Ivan Fyodorovich Karamazov,FAMILY,CHAR_004,Alexei Fyodorovich Karamazov,undirected_or_unknown,0.72,unreviewed,cue+cooccurrence rule,401,BK_P00401,machine-proposed,FAMILY
A_8b7a2a675ab5,CHAR_002,Dmitri Fyodorovich Karamazov,ROMANTIC,CHAR_003,Ivan Fyodorovich Karamazov,undirected_or_unknown,0.65,unreviewed,cue+cooccurrence rule,401,BK_P00401,machine-proposed,ROMANTIC
A_9934cc23c013,CHAR_002,Dmitri Fyodorovich Karamazov,ROMANTIC,CHAR_004,Alexei Fyodorovich Karamazov,undirected_or_unknown,0.65,unreviewed,cue+cooccurrence rule,401,BK_P00401,machine-proposed,ROMANTIC
A_0a6c5c1eed40,CHAR_003,Ivan Fyodorovich Karamazov,ROMANTIC,CHAR_004,Alexei Fyodorovich Karamazov,undirected_or_unknown,0.65,unreviewed,cue+cooccurrence rule,401,BK_P00401,machine-proposed,ROMANTIC
A_77183739eb84,CHAR_003,Ivan Fyodorovich Karamazov,FAMILY,CHAR_007,Katerina Ivanovna Verkhovtseva,undirected_or_unknown,0.72,unreviewed,cue+cooccurrence rule,404,BK_P00404,machine-proposed,FAMILY
A_d916ec95ccde,CHAR_003,Ivan Fyodorovich Karamazov,ROMANTIC,CHAR_007,Katerina Ivanovna Verkhovtseva,undirected_or_unknown,0.65,unreviewed,cue+cooccurrence rule,404,BK_P00404,machine-proposed,ROMANTIC
A_c24146d26696,CHAR_003,Ivan Fyodorovich Karamazov,FAMILY,CHAR_007,Katerina Ivanovna Verkhovtseva,undirected_or_unknown,0.72,unreviewed,cue+cooccurrence rule,407,BK_P00407,machine-proposed,FAMILY
A_42f24a9c92c4,CHAR_004,Alexei Fyodorovich Karamazov,FAMILY,CHAR_006,Agrafena Alexandrovna Svetlova,undirected_or_unknown,0.72,unreviewed,cue+cooccurrence rule,417,BK_P00417,machine-proposed,FAMILY
A_4119c1b08dd6,CHAR_003,Ivan Fyodorovich Karamazov,FAMILY,CHAR_011,Pyotr Alexandrovich Miusov,undirected_or_unknown,0.72,unreviewed,cue+cooccurrence rule,420,BK_P00420,machine-proposed,FAMILY
A_e7518ed8e6b2,CHAR_001,Fyodor Pavlovich Karamazov,FAMILY,CHAR_003,Ivan Fyodorovich Karamazov,undirected_or_unknown,0.72,unreviewed,cue+cooccurrence rule,423,BK_P00423,machine-proposed,FAMILY
A_b53b744487e8,CHAR_001,Fyodor Pavlovich Karamazov,FAMILY,CHAR_008,Zosima,undirected_or_unknown,0.72,unreviewed,cue+cooccurrence rule,423,BK_P00423,machine-proposed,FAMILY
A_1773826eaae5,CHAR_001,Fyodor Pavlovich Karamazov,FAMILY,CHAR_011,Pyotr Alexandrovich Miusov,undirected_or_unknown,0.72,unreviewed,cue+cooccurrence rule,423,BK_P00423,machine-proposed,FAMILY
A_fc7a1cb3f8a1,CHAR_003,Ivan Fyodorovich Karamazov,FAMILY,CHAR_008,Zosima,undirected_or_unknown,0.72,unreviewed,cue+cooccurrence rule,423,BK_P00423,machine-proposed,FAMILY
A_39966284edc8,CHAR_003,Ivan Fyodorovich Karamazov,FAMILY,CHAR_011,Pyotr Alexandrovich Miusov,undirected_or_unknown,0.72,unreviewed,cue+cooccurrence rule,423,BK_P00423,machine-proposed,FAMILY
A_3b85e0934b63,CHAR_008,Zosima,FAMILY,CHAR_011,Pyotr Alexandrovich Miusov,undirected_or_unknown,0.72,unreviewed,cue+cooccurrence rule,423,BK_P00423,machine-proposed,FAMILY
A_50f41623019d,CHAR_004,Alexei Fyodorovich Karamazov,FAMILY,CHAR_008,Zosima,undirected_or_unknown,0.72,unreviewed,cue+cooccurrence rule,425,BK_P00425,machine-proposed,FAMILY
A_b6df332573d4,CHAR_004,Alexei Fyodorovich Karamazov,FINANCIAL,CHAR_008,Zosima,undirected_or_unknown,0.58,unreviewed,cue+cooccurrence rule,425,BK_P00425,machine-proposed,FINANCIAL
A_6ad6aecd598d,CHAR_004,Alexei Fyodorovich Karamazov,SOCIAL,CHAR_008,Zosima,undirected_or_unknown,0.55,unreviewed,cue+cooccurrence rule,425,BK_P00425,machine-proposed,SOCIAL
A_5522abff25b8,CHAR_003,Ivan Fyodorovich Karamazov,FAMILY,CHAR_011,Pyotr Alexandrovich Miusov,undirected_or_unknown,0.72,unreviewed,cue+cooccurrence rule,426,BK_P00426,machine-proposed,FAMILY
A_c5e6338995c6,CHAR_003,Ivan Fyodorovich Karamazov,SOCIAL,CHAR_011,Pyotr Alexandrovich Miusov,undirected_or_unknown,0.55,unreviewed,cue+cooccurrence rule,426,BK_P00426,machine-proposed,SOCIAL
A_13c2109234fc,CHAR_001,Fyodor Pavlovich Karamazov,FAMILY,CHAR_003,Ivan Fyodorovich Karamazov,undirected_or_unknown,0.72,unreviewed,cue+cooccurrence rule,427,BK_P00427,machine-proposed,FAMILY
A_8b934edb4503,CHAR_001,Fyodor Pavlovich Karamazov,FAMILY,CHAR_008,Zosima,undirected_or_unknown,0.72,unreviewed,cue+cooccurrence rule,427,BK_P00427,machine-proposed,FAMILY
A_ebdbc11c87a2,CHAR_001,Fyodor Pavlovich Karamazov,FAMILY,CHAR_011,Pyotr Alexandrovich Miusov,undirected_or_unknown,0.72,unreviewed,cue+cooccurrence rule,427,BK_P00427,machine-proposed,FAMILY
A_0ebc321eb4f5,CHAR_003,Ivan Fyodorovich Karamazov,FAMILY,CHAR_008,Zosima,undirected_or_unknown,0.72,unreviewed,cue+cooccurrence rule,427,BK_P00427,machine-proposed,FAMILY
A_68b7f260eaa8,CHAR_003,Ivan Fyodorovich Karamazov,FAMILY,CHAR_011,Pyotr Alexandrovich Miusov,undirected_or_unknown,0.72,unreviewed,cue+cooccurrence rule,427,BK_P00427,machine-proposed,FAMILY
A_d5a2b2837951,CHAR_008,Zosima,FAMILY,CHAR_011,Pyotr Alexandrovich Miusov,undirected_or_unknown,0.72,unreviewed,cue+cooccurrence rule,427,BK_P00427,machine-proposed,FAMILY
A_28e737e39752,CHAR_001,Fyodor Pavlovich Karamazov,FAMILY,CHAR_004,Alexei Fyodorovich Karamazov,undirected_or_unknown,0.72,unreviewed,cue+cooccurrence rule,448,BK_P00448,machine-proposed,FAMILY
A_255c95b22990,CHAR_001,Fyodor Pavlovich Karamazov,FAMILY,CHAR_011,Pyotr Alexandrovich Miusov,undirected_or_unknown,0.72,unreviewed,cue+cooccurrence rule,448,BK_P00448,machine-proposed,FAMILY
A_c5d8b584c7ad,CHAR_004,Alexei Fyodorovich Karamazov,FAMILY,CHAR_011,Pyotr Alexandrovich Miusov,undirected_or_unknown,0.72,unreviewed,cue+cooccurrence rule,448,BK_P00448,machine-proposed,FAMILY
A_f89a0660849c,CHAR_003,Ivan Fyodorovich Karamazov,FAMILY,CHAR_004,Alexei Fyodorovich Karamazov,undirected_or_unknown,0.72,unreviewed,cue+cooccurrence rule,459,BK_P00459,machine-proposed,FAMILY
A_3ae4cb83c3fd,CHAR_001,Fyodor Pavlovich Karamazov,FAMILY,CHAR_003,Ivan Fyodorovich Karamazov,undirected_or_unknown,0.72,unreviewed,cue+cooccurrence rule,463,BK_P00463,machine-proposed,FAMILY
A_51879e3dbb22,CHAR_001,Fyodor Pavlovich Karamazov,FAMILY,CHAR_003,Ivan Fyodorovich Karamazov,undirected_or_unknown,0.72,unreviewed,cue+cooccurrence rule,479,BK_P00479,machine-proposed,FAMILY
A_9184adbdcc95,CHAR_001,Fyodor Pavlovich Karamazov,FAMILY,CHAR_005,Pavel Fyodorovich Smerdyakov,undirected_or_unknown,0.72,unreviewed,cue+cooccurrence rule,479,BK_P00479,machine-proposed,FAMILY
A_1ba72b3e6b8d,CHAR_003,Ivan Fyodorovich Karamazov,FAMILY,CHAR_005,Pavel Fyodorovich Smerdyakov,undirected_or_unknown,0.72,unreviewed,cue+cooccurrence rule,479,BK_P00479,machine-proposed,FAMILY
A_93002ead1f78,CHAR_001,Fyodor Pavlovich Karamazov,FAMILY,CHAR_004,Alexei Fyodorovich Karamazov,undirected_or_unknown,0.72,unreviewed,cue+cooccurrence rule,483,BK_P00483,machine-proposed,FAMILY
A_35d8fa9e12cf,CHAR_001,Fyodor Pavlovich Karamazov,ROMANTIC,CHAR_004,Alexei Fyodorovich Karamazov,undirected_or_unknown,0.65,unreviewed,cue+cooccurrence rule,483,BK_P00483,machine-proposed,ROMANTIC
A_368da703825e,CHAR_001,Fyodor Pavlovich Karamazov,SOCIAL,CHAR_004,Alexei Fyodorovich Karamazov,undirected_or_unknown,0.55,unreviewed,cue+cooccurrence rule,483,BK_P00483,machine-proposed,SOCIAL
A_02a1cc99bd92,CHAR_001,Fyodor Pavlovich Karamazov,FAMILY,CHAR_002,Dmitri Fyodorovich Karamazov,undirected_or_unknown,0.72,unreviewed,cue+cooccurrence rule,484,BK_P00484,machine-proposed,FAMILY
A_37a6c5c299d9,CHAR_001,Fyodor Pavlovich Karamazov,ROMANTIC,CHAR_002,Dmitri Fyodorovich Karamazov,undirected_or_unknown,0.65,unreviewed,cue+cooccurrence rule,484,BK_P00484,machine-proposed,ROMANTIC
A_fd32994b8356,CHAR_001,Fyodor Pavlovich Karamazov,FAMILY,CHAR_011,Pyotr Alexandrovich Miusov,undirected_or_unknown,0.72,unreviewed,cue+cooccurrence rule,485,BK_P00485,machine-proposed,FAMILY
A_b5d346412939,CHAR_001,Fyodor Pavlovich Karamazov,FAMILY,CHAR_002,Dmitri Fyodorovich Karamazov,undirected_or_unknown,0.72,unreviewed,cue+cooccurrence rule,486,BK_P00486,machine-proposed,FAMILY
A_5fad1fcf3ed5,CHAR_001,Fyodor Pavlovich Karamazov,FAMILY,CHAR_003,Ivan Fyodorovich Karamazov,undirected_or_unknown,0.72,unreviewed,cue+cooccurrence rule,486,BK_P00486,machine-proposed,FAMILY
A_356b84e6e979,CHAR_001,Fyodor Pavlovich Karamazov,FAMILY,CHAR_004,Alexei Fyodorovich Karamazov,undirected_or_unknown,0.72,unreviewed,cue+cooccurrence rule,486,BK_P00486,machine-proposed,FAMILY
A_fdc9fffc7014,CHAR_002,Dmitri Fyodorovich Karamazov,FAMILY,CHAR_003,Ivan Fyodorovich Karamazov,undirected_or_unknown,0.72,unreviewed,cue+cooccurrence rule,486,BK_P00486,machine-proposed,FAMILY
A_2f5069c4312c,CHAR_002,Dmitri Fyodorovich Karamazov,FAMILY,CHAR_004,Alexei Fyodorovich Karamazov,undirected_or_unknown,0.72,unreviewed,cue+cooccurrence rule,486,BK_P00486,machine-proposed,FAMILY
A_39a0d89289dd,CHAR_003,Ivan Fyodorovich Karamazov,FAMILY,CHAR_004,Alexei Fyodorovich Karamazov,undirected_or_unknown,0.72,unreviewed,cue+cooccurrence rule,486,BK_P00486,machine-proposed,FAMILY
A_6b6d4ea43ac7,CHAR_001,Fyodor Pavlovich Karamazov,FAMILY,CHAR_005,Pavel Fyodorovich Smerdyakov,undirected_or_unknown,0.72,unreviewed,cue+cooccurrence rule,497,BK_P00497,machine-proposed,FAMILY
A_6b4e900e50ba,CHAR_002,Dmitri Fyodorovich Karamazov,FAMILY,CHAR_004,Alexei Fyodorovich Karamazov,undirected_or_unknown,0.72,unreviewed,cue+cooccurrence rule,501,BK_P00501,machine-proposed,FAMILY
A_7ebb48264701,CHAR_002,Dmitri Fyodorovich Karamazov,FAMILY,CHAR_007,Katerina Ivanovna Verkhovtseva,undirected_or_unknown,0.72,unreviewed,cue+cooccurrence rule,501,BK_P00501,machine-proposed,FAMILY
A_99ba00f0f608,CHAR_002,Dmitri Fyodorovich Karamazov,FAMILY,CHAR_013,Madame Khokhlakov,undirected_or_unknown,0.72,unreviewed,cue+cooccurrence rule,501,BK_P00501,machine-proposed,FAMILY
A_c1b3df806dca,CHAR_004,Alexei Fyodorovich Karamazov,FAMILY,CHAR_007,Katerina Ivanovna Verkhovtseva,undirected_or_unknown,0.72,unreviewed,cue+cooccurrence rule,501,BK_P00501,machine-proposed,FAMILY
A_e8754beeedb2,CHAR_004,Alexei Fyodorovich Karamazov,FAMILY,CHAR_013,Madame Khokhlakov,undirected_or_unknown,0.72,unreviewed,cue+cooccurrence rule,501,BK_P00501,machine-proposed,FAMILY
A_f577cc57e05e,CHAR_007,Katerina Ivanovna Verkhovtseva,FAMILY,CHAR_013,Madame Khokhlakov,undirected_or_unknown,0.72,unreviewed,cue+cooccurrence rule,501,BK_P00501,machine-proposed,FAMILY
A_01594e2f3182,CHAR_002,Dmitri Fyodorovich Karamazov,FAMILY,CHAR_003,Ivan Fyodorovich Karamazov,undirected_or_unknown,0.72,unreviewed,cue+cooccurrence rule,502,BK_P00502,machine-proposed,FAMILY
A_6639d94b8528,CHAR_002,Dmitri Fyodorovich Karamazov,SOCIAL,CHAR_003,Ivan Fyodorovich Karamazov,undirected_or_unknown,0.55,unreviewed,cue+cooccurrence rule,502,BK_P00502,machine-proposed,SOCIAL
A_7824294a8ba3,CHAR_001,Fyodor Pavlovich Karamazov,FAMILY,CHAR_004,Alexei Fyodorovich Karamazov,undirected_or_unknown,0.72,unreviewed,cue+cooccurrence rule,504,BK_P00504,machine-proposed,FAMILY
A_ae44a662eef6,CHAR_002,Dmitri Fyodorovich Karamazov,FAMILY,CHAR_004,Alexei Fyodorovich Karamazov,undirected_or_unknown,0.72,unreviewed,cue+cooccurrence rule,515,BK_P00515,machine-proposed,FAMILY
A_82a20a609a36,CHAR_003,Ivan Fyodorovich Karamazov,ROMANTIC,CHAR_004,Alexei Fyodorovich Karamazov,undirected_or_unknown,0.65,unreviewed,cue+cooccurrence rule,586,BK_P00586,machine-proposed,ROMANTIC
A_3ab47c925a61,CHAR_003,Ivan Fyodorovich Karamazov,FINANCIAL,CHAR_004,Alexei Fyodorovich Karamazov,undirected_or_unknown,0.58,unreviewed,cue+cooccurrence rule,586,BK_P00586,machine-proposed,FINANCIAL
A_d4b84a10177d,CHAR_003,Ivan Fyodorovich Karamazov,ROMANTIC,CHAR_004,Alexei Fyodorovich Karamazov,undirected_or_unknown,0.65,unreviewed,cue+cooccurrence rule,589,BK_P00589,machine-proposed,ROMANTIC
A_c6090f0061d9,CHAR_004,Alexei Fyodorovich Karamazov,SOCIAL,CHAR_006,Agrafena Alexandrovna Svetlova,undirected_or_unknown,0.55,unreviewed,cue+cooccurrence rule,600,BK_P00600,machine-proposed,SOCIAL
A_1366a9b0ca8b,CHAR_001,Fyodor Pavlovich Karamazov,FINANCIAL,CHAR_002,Dmitri Fyodorovich Karamazov,undirected_or_unknown,0.58,unreviewed,cue+cooccurrence rule,604,BK_P00604,machine-proposed,FINANCIAL
A_bc23ccf966c1,CHAR_001,Fyodor Pavlovich Karamazov,FINANCIAL,CHAR_004,Alexei Fyodorovich Karamazov,undirected_or_unknown,0.58,unreviewed,cue+cooccurrence rule,604,BK_P00604,machine-proposed,FINANCIAL
A_006b67dd18a4,CHAR_001,Fyodor Pavlovich Karamazov,FINANCIAL,CHAR_006,Agrafena Alexandrovna Svetlova,undirected_or_unknown,0.58,unreviewed,cue+cooccurrence rule,604,BK_P00604,machine-proposed,FINANCIAL
A_e7e8510c402e,CHAR_001,Fyodor Pavlovich Karamazov,FINANCIAL,CHAR_007,Katerina Ivanovna Verkhovtseva,undirected_or_unknown,0.58,unreviewed,cue+cooccurrence rule,604,BK_P00604,machine-proposed,FINANCIAL
A_ee2a3a60c591,CHAR_002,Dmitri Fyodorovich Karamazov,FINANCIAL,CHAR_004,Alexei Fyodorovich Karamazov,undirected_or_unknown,0.58,unreviewed,cue+cooccurrence rule,604,BK_P00604,machine-proposed,FINANCIAL
A_ac9be51c0a32,CHAR_002,Dmitri Fyodorovich Karamazov,FINANCIAL,CHAR_006,Agrafena Alexandrovna Svetlova,undirected_or_unknown,0.58,unreviewed,cue+cooccurrence rule,604,BK_P00604,machine-proposed,FINANCIAL
A_ed57af2afaff,CHAR_002,Dmitri Fyodorovich Karamazov,FINANCIAL,CHAR_007,Katerina Ivanovna Verkhovtseva,undirected_or_unknown,0.58,unreviewed,cue+cooccurrence rule,604,BK_P00604,machine-proposed,FINANCIAL
A_a44bfcd8367d,CHAR_004,Alexei Fyodorovich Karamazov,FINANCIAL,CHAR_006,Agrafena Alexandrovna Svetlova,undirected_or_unknown,0.58,unreviewed,cue+cooccurrence rule,604,BK_P00604,machine-proposed,FINANCIAL
A_ba362dc8989c,CHAR_004,Alexei Fyodorovich Karamazov,FINANCIAL,CHAR_007,Katerina Ivanovna Verkhovtseva,undirected_or_unknown,0.58,unreviewed,cue+cooccurrence rule,604,BK_P00604,machine-proposed,FINANCIAL
A_3e9c0cc6fd16,CHAR_006,Agrafena Alexandrovna Svetlova,FINANCIAL,CHAR_007,Katerina Ivanovna Verkhovtseva,undirected_or_unknown,0.58,unreviewed,cue+cooccurrence rule,604,BK_P00604,machine-proposed,FINANCIAL
A_4285078299ed,CHAR_005,Pavel Fyodorovich Smerdyakov,ROMANTIC,CHAR_006,Agrafena Alexandrovna Svetlova,undirected_or_unknown,0.65,unreviewed,cue+cooccurrence rule,618,BK_P00618,machine-proposed,ROMANTIC
A_31e42fa3cffa,CHAR_005,Pavel Fyodorovich Smerdyakov,FINANCIAL,CHAR_006,Agrafena Alexandrovna Svetlova,undirected_or_unknown,0.58,unreviewed,cue+cooccurrence rule,618,BK_P00618,machine-proposed,FINANCIAL
A_4b8515b414ac,CHAR_003,Ivan Fyodorovich Karamazov,FINANCIAL,CHAR_006,Agrafena Alexandrovna Svetlova,undirected_or_unknown,0.58,unreviewed,cue+cooccurrence rule,623,BK_P00623,machine-proposed,FINANCIAL
A_480e7c6a8cec,CHAR_002,Dmitri Fyodorovich Karamazov,FAMILY,CHAR_003,Ivan Fyodorovich Karamazov,undirected_or_unknown,0.72,unreviewed,cue+cooccurrence rule,625,BK_P00625,machine-proposed,FAMILY
A_28412121fd68,CHAR_002,Dmitri Fyodorovich Karamazov,FAMILY,CHAR_004,Alexei Fyodorovich Karamazov,undirected_or_unknown,0.72,unreviewed,cue+cooccurrence rule,625,BK_P00625,machine-proposed,FAMILY
A_6c9ff6d1abe6,CHAR_002,Dmitri Fyodorovich Karamazov,FAMILY,CHAR_005,Pavel Fyodorovich Smerdyakov,undirected_or_unknown,0.72,unreviewed,cue+cooccurrence rule,625,BK_P00625,machine-proposed,FAMILY
A_29758c9579cf,CHAR_003,Ivan Fyodorovich Karamazov,FAMILY,CHAR_004,Alexei Fyodorovich Karamazov,undirected_or_unknown,0.72,unreviewed,cue+cooccurrence rule,625,BK_P00625,machine-proposed,FAMILY
A_89c2a96c968c,CHAR_003,Ivan Fyodorovich Karamazov,FAMILY,CHAR_005,Pavel Fyodorovich Smerdyakov,undirected_or_unknown,0.72,unreviewed,cue+cooccurrence rule,625,BK_P00625,machine-proposed,FAMILY
A_94f03e43132a,CHAR_004,Alexei Fyodorovich Karamazov,FAMILY,CHAR_005,Pavel Fyodorovich Smerdyakov,undirected_or_unknown,0.72,unreviewed,cue+cooccurrence rule,625,BK_P00625,machine-proposed,FAMILY
A_0fb5a8d67db6,CHAR_002,Dmitri Fyodorovich Karamazov,FAMILY,CHAR_004,Alexei Fyodorovich Karamazov,undirected_or_unknown,0.72,unreviewed,cue+cooccurrence rule,626,BK_P00626,machine-proposed,FAMILY
A_c73a6f97d044,CHAR_001,Fyodor Pavlovich Karamazov,FAMILY,CHAR_005,Pavel Fyodorovich Smerdyakov,undirected_or_unknown,0.72,unreviewed,cue+cooccurrence rule,641,BK_P00641,machine-proposed,FAMILY
A_709983b56bfc,CHAR_001,Fyodor Pavlovich Karamazov,FAMILY,CHAR_003,Ivan Fyodorovich Karamazov,undirected_or_unknown,0.72,unreviewed,cue+cooccurrence rule,642,BK_P00642,machine-proposed,FAMILY
A_35c956a55fc3,CHAR_001,Fyodor Pavlovich Karamazov,FAMILY,CHAR_004,Alexei Fyodorovich Karamazov,undirected_or_unknown,0.72,unreviewed,cue+cooccurrence rule,642,BK_P00642,machine-proposed,FAMILY
A_02b1233fc37d,CHAR_001,Fyodor Pavlovich Karamazov,FAMILY,CHAR_005,Pavel Fyodorovich Smerdyakov,undirected_or_unknown,0.72,unreviewed,cue+cooccurrence rule,642,BK_P00642,machine-proposed,FAMILY
A_2e925c890013,CHAR_003,Ivan Fyodorovich Karamazov,FAMILY,CHAR_004,Alexei Fyodorovich Karamazov,undirected_or_unknown,0.72,unreviewed,cue+cooccurrence rule,642,BK_P00642,machine-proposed,FAMILY
A_dc3582866cca,CHAR_003,Ivan Fyodorovich Karamazov,FAMILY,CHAR_005,Pavel Fyodorovich Smerdyakov,undirected_or_unknown,0.72,unreviewed,cue+cooccurrence rule,642,BK_P00642,machine-proposed,FAMILY
A_d44652713527,CHAR_004,Alexei Fyodorovich Karamazov,FAMILY,CHAR_005,Pavel Fyodorovich Smerdyakov,undirected_or_unknown,0.72,unreviewed,cue+cooccurrence rule,642,BK_P00642,machine-proposed,FAMILY
A_a755b784ee5c,CHAR_003,Ivan Fyodorovich Karamazov,FAMILY,CHAR_004,Alexei Fyodorovich Karamazov,undirected_or_unknown,0.72,unreviewed,cue+cooccurrence rule,649,BK_P00649,machine-proposed,FAMILY
A_786cfbc73901,CHAR_001,Fyodor Pavlovich Karamazov,FINANCIAL,CHAR_005,Pavel Fyodorovich Smerdyakov,undirected_or_unknown,0.58,unreviewed,cue+cooccurrence rule,670,BK_P00670,machine-proposed,FINANCIAL
A_13f1435cfccb,CHAR_003,Ivan Fyodorovich Karamazov,FAMILY,CHAR_004,Alexei Fyodorovich Karamazov,undirected_or_unknown,0.72,unreviewed,cue+cooccurrence rule,726,BK_P00726,machine-proposed,FAMILY
A_32e09dcf0e2a,CHAR_003,Ivan Fyodorovich Karamazov,ROMANTIC,CHAR_004,Alexei Fyodorovich Karamazov,undirected_or_unknown,0.65,unreviewed,cue+cooccurrence rule,757,BK_P00757,machine-proposed,ROMANTIC
A_9457b331f5c6,CHAR_001,Fyodor Pavlovich Karamazov,ROMANTIC,CHAR_003,Ivan Fyodorovich Karamazov,undirected_or_unknown,0.65,unreviewed,cue+cooccurrence rule,758,BK_P00758,machine-proposed,ROMANTIC
A_cab05d90c004,CHAR_001,Fyodor Pavlovich Karamazov,ROMANTIC,CHAR_004,Alexei Fyodorovich Karamazov,undirected_or_unknown,0.65,unreviewed,cue+cooccurrence rule,758,BK_P00758,machine-proposed,ROMANTIC
A_3ce01b871a3f,CHAR_003,Ivan Fyodorovich Karamazov,ROMANTIC,CHAR_004,Alexei Fyodorovich Karamazov,undirected_or_unknown,0.65,unreviewed,cue+cooccurrence rule,758,BK_P00758,machine-proposed,ROMANTIC
A_f91ef4081554,CHAR_003,Ivan Fyodorovich Karamazov,ROMANTIC,CHAR_004,Alexei Fyodorovich Karamazov,undirected_or_unknown,0.65,unreviewed,cue+cooccurrence rule,772,BK_P00772,machine-proposed,ROMANTIC
A_c81197346c03,CHAR_003,Ivan Fyodorovich Karamazov,FAMILY,CHAR_004,Alexei Fyodorovich Karamazov,undirected_or_unknown,0.72,unreviewed,cue+cooccurrence rule,781,BK_P00781,machine-proposed,FAMILY
A_61a9231178d0,CHAR_002,Dmitri Fyodorovich Karamazov,FAMILY,CHAR_003,Ivan Fyodorovich Karamazov,undirected_or_unknown,0.72,unreviewed,cue+cooccurrence rule,790,BK_P00790,machine-proposed,FAMILY
A_480975aa20df,CHAR_002,Dmitri Fyodorovich Karamazov,FAMILY,CHAR_004,Alexei Fyodorovich Karamazov,undirected_or_unknown,0.72,unreviewed,cue+cooccurrence rule,790,BK_P00790,machine-proposed,FAMILY
A_3fabbfd5837d,CHAR_003,Ivan Fyodorovich Karamazov,FAMILY,CHAR_004,Alexei Fyodorovich Karamazov,undirected_or_unknown,0.72,unreviewed,cue+cooccurrence rule,790,BK_P00790,machine-proposed,FAMILY
A_c7475c2aebac,CHAR_001,Fyodor Pavlovich Karamazov,FINANCIAL,CHAR_002,Dmitri Fyodorovich Karamazov,undirected_or_unknown,0.58,unreviewed,cue+cooccurrence rule,800,BK_P00800,machine-proposed,FINANCIAL
A_35a4110debbd,CHAR_001,Fyodor Pavlovich Karamazov,FINANCIAL,CHAR_003,Ivan Fyodorovich Karamazov,undirected_or_unknown,0.58,unreviewed,cue+cooccurrence rule,800,BK_P00800,machine-proposed,FINANCIAL
A_b1293a6bba6c,CHAR_001,Fyodor Pavlovich Karamazov,FINANCIAL,CHAR_004,Alexei Fyodorovich Karamazov,undirected_or_unknown,0.58,unreviewed,cue+cooccurrence rule,800,BK_P00800,machine-proposed,FINANCIAL
A_1d7e7aea7613,CHAR_002,Dmitri Fyodorovich Karamazov,FINANCIAL,CHAR_003,Ivan Fyodorovich Karamazov,undirected_or_unknown,0.58,unreviewed,cue+cooccurrence rule,800,BK_P00800,machine-proposed,FINANCIAL
A_1dfcf88a374e,CHAR_002,Dmitri Fyodorovich Karamazov,FINANCIAL,CHAR_004,Alexei Fyodorovich Karamazov,undirected_or_unknown,0.58,unreviewed,cue+cooccurrence rule,800,BK_P00800,machine-proposed,FINANCIAL
A_c2bc4b5b082b,CHAR_003,Ivan Fyodorovich Karamazov,FINANCIAL,CHAR_004,Alexei Fyodorovich Karamazov,undirected_or_unknown,0.58,unreviewed,cue+cooccurrence rule,800,BK_P00800,machine-proposed,FINANCIAL
A_0aa1c7688cbf,CHAR_004,Alexei Fyodorovich Karamazov,FINANCIAL,CHAR_007,Katerina Ivanovna Verkhovtseva,undirected_or_unknown,0.58,unreviewed,cue+cooccurrence rule,806,BK_P00806,machine-proposed,FINANCIAL
A_d4ccf4771858,CHAR_003,Ivan Fyodorovich Karamazov,FAMILY,CHAR_004,Alexei Fyodorovich Karamazov,undirected_or_unknown,0.72,unreviewed,cue+cooccurrence rule,826,BK_P00826,machine-proposed,FAMILY
A_f2cc6d2eddcc,CHAR_003,Ivan Fyodorovich Karamazov,FAMILY,CHAR_004,Alexei Fyodorovich Karamazov,undirected_or_unknown,0.72,unreviewed,cue+cooccurrence rule,849,BK_P00849,machine-proposed,FAMILY
A_35626c51c5d4,CHAR_002,Dmitri Fyodorovich Karamazov,FAMILY,CHAR_004,Alexei Fyodorovich Karamazov,undirected_or_unknown,0.72,unreviewed,cue+cooccurrence rule,854,BK_P00854,machine-proposed,FAMILY
A_739e1b49c8ed,CHAR_002,Dmitri Fyodorovich Karamazov,FAMILY,CHAR_003,Ivan Fyodorovich Karamazov,undirected_or_unknown,0.72,unreviewed,cue+cooccurrence rule,863,BK_P00863,machine-proposed,FAMILY
A_6df2c87433cf,CHAR_002,Dmitri Fyodorovich Karamazov,FAMILY,CHAR_004,Alexei Fyodorovich Karamazov,undirected_or_unknown,0.72,unreviewed,cue+cooccurrence rule,863,BK_P00863,machine-proposed,FAMILY
A_e557f92452f7,CHAR_002,Dmitri Fyodorovich Karamazov,FAMILY,CHAR_007,Katerina Ivanovna Verkhovtseva,undirected_or_unknown,0.72,unreviewed,cue+cooccurrence rule,863,BK_P00863,machine-proposed,FAMILY
A_634dbe7a5cb0,CHAR_003,Ivan Fyodorovich Karamazov,FAMILY,CHAR_004,Alexei Fyodorovich Karamazov,undirected_or_unknown,0.72,unreviewed,cue+cooccurrence rule,863,BK_P00863,machine-proposed,FAMILY
A_8073004eb3ee,CHAR_003,Ivan Fyodorovich Karamazov,FAMILY,CHAR_007,Katerina Ivanovna Verkhovtseva,undirected_or_unknown,0.72,unreviewed,cue+cooccurrence rule,863,BK_P00863,machine-proposed,FAMILY
A_dd956b259875,CHAR_004,Alexei Fyodorovich Karamazov,FAMILY,CHAR_007,Katerina Ivanovna Verkhovtseva,undirected_or_unknown,0.72,unreviewed,cue+cooccurrence rule,863,BK_P00863,machine-proposed,FAMILY
A_e57e622ea8e4,CHAR_004,Alexei Fyodorovich Karamazov,FAMILY,CHAR_007,Katerina Ivanovna Verkhovtseva,undirected_or_unknown,0.72,unreviewed,cue+cooccurrence rule,864,BK_P00864,machine-proposed,FAMILY
A_fa185ccff11c,CHAR_002,Dmitri Fyodorovich Karamazov,FAMILY,CHAR_004,Alexei Fyodorovich Karamazov,undirected_or_unknown,0.72,unreviewed,cue+cooccurrence rule,868,BK_P00868,machine-proposed,FAMILY
A_6fdf841a65df,CHAR_002,Dmitri Fyodorovich Karamazov,FAMILY,CHAR_007,Katerina Ivanovna Verkhovtseva,undirected_or_unknown,0.72,unreviewed,cue+cooccurrence rule,868,BK_P00868,machine-proposed,FAMILY
A_dca6e0bc7990,CHAR_004,Alexei Fyodorovich Karamazov,FAMILY,CHAR_007,Katerina Ivanovna Verkhovtseva,undirected_or_unknown,0.72,unreviewed,cue+cooccurrence rule,868,BK_P00868,machine-proposed,FAMILY
A_bbfbba6642d3,CHAR_002,Dmitri Fyodorovich Karamazov,ROMANTIC,CHAR_004,Alexei Fyodorovich Karamazov,undirected_or_unknown,0.65,unreviewed,cue+cooccurrence rule,868,BK_P00868,machine-proposed,ROMANTIC
A_05b293ef30de,CHAR_002,Dmitri Fyodorovich Karamazov,ROMANTIC,CHAR_007,Katerina Ivanovna Verkhovtseva,undirected_or_unknown,0.65,unreviewed,cue+cooccurrence rule,868,BK_P00868,machine-proposed,ROMANTIC
A_6dff27337ae2,CHAR_004,Alexei Fyodorovich Karamazov,ROMANTIC,CHAR_007,Katerina Ivanovna Verkhovtseva,undirected_or_unknown,0.65,unreviewed,cue+cooccurrence rule,868,BK_P00868,machine-proposed,ROMANTIC
A_37cee497f6e1,CHAR_002,Dmitri Fyodorovich Karamazov,SOCIAL,CHAR_004,Alexei Fyodorovich Karamazov,undirected_or_unknown,0.55,unreviewed,cue+cooccurrence rule,868,BK_P00868,machine-proposed,SOCIAL
A_4b8dba12af31,CHAR_002,Dmitri Fyodorovich Karamazov,SOCIAL,CHAR_007,Katerina Ivanovna Verkhovtseva,undirected_or_unknown,0.55,unreviewed,cue+cooccurrence rule,868,BK_P00868,machine-proposed,SOCIAL
A_a18d92225ef6,CHAR_004,Alexei Fyodorovich Karamazov,SOCIAL,CHAR_007,Katerina Ivanovna Verkhovtseva,undirected_or_unknown,0.55,unreviewed,cue+cooccurrence rule,868,BK_P00868,machine-proposed,SOCIAL
A_a7c89d22ceaf,CHAR_004,Alexei Fyodorovich Karamazov,FAMILY,CHAR_007,Katerina Ivanovna Verkhovtseva,undirected_or_unknown,0.72,unreviewed,cue+cooccurrence rule,872,BK_P00872,machine-proposed,FAMILY
A_3ae5f80420d4,CHAR_004,Alexei Fyodorovich Karamazov,ROMANTIC,CHAR_007,Katerina Ivanovna Verkhovtseva,undirected_or_unknown,0.65,unreviewed,cue+cooccurrence rule,872,BK_P00872,machine-proposed,ROMANTIC
A_f36d395cba5d,CHAR_002,Dmitri Fyodorovich Karamazov,FAMILY,CHAR_004,Alexei Fyodorovich Karamazov,undirected_or_unknown,0.72,unreviewed,cue+cooccurrence rule,888,BK_P00888,machine-proposed,FAMILY
A_f85afce8b911,CHAR_002,Dmitri Fyodorovich Karamazov,FINANCIAL,CHAR_004,Alexei Fyodorovich Karamazov,undirected_or_unknown,0.58,unreviewed,cue+cooccurrence rule,888,BK_P00888,machine-proposed,FINANCIAL
A_9b658e99839e,CHAR_001,Fyodor Pavlovich Karamazov,ROMANTIC,CHAR_007,Katerina Ivanovna Verkhovtseva,undirected_or_unknown,0.65,unreviewed,cue+cooccurrence rule,889,BK_P00889,machine-proposed,ROMANTIC
A_759693e3d556,CHAR_004,Alexei Fyodorovich Karamazov,ROMANTIC,CHAR_006,Agrafena Alexandrovna Svetlova,undirected_or_unknown,0.65,unreviewed,cue+cooccurrence rule,891,BK_P00891,machine-proposed,ROMANTIC
A_e90f81cb9c35,CHAR_004,Alexei Fyodorovich Karamazov,ROMANTIC,CHAR_007,Katerina Ivanovna Verkhovtseva,undirected_or_unknown,0.65,unreviewed,cue+cooccurrence rule,891,BK_P00891,machine-proposed,ROMANTIC
A_1a2665285a8b,CHAR_006,Agrafena Alexandrovna Svetlova,ROMANTIC,CHAR_007,Katerina Ivanovna Verkhovtseva,undirected_or_unknown,0.65,unreviewed,cue+cooccurrence rule,891,BK_P00891,machine-proposed,ROMANTIC
A_65253aeb7efc,CHAR_004,Alexei Fyodorovich Karamazov,SOCIAL,CHAR_006,Agrafena Alexandrovna Svetlova,undirected_or_unknown,0.55,unreviewed,cue+cooccurrence rule,891,BK_P00891,machine-proposed,SOCIAL
A_296cbd52b120,CHAR_004,Alexei Fyodorovich Karamazov,SOCIAL,CHAR_007,Katerina Ivanovna Verkhovtseva,undirected_or_unknown,0.55,unreviewed,cue+cooccurrence rule,891,BK_P00891,machine-proposed,SOCIAL
A_c669be3a5070,CHAR_006,Agrafena Alexandrovna Svetlova,SOCIAL,CHAR_007,Katerina Ivanovna Verkhovtseva,undirected_or_unknown,0.55,unreviewed,cue+cooccurrence rule,891,BK_P00891,machine-proposed,SOCIAL
A_1d493ad9b8cd,CHAR_003,Ivan Fyodorovich Karamazov,ROMANTIC,CHAR_004,Alexei Fyodorovich Karamazov,undirected_or_unknown,0.65,unreviewed,cue+cooccurrence rule,893,BK_P00893,machine-proposed,ROMANTIC
A_6c04c403fd43,CHAR_003,Ivan Fyodorovich Karamazov,ROMANTIC,CHAR_006,Agrafena Alexandrovna Svetlova,undirected_or_unknown,0.65,unreviewed,cue+cooccurrence rule,893,BK_P00893,machine-proposed,ROMANTIC
A_12129ff048a5,CHAR_003,Ivan Fyodorovich Karamazov,ROMANTIC,CHAR_007,Katerina Ivanovna Verkhovtseva,undirected_or_unknown,0.65,unreviewed,cue+cooccurrence rule,893,BK_P00893,machine-proposed,ROMANTIC
A_b6775c40487c,CHAR_004,Alexei Fyodorovich Karamazov,ROMANTIC,CHAR_006,Agrafena Alexandrovna Svetlova,undirected_or_unknown,0.65,unreviewed,cue+cooccurrence rule,893,BK_P00893,machine-proposed,ROMANTIC
A_6d52812028e2,CHAR_004,Alexei Fyodorovich Karamazov,ROMANTIC,CHAR_007,Katerina Ivanovna Verkhovtseva,undirected_or_unknown,0.65,unreviewed,cue+cooccurrence rule,893,BK_P00893,machine-proposed,ROMANTIC
A_2d68a19f0bc4,CHAR_006,Agrafena Alexandrovna Svetlova,ROMANTIC,CHAR_007,Katerina Ivanovna Verkhovtseva,undirected_or_unknown,0.65,unreviewed,cue+cooccurrence rule,893,BK_P00893,machine-proposed,ROMANTIC
A_bba620da3687,CHAR_004,Alexei Fyodorovich Karamazov,FAMILY,CHAR_006,Agrafena Alexandrovna Svetlova,undirected_or_unknown,0.72,unreviewed,cue+cooccurrence rule,899,BK_P00899,machine-proposed,FAMILY
A_9bb54bb3b8da,CHAR_004,Alexei Fyodorovich Karamazov,FAMILY,CHAR_007,Katerina Ivanovna Verkhovtseva,undirected_or_unknown,0.72,unreviewed,cue+cooccurrence rule,899,BK_P00899,machine-proposed,FAMILY
A_634ee1ffbb8c,CHAR_006,Agrafena Alexandrovna Svetlova,FAMILY,CHAR_007,Katerina Ivanovna Verkhovtseva,undirected_or_unknown,0.72,unreviewed,cue+cooccurrence rule,899,BK_P00899,machine-proposed,FAMILY
A_09bdf2ea0694,CHAR_004,Alexei Fyodorovich Karamazov,ROMANTIC,CHAR_006,Agrafena Alexandrovna Svetlova,undirected_or_unknown,0.65,unreviewed,cue+cooccurrence rule,899,BK_P00899,machine-proposed,ROMANTIC
A_81e08c3b94c4,CHAR_004,Alexei Fyodorovich Karamazov,ROMANTIC,CHAR_007,Katerina Ivanovna Verkhovtseva,undirected_or_unknown,0.65,unreviewed,cue+cooccurrence rule,899,BK_P00899,machine-proposed,ROMANTIC
A_73d66e287e7a,CHAR_006,Agrafena Alexandrovna Svetlova,ROMANTIC,CHAR_007,Katerina Ivanovna Verkhovtseva,undirected_or_unknown,0.65,unreviewed,cue+cooccurrence rule,899,BK_P00899,machine-proposed,ROMANTIC
A_e8ffafe593d8,CHAR_004,Alexei Fyodorovich Karamazov,SOCIAL,CHAR_006,Agrafena Alexandrovna Svetlova,undirected_or_unknown,0.55,unreviewed,cue+cooccurrence rule,899,BK_P00899,machine-proposed,SOCIAL
A_fa159d41ccdd,CHAR_004,Alexei Fyodorovich Karamazov,SOCIAL,CHAR_007,Katerina Ivanovna Verkhovtseva,undirected_or_unknown,0.55,unreviewed,cue+cooccurrence rule,899,BK_P00899,machine-proposed,SOCIAL
A_c5021cd8a4bf,CHAR_006,Agrafena Alexandrovna Svetlova,SOCIAL,CHAR_007,Katerina Ivanovna Verkhovtseva,undirected_or_unknown,0.55,unreviewed,cue+cooccurrence rule,899,BK_P00899,machine-proposed,SOCIAL
A_096583742d47,CHAR_004,Alexei Fyodorovich Karamazov,FAMILY,CHAR_007,Katerina Ivanovna Verkhovtseva,undirected_or_unknown,0.72,unreviewed,cue+cooccurrence rule,943,BK_P00943,machine-proposed,FAMILY
A_d406f4f93da1,CHAR_002,Dmitri Fyodorovich Karamazov,FAMILY,CHAR_004,Alexei Fyodorovich Karamazov,undirected_or_unknown,0.72,unreviewed,cue+cooccurrence rule,954,BK_P00954,machine-proposed,FAMILY
A_9082d8757b96,CHAR_002,Dmitri Fyodorovich Karamazov,FINANCIAL,CHAR_004,Alexei Fyodorovich Karamazov,undirected_or_unknown,0.58,unreviewed,cue+cooccurrence rule,954,BK_P00954,machine-proposed,FINANCIAL
A_5168e3940c94,CHAR_004,Alexei Fyodorovich Karamazov,FAMILY,CHAR_006,Agrafena Alexandrovna Svetlova,undirected_or_unknown,0.72,unreviewed,cue+cooccurrence rule,964,BK_P00964,machine-proposed,FAMILY
A_2778f749b924,CHAR_004,Alexei Fyodorovich Karamazov,FAMILY,CHAR_007,Katerina Ivanovna Verkhovtseva,undirected_or_unknown,0.72,unreviewed,cue+cooccurrence rule,964,BK_P00964,machine-proposed,FAMILY
A_38d955ab2b77,CHAR_006,Agrafena Alexandrovna Svetlova,FAMILY,CHAR_007,Katerina Ivanovna Verkhovtseva,undirected_or_unknown,0.72,unreviewed,cue+cooccurrence rule,964,BK_P00964,machine-proposed,FAMILY
A_2ac686273279,CHAR_004,Alexei Fyodorovich Karamazov,FINANCIAL,CHAR_006,Agrafena Alexandrovna Svetlova,undirected_or_unknown,0.58,unreviewed,cue+cooccurrence rule,964,BK_P00964,machine-proposed,FINANCIAL
A_46744be0b08e,CHAR_004,Alexei Fyodorovich Karamazov,FINANCIAL,CHAR_007,Katerina Ivanovna Verkhovtseva,undirected_or_unknown,0.58,unreviewed,cue+cooccurrence rule,964,BK_P00964,machine-proposed,FINANCIAL
A_8b4146f310b9,CHAR_006,Agrafena Alexandrovna Svetlova,FINANCIAL,CHAR_007,Katerina Ivanovna Verkhovtseva,undirected_or_unknown,0.58,unreviewed,cue+cooccurrence rule,964,BK_P00964,machine-proposed,FINANCIAL
A_d8a1a7185c85,CHAR_006,Agrafena Alexandrovna Svetlova,FAMILY,CHAR_007,Katerina Ivanovna Verkhovtseva,undirected_or_unknown,0.72,unreviewed,cue+cooccurrence rule,965,BK_P00965,machine-proposed,FAMILY
A_9d780d893c9d,CHAR_004,Alexei Fyodorovich Karamazov,FAMILY,CHAR_007,Katerina Ivanovna Verkhovtseva,undirected_or_unknown,0.72,unreviewed,cue+cooccurrence rule,966,BK_P00966,machine-proposed,FAMILY
A_c13917e38358,CHAR_002,Dmitri Fyodorovich Karamazov,FAMILY,CHAR_004,Alexei Fyodorovich Karamazov,undirected_or_unknown,0.72,unreviewed,cue+cooccurrence rule,967,BK_P00967,machine-proposed,FAMILY
A_13b748bda777,CHAR_002,Dmitri Fyodorovich Karamazov,FAMILY,CHAR_007,Katerina Ivanovna Verkhovtseva,undirected_or_unknown,0.72,unreviewed,cue+cooccurrence rule,967,BK_P00967,machine-proposed,FAMILY
A_7a56094794c6,CHAR_004,Alexei Fyodorovich Karamazov,FAMILY,CHAR_007,Katerina Ivanovna Verkhovtseva,undirected_or_unknown,0.72,unreviewed,cue+cooccurrence rule,967,BK_P00967,machine-proposed,FAMILY
A_4ccba4370569,CHAR_004,Alexei Fyodorovich Karamazov,FAMILY,CHAR_008,Zosima,undirected_or_unknown,0.72,unreviewed,cue+cooccurrence rule,978,BK_P00978,machine-proposed,FAMILY
A_701878aa7663,CHAR_004,Alexei Fyodorovich Karamazov,CONFLICT,CHAR_008,Zosima,undirected_or_unknown,0.64,unreviewed,cue+cooccurrence rule,978,BK_P00978,machine-proposed,CONFLICT
A_435cb8068e61,CHAR_004,Alexei Fyodorovich Karamazov,FAMILY,CHAR_007,Katerina Ivanovna Verkhovtseva,undirected_or_unknown,0.72,unreviewed,cue+cooccurrence rule,981,BK_P00981,machine-proposed,FAMILY
A_f6d3f554ecdf,CHAR_004,Alexei Fyodorovich Karamazov,FAMILY,CHAR_008,Zosima,undirected_or_unknown,0.72,unreviewed,cue+cooccurrence rule,981,BK_P00981,machine-proposed,FAMILY
A_49e40ae9f602,CHAR_007,Katerina Ivanovna Verkhovtseva,FAMILY,CHAR_008,Zosima,undirected_or_unknown,0.72,unreviewed,cue+cooccurrence rule,981,BK_P00981,machine-proposed,FAMILY
A_77a4d6070486,CHAR_004,Alexei Fyodorovich Karamazov,ROMANTIC,CHAR_007,Katerina Ivanovna Verkhovtseva,undirected_or_unknown,0.65,unreviewed,cue+cooccurrence rule,981,BK_P00981,machine-proposed,ROMANTIC
A_6cd7d2886296,CHAR_004,Alexei Fyodorovich Karamazov,ROMANTIC,CHAR_008,Zosima,undirected_or_unknown,0.65,unreviewed,cue+cooccurrence rule,981,BK_P00981,machine-proposed,ROMANTIC
A_fac8d463ccc0,CHAR_007,Katerina Ivanovna Verkhovtseva,ROMANTIC,CHAR_008,Zosima,undirected_or_unknown,0.65,unreviewed,cue+cooccurrence rule,981,BK_P00981,machine-proposed,ROMANTIC
A_f962c6e84da3,CHAR_004,Alexei Fyodorovich Karamazov,FAMILY,CHAR_007,Katerina Ivanovna Verkhovtseva,undirected_or_unknown,0.72,unreviewed,cue+cooccurrence rule,982,BK_P00982,machine-proposed,FAMILY
A_c4f03cedad98,CHAR_004,Alexei Fyodorovich Karamazov,FAMILY,CHAR_008,Zosima,undirected_or_unknown,0.72,unreviewed,cue+cooccurrence rule,982,BK_P00982,machine-proposed,FAMILY
A_767ab902a672,CHAR_004,Alexei Fyodorovich Karamazov,FAMILY,CHAR_013,Madame Khokhlakov,undirected_or_unknown,0.72,unreviewed,cue+cooccurrence rule,982,BK_P00982,machine-proposed,FAMILY
A_6c856907e344,CHAR_004,Alexei Fyodorovich Karamazov,FAMILY,CHAR_014,Lise Khokhlakov,undirected_or_unknown,0.72,unreviewed,cue+cooccurrence rule,982,BK_P00982,machine-proposed,FAMILY
A_25fb60284cce,CHAR_007,Katerina Ivanovna Verkhovtseva,FAMILY,CHAR_008,Zosima,undirected_or_unknown,0.72,unreviewed,cue+cooccurrence rule,982,BK_P00982,machine-proposed,FAMILY
A_11687a947c4a,CHAR_007,Katerina Ivanovna Verkhovtseva,FAMILY,CHAR_013,Madame Khokhlakov,undirected_or_unknown,0.72,unreviewed,cue+cooccurrence rule,982,BK_P00982,machine-proposed,FAMILY
A_4e5724e7b3be,CHAR_007,Katerina Ivanovna Verkhovtseva,FAMILY,CHAR_014,Lise Khokhlakov,undirected_or_unknown,0.72,unreviewed,cue+cooccurrence rule,982,BK_P00982,machine-proposed,FAMILY
A_e16cb35eced1,CHAR_008,Zosima,FAMILY,CHAR_013,Madame Khokhlakov,undirected_or_unknown,0.72,unreviewed,cue+cooccurrence rule,982,BK_P00982,machine-proposed,FAMILY
A_1054efe168ee,CHAR_008,Zosima,FAMILY,CHAR_014,Lise Khokhlakov,undirected_or_unknown,0.72,unreviewed,cue+cooccurrence rule,982,BK_P00982,machine-proposed,FAMILY
A_2cc41129114d,CHAR_013,Madame Khokhlakov,FAMILY,CHAR_014,Lise Khokhlakov,undirected_or_unknown,0.72,unreviewed,cue+cooccurrence rule,982,BK_P00982,machine-proposed,FAMILY
A_7650fd9d01eb,CHAR_004,Alexei Fyodorovich Karamazov,SOCIAL,CHAR_007,Katerina Ivanovna Verkhovtseva,undirected_or_unknown,0.55,unreviewed,cue+cooccurrence rule,982,BK_P00982,machine-proposed,SOCIAL
A_0f154d8ba56d,CHAR_004,Alexei Fyodorovich Karamazov,SOCIAL,CHAR_008,Zosima,undirected_or_unknown,0.55,unreviewed,cue+cooccurrence rule,982,BK_P00982,machine-proposed,SOCIAL
A_1b6195cca207,CHAR_004,Alexei Fyodorovich Karamazov,SOCIAL,CHAR_013,Madame Khokhlakov,undirected_or_unknown,0.55,unreviewed,cue+cooccurrence rule,982,BK_P00982,machine-proposed,SOCIAL
A_5392fcfd8dce,CHAR_004,Alexei Fyodorovich Karamazov,SOCIAL,CHAR_014,Lise Khokhlakov,undirected_or_unknown,0.55,unreviewed,cue+cooccurrence rule,982,BK_P00982,machine-proposed,SOCIAL
A_f5fe54160eb7,CHAR_007,Katerina Ivanovna Verkhovtseva,SOCIAL,CHAR_008,Zosima,undirected_or_unknown,0.55,unreviewed,cue+cooccurrence rule,982,BK_P00982,machine-proposed,SOCIAL
A_9ddeb48d8b27,CHAR_007,Katerina Ivanovna Verkhovtseva,SOCIAL,CHAR_013,Madame Khokhlakov,undirected_or_unknown,0.55,unreviewed,cue+cooccurrence rule,982,BK_P00982,machine-proposed,SOCIAL
A_7d9b975dd61d,CHAR_007,Katerina Ivanovna Verkhovtseva,SOCIAL,CHAR_014,Lise Khokhlakov,undirected_or_unknown,0.55,unreviewed,cue+cooccurrence rule,982,BK_P00982,machine-proposed,SOCIAL
A_d2eba9273b28,CHAR_008,Zosima,SOCIAL,CHAR_013,Madame Khokhlakov,undirected_or_unknown,0.55,unreviewed,cue+cooccurrence rule,982,BK_P00982,machine-proposed,SOCIAL
A_5d99c724c058,CHAR_008,Zosima,SOCIAL,CHAR_014,Lise Khokhlakov,undirected_or_unknown,0.55,unreviewed,cue+cooccurrence rule,982,BK_P00982,machine-proposed,SOCIAL
A_a06c31e31351,CHAR_013,Madame Khokhlakov,SOCIAL,CHAR_014,Lise Khokhlakov,undirected_or_unknown,0.55,unreviewed,cue+cooccurrence rule,982,BK_P00982,machine-proposed,SOCIAL
A_1b26cc57e6b8,CHAR_004,Alexei Fyodorovich Karamazov,FAMILY,CHAR_008,Zosima,undirected_or_unknown,0.72,unreviewed,cue+cooccurrence rule,990,BK_P00990,machine-proposed,FAMILY
A_f9ba9784e13d,CHAR_004,Alexei Fyodorovich Karamazov,FAMILY,CHAR_008,Zosima,undirected_or_unknown,0.72,unreviewed,cue+cooccurrence rule,993,BK_P00993,machine-proposed,FAMILY
A_27bc225c3ab6,CHAR_004,Alexei Fyodorovich Karamazov,ROMANTIC,CHAR_008,Zosima,undirected_or_unknown,0.65,unreviewed,cue+cooccurrence rule,993,BK_P00993,machine-proposed,ROMANTIC
A_434bff4dad20,CHAR_004,Alexei Fyodorovich Karamazov,CONFLICT,CHAR_008,Zosima,undirected_or_unknown,0.64,unreviewed,cue+cooccurrence rule,993,BK_P00993,machine-proposed,CONFLICT
A_e8ad35bb4ec9,CHAR_004,Alexei Fyodorovich Karamazov,FAMILY,CHAR_008,Zosima,undirected_or_unknown,0.72,unreviewed,cue+cooccurrence rule,996,BK_P00996,machine-proposed,FAMILY
A_6342a893c0ff,CHAR_004,Alexei Fyodorovich Karamazov,FAMILY,CHAR_013,Madame Khokhlakov,undirected_or_unknown,0.72,unreviewed,cue+cooccurrence rule,996,BK_P00996,machine-proposed,FAMILY
A_0022268b6ac6,CHAR_008,Zosima,FAMILY,CHAR_013,Madame Khokhlakov,undirected_or_unknown,0.72,unreviewed,cue+cooccurrence rule,996,BK_P00996,machine-proposed,FAMILY
A_b745ad5a527d,CHAR_004,Alexei Fyodorovich Karamazov,FAMILY,CHAR_013,Madame Khokhlakov,undirected_or_unknown,0.72,unreviewed,cue+cooccurrence rule,997,BK_P00997,machine-proposed,FAMILY
A_5bb16fc1a886,CHAR_008,Zosima,FAMILY,CHAR_013,Madame Khokhlakov,undirected_or_unknown,0.72,unreviewed,cue+cooccurrence rule,1002,BK_P01002,machine-proposed,FAMILY
A_a8fe4f329605,CHAR_004,Alexei Fyodorovich Karamazov,FAMILY,CHAR_008,Zosima,undirected_or_unknown,0.72,unreviewed,cue+cooccurrence rule,1041,BK_P01041,machine-proposed,FAMILY
A_ce76413cf052,CHAR_004,Alexei Fyodorovich Karamazov,SOCIAL,CHAR_008,Zosima,undirected_or_unknown,0.55,unreviewed,cue+cooccurrence rule,1041,BK_P01041,machine-proposed,SOCIAL
A_a078789e4e04,CHAR_004,Alexei Fyodorovich Karamazov,FAMILY,CHAR_008,Zosima,undirected_or_unknown,0.72,unreviewed,cue+cooccurrence rule,1042,BK_P01042,machine-proposed,FAMILY
A_c4899b4a081c,CHAR_004,Alexei Fyodorovich Karamazov,FAMILY,CHAR_008,Zosima,undirected_or_unknown,0.72,unreviewed,cue+cooccurrence rule,1049,BK_P01049,machine-proposed,FAMILY
A_918310b859da,CHAR_004,Alexei Fyodorovich Karamazov,SOCIAL,CHAR_008,Zosima,undirected_or_unknown,0.55,unreviewed,cue+cooccurrence rule,1049,BK_P01049,machine-proposed,SOCIAL
A_0ea8f799f2cc,CHAR_003,Ivan Fyodorovich Karamazov,FAMILY,CHAR_004,Alexei Fyodorovich Karamazov,undirected_or_unknown,0.72,unreviewed,cue+cooccurrence rule,1050,BK_P01050,machine-proposed,FAMILY
A_33e777d98f15,CHAR_003,Ivan Fyodorovich Karamazov,FAMILY,CHAR_004,Alexei Fyodorovich Karamazov,undirected_or_unknown,0.72,unreviewed,cue+cooccurrence rule,1063,BK_P01063,machine-proposed,FAMILY
A_bae4fd4f47d9,CHAR_003,Ivan Fyodorovich Karamazov,FINANCIAL,CHAR_004,Alexei Fyodorovich Karamazov,undirected_or_unknown,0.58,unreviewed,cue+cooccurrence rule,1063,BK_P01063,machine-proposed,FINANCIAL
A_30a3cd0619d2,CHAR_002,Dmitri Fyodorovich Karamazov,ROMANTIC,CHAR_003,Ivan Fyodorovich Karamazov,undirected_or_unknown,0.65,unreviewed,cue+cooccurrence rule,1065,BK_P01065,machine-proposed,ROMANTIC
A_b414c69ee80b,CHAR_002,Dmitri Fyodorovich Karamazov,ROMANTIC,CHAR_004,Alexei Fyodorovich Karamazov,undirected_or_unknown,0.65,unreviewed,cue+cooccurrence rule,1065,BK_P01065,machine-proposed,ROMANTIC
A_f83699257708,CHAR_002,Dmitri Fyodorovich Karamazov,ROMANTIC,CHAR_006,Agrafena Alexandrovna Svetlova,undirected_or_unknown,0.65,unreviewed,cue+cooccurrence rule,1065,BK_P01065,machine-proposed,ROMANTIC
A_53a46f302156,CHAR_003,Ivan Fyodorovich Karamazov,ROMANTIC,CHAR_004,Alexei Fyodorovich Karamazov,undirected_or_unknown,0.65,unreviewed,cue+cooccurrence rule,1065,BK_P01065,machine-proposed,ROMANTIC
A_1f64f541efd9,CHAR_003,Ivan Fyodorovich Karamazov,ROMANTIC,CHAR_006,Agrafena Alexandrovna Svetlova,undirected_or_unknown,0.65,unreviewed,cue+cooccurrence rule,1065,BK_P01065,machine-proposed,ROMANTIC
A_f66ef4972636,CHAR_004,Alexei Fyodorovich Karamazov,ROMANTIC,CHAR_006,Agrafena Alexandrovna Svetlova,undirected_or_unknown,0.65,unreviewed,cue+cooccurrence rule,1065,BK_P01065,machine-proposed,ROMANTIC
A_d2b5b4804e40,CHAR_002,Dmitri Fyodorovich Karamazov,FINANCIAL,CHAR_003,Ivan Fyodorovich Karamazov,undirected_or_unknown,0.58,unreviewed,cue+cooccurrence rule,1065,BK_P01065,machine-proposed,FINANCIAL
A_61b75eb5e345,CHAR_002,Dmitri Fyodorovich Karamazov,FINANCIAL,CHAR_004,Alexei Fyodorovich Karamazov,undirected_or_unknown,0.58,unreviewed,cue+cooccurrence rule,1065,BK_P01065,machine-proposed,FINANCIAL
A_c9ae2a0b4c59,CHAR_002,Dmitri Fyodorovich Karamazov,FINANCIAL,CHAR_006,Agrafena Alexandrovna Svetlova,undirected_or_unknown,0.58,unreviewed,cue+cooccurrence rule,1065,BK_P01065,machine-proposed,FINANCIAL
A_2e86530cefea,CHAR_003,Ivan Fyodorovich Karamazov,FINANCIAL,CHAR_004,Alexei Fyodorovich Karamazov,undirected_or_unknown,0.58,unreviewed,cue+cooccurrence rule,1065,BK_P01065,machine-proposed,FINANCIAL
A_fd166db0d9fd,CHAR_003,Ivan Fyodorovich Karamazov,FINANCIAL,CHAR_006,Agrafena Alexandrovna Svetlova,undirected_or_unknown,0.58,unreviewed,cue+cooccurrence rule,1065,BK_P01065,machine-proposed,FINANCIAL
A_d8ca5cfadc8f,CHAR_004,Alexei Fyodorovich Karamazov,FINANCIAL,CHAR_006,Agrafena Alexandrovna Svetlova,undirected_or_unknown,0.58,unreviewed,cue+cooccurrence rule,1065,BK_P01065,machine-proposed,FINANCIAL
A_93735b5c5c45,CHAR_002,Dmitri Fyodorovich Karamazov,ROMANTIC,CHAR_003,Ivan Fyodorovich Karamazov,undirected_or_unknown,0.65,unreviewed,cue+cooccurrence rule,1079,BK_P01079,machine-proposed,ROMANTIC
A_93fe8ca6fe43,CHAR_002,Dmitri Fyodorovich Karamazov,ROMANTIC,CHAR_006,Agrafena Alexandrovna Svetlova,undirected_or_unknown,0.65,unreviewed,cue+cooccurrence rule,1079,BK_P01079,machine-proposed,ROMANTIC
A_0260ad9917a4,CHAR_003,Ivan Fyodorovich Karamazov,ROMANTIC,CHAR_006,Agrafena Alexandrovna Svetlova,undirected_or_unknown,0.65,unreviewed,cue+cooccurrence rule,1079,BK_P01079,machine-proposed,ROMANTIC
A_eb12acfceb7e,CHAR_004,Alexei Fyodorovich Karamazov,FAMILY,CHAR_006,Agrafena Alexandrovna Svetlova,undirected_or_unknown,0.72,unreviewed,cue+cooccurrence rule,1093,BK_P01093,machine-proposed,FAMILY
A_8ca38772a79d,CHAR_004,Alexei Fyodorovich Karamazov,FAMILY,CHAR_013,Madame Khokhlakov,undirected_or_unknown,0.72,unreviewed,cue+cooccurrence rule,1093,BK_P01093,machine-proposed,FAMILY
A_604552b0bc00,CHAR_006,Agrafena Alexandrovna Svetlova,FAMILY,CHAR_013,Madame Khokhlakov,undirected_or_unknown,0.72,unreviewed,cue+cooccurrence rule,1093,BK_P01093,machine-proposed,FAMILY
A_461f32851ee7,CHAR_002,Dmitri Fyodorovich Karamazov,FAMILY,CHAR_004,Alexei Fyodorovich Karamazov,undirected_or_unknown,0.72,unreviewed,cue+cooccurrence rule,1094,BK_P01094,machine-proposed,FAMILY
A_f594f7034f38,CHAR_002,Dmitri Fyodorovich Karamazov,FAMILY,CHAR_003,Ivan Fyodorovich Karamazov,undirected_or_unknown,0.72,unreviewed,cue+cooccurrence rule,1144,BK_P01144,machine-proposed,FAMILY
A_f9afe879549f,CHAR_002,Dmitri Fyodorovich Karamazov,FAMILY,CHAR_004,Alexei Fyodorovich Karamazov,undirected_or_unknown,0.72,unreviewed,cue+cooccurrence rule,1144,BK_P01144,machine-proposed,FAMILY
A_a3803cb1b643,CHAR_002,Dmitri Fyodorovich Karamazov,FAMILY,CHAR_014,Lise Khokhlakov,undirected_or_unknown,0.72,unreviewed,cue+cooccurrence rule,1144,BK_P01144,machine-proposed,FAMILY
A_0346752cd58c,CHAR_003,Ivan Fyodorovich Karamazov,FAMILY,CHAR_004,Alexei Fyodorovich Karamazov,undirected_or_unknown,0.72,unreviewed,cue+cooccurrence rule,1144,BK_P01144,machine-proposed,FAMILY
A_45b51e96f426,CHAR_003,Ivan Fyodorovich Karamazov,FAMILY,CHAR_014,Lise Khokhlakov,undirected_or_unknown,0.72,unreviewed,cue+cooccurrence rule,1144,BK_P01144,machine-proposed,FAMILY
A_7b18d9b3cba6,CHAR_004,Alexei Fyodorovich Karamazov,FAMILY,CHAR_014,Lise Khokhlakov,undirected_or_unknown,0.72,unreviewed,cue+cooccurrence rule,1144,BK_P01144,machine-proposed,FAMILY
A_34a33759f24b,CHAR_004,Alexei Fyodorovich Karamazov,FAMILY,CHAR_008,Zosima,undirected_or_unknown,0.72,unreviewed,cue+cooccurrence rule,1152,BK_P01152,machine-proposed,FAMILY
A_0ae0e5b59262,CHAR_004,Alexei Fyodorovich Karamazov,FAMILY,CHAR_014,Lise Khokhlakov,undirected_or_unknown,0.72,unreviewed,cue+cooccurrence rule,1152,BK_P01152,machine-proposed,FAMILY
A_b7e6953b61a2,CHAR_008,Zosima,FAMILY,CHAR_014,Lise Khokhlakov,undirected_or_unknown,0.72,unreviewed,cue+cooccurrence rule,1152,BK_P01152,machine-proposed,FAMILY
A_08f47d2e2581,CHAR_004,Alexei Fyodorovich Karamazov,FAMILY,CHAR_014,Lise Khokhlakov,undirected_or_unknown,0.72,unreviewed,cue+cooccurrence rule,1166,BK_P01166,machine-proposed,FAMILY
A_b8027a16b1a6,CHAR_004,Alexei Fyodorovich Karamazov,FAMILY,CHAR_014,Lise Khokhlakov,undirected_or_unknown,0.72,unreviewed,cue+cooccurrence rule,1186,BK_P01186,machine-proposed,FAMILY
A_53d66ac3f27b,CHAR_004,Alexei Fyodorovich Karamazov,ROMANTIC,CHAR_014,Lise Khokhlakov,undirected_or_unknown,0.65,unreviewed,cue+cooccurrence rule,1186,BK_P01186,machine-proposed,ROMANTIC
A_36733c7a306d,CHAR_004,Alexei Fyodorovich Karamazov,CONFLICT,CHAR_014,Lise Khokhlakov,undirected_or_unknown,0.64,unreviewed,cue+cooccurrence rule,1186,BK_P01186,machine-proposed,CONFLICT
A_ac2f684a297e,CHAR_002,Dmitri Fyodorovich Karamazov,FAMILY,CHAR_003,Ivan Fyodorovich Karamazov,undirected_or_unknown,0.72,unreviewed,cue+cooccurrence rule,1204,BK_P01204,machine-proposed,FAMILY
A_c15f1b7b0113,CHAR_002,Dmitri Fyodorovich Karamazov,FAMILY,CHAR_004,Alexei Fyodorovich Karamazov,undirected_or_unknown,0.72,unreviewed,cue+cooccurrence rule,1204,BK_P01204,machine-proposed,FAMILY
A_9b762a69175d,CHAR_002,Dmitri Fyodorovich Karamazov,FAMILY,CHAR_013,Madame Khokhlakov,undirected_or_unknown,0.72,unreviewed,cue+cooccurrence rule,1204,BK_P01204,machine-proposed,FAMILY
A_b6b96931c89c,CHAR_002,Dmitri Fyodorovich Karamazov,FAMILY,CHAR_014,Lise Khokhlakov,undirected_or_unknown,0.72,unreviewed,cue+cooccurrence rule,1204,BK_P01204,machine-proposed,FAMILY
A_498d4f1ec4ee,CHAR_003,Ivan Fyodorovich Karamazov,FAMILY,CHAR_004,Alexei Fyodorovich Karamazov,undirected_or_unknown,0.72,unreviewed,cue+cooccurrence rule,1204,BK_P01204,machine-proposed,FAMILY
A_3f57d5572d3f,CHAR_003,Ivan Fyodorovich Karamazov,FAMILY,CHAR_013,Madame Khokhlakov,undirected_or_unknown,0.72,unreviewed,cue+cooccurrence rule,1204,BK_P01204,machine-proposed,FAMILY
A_0a3c6563d82c,CHAR_003,Ivan Fyodorovich Karamazov,FAMILY,CHAR_014,Lise Khokhlakov,undirected_or_unknown,0.72,unreviewed,cue+cooccurrence rule,1204,BK_P01204,machine-proposed,FAMILY
A_e233caebfaf3,CHAR_004,Alexei Fyodorovich Karamazov,FAMILY,CHAR_013,Madame Khokhlakov,undirected_or_unknown,0.72,unreviewed,cue+cooccurrence rule,1204,BK_P01204,machine-proposed,FAMILY
A_bc8fcc6a1e4f,CHAR_004,Alexei Fyodorovich Karamazov,FAMILY,CHAR_014,Lise Khokhlakov,undirected_or_unknown,0.72,unreviewed,cue+cooccurrence rule,1204,BK_P01204,machine-proposed,FAMILY
A_c9abd2239a8e,CHAR_013,Madame Khokhlakov,FAMILY,CHAR_014,Lise Khokhlakov,undirected_or_unknown,0.72,unreviewed,cue+cooccurrence rule,1204,BK_P01204,machine-proposed,FAMILY
A_898fec835bbd,CHAR_002,Dmitri Fyodorovich Karamazov,FAMILY,CHAR_003,Ivan Fyodorovich Karamazov,undirected_or_unknown,0.72,unreviewed,cue+cooccurrence rule,1206,BK_P01206,machine-proposed,FAMILY
A_be1d98b50b0c,CHAR_002,Dmitri Fyodorovich Karamazov,FAMILY,CHAR_004,Alexei Fyodorovich Karamazov,undirected_or_unknown,0.72,unreviewed,cue+cooccurrence rule,1206,BK_P01206,machine-proposed,FAMILY
A_3cd446a18fe1,CHAR_002,Dmitri Fyodorovich Karamazov,FAMILY,CHAR_006,Agrafena Alexandrovna Svetlova,undirected_or_unknown,0.72,unreviewed,cue+cooccurrence rule,1206,BK_P01206,machine-proposed,FAMILY
A_e5ec88856047,CHAR_002,Dmitri Fyodorovich Karamazov,FAMILY,CHAR_007,Katerina Ivanovna Verkhovtseva,undirected_or_unknown,0.72,unreviewed,cue+cooccurrence rule,1206,BK_P01206,machine-proposed,FAMILY
A_31b9b8c962e4,CHAR_002,Dmitri Fyodorovich Karamazov,FAMILY,CHAR_013,Madame Khokhlakov,undirected_or_unknown,0.72,unreviewed,cue+cooccurrence rule,1206,BK_P01206,machine-proposed,FAMILY
A_6453a8a08e7d,CHAR_003,Ivan Fyodorovich Karamazov,FAMILY,CHAR_004,Alexei Fyodorovich Karamazov,undirected_or_unknown,0.72,unreviewed,cue+cooccurrence rule,1206,BK_P01206,machine-proposed,FAMILY
A_cfc0c0a025f5,CHAR_003,Ivan Fyodorovich Karamazov,FAMILY,CHAR_006,Agrafena Alexandrovna Svetlova,undirected_or_unknown,0.72,unreviewed,cue+cooccurrence rule,1206,BK_P01206,machine-proposed,FAMILY
A_6eb43ba5bde0,CHAR_003,Ivan Fyodorovich Karamazov,FAMILY,CHAR_007,Katerina Ivanovna Verkhovtseva,undirected_or_unknown,0.72,unreviewed,cue+cooccurrence rule,1206,BK_P01206,machine-proposed,FAMILY
A_ec97400bc37f,CHAR_003,Ivan Fyodorovich Karamazov,FAMILY,CHAR_013,Madame Khokhlakov,undirected_or_unknown,0.72,unreviewed,cue+cooccurrence rule,1206,BK_P01206,machine-proposed,FAMILY
A_bf627058f4f8,CHAR_004,Alexei Fyodorovich Karamazov,FAMILY,CHAR_006,Agrafena Alexandrovna Svetlova,undirected_or_unknown,0.72,unreviewed,cue+cooccurrence rule,1206,BK_P01206,machine-proposed,FAMILY
A_10c70113e545,CHAR_004,Alexei Fyodorovich Karamazov,FAMILY,CHAR_007,Katerina Ivanovna Verkhovtseva,undirected_or_unknown,0.72,unreviewed,cue+cooccurrence rule,1206,BK_P01206,machine-proposed,FAMILY
A_45f8037c7e23,CHAR_004,Alexei Fyodorovich Karamazov,FAMILY,CHAR_013,Madame Khokhlakov,undirected_or_unknown,0.72,unreviewed,cue+cooccurrence rule,1206,BK_P01206,machine-proposed,FAMILY
A_de3eaf1f878c,CHAR_006,Agrafena Alexandrovna Svetlova,FAMILY,CHAR_007,Katerina Ivanovna Verkhovtseva,undirected_or_unknown,0.72,unreviewed,cue+cooccurrence rule,1206,BK_P01206,machine-proposed,FAMILY
A_f548f458de24,CHAR_006,Agrafena Alexandrovna Svetlova,FAMILY,CHAR_013,Madame Khokhlakov,undirected_or_unknown,0.72,unreviewed,cue+cooccurrence rule,1206,BK_P01206,machine-proposed,FAMILY
A_e84276455720,CHAR_007,Katerina Ivanovna Verkhovtseva,FAMILY,CHAR_013,Madame Khokhlakov,undirected_or_unknown,0.72,unreviewed,cue+cooccurrence rule,1206,BK_P01206,machine-proposed,FAMILY
A_1f976a5561ed,CHAR_002,Dmitri Fyodorovich Karamazov,ROMANTIC,CHAR_003,Ivan Fyodorovich Karamazov,undirected_or_unknown,0.65,unreviewed,cue+cooccurrence rule,1206,BK_P01206,machine-proposed,ROMANTIC
A_65886b91ef45,CHAR_002,Dmitri Fyodorovich Karamazov,ROMANTIC,CHAR_004,Alexei Fyodorovich Karamazov,undirected_or_unknown,0.65,unreviewed,cue+cooccurrence rule,1206,BK_P01206,machine-proposed,ROMANTIC
A_1fbe0ea3b182,CHAR_002,Dmitri Fyodorovich Karamazov,ROMANTIC,CHAR_006,Agrafena Alexandrovna Svetlova,undirected_or_unknown,0.65,unreviewed,cue+cooccurrence rule,1206,BK_P01206,machine-proposed,ROMANTIC
A_a0b493bba89f,CHAR_002,Dmitri Fyodorovich Karamazov,ROMANTIC,CHAR_007,Katerina Ivanovna Verkhovtseva,undirected_or_unknown,0.65,unreviewed,cue+cooccurrence rule,1206,BK_P01206,machine-proposed,ROMANTIC
A_927c28fb238a,CHAR_002,Dmitri Fyodorovich Karamazov,ROMANTIC,CHAR_013,Madame Khokhlakov,undirected_or_unknown,0.65,unreviewed,cue+cooccurrence rule,1206,BK_P01206,machine-proposed,ROMANTIC
A_8f3cb79f2abb,CHAR_003,Ivan Fyodorovich Karamazov,ROMANTIC,CHAR_004,Alexei Fyodorovich Karamazov,undirected_or_unknown,0.65,unreviewed,cue+cooccurrence rule,1206,BK_P01206,machine-proposed,ROMANTIC
A_14ac5b82e2c5,CHAR_003,Ivan Fyodorovich Karamazov,ROMANTIC,CHAR_006,Agrafena Alexandrovna Svetlova,undirected_or_unknown,0.65,unreviewed,cue+cooccurrence rule,1206,BK_P01206,machine-proposed,ROMANTIC
A_f4428b1bb909,CHAR_003,Ivan Fyodorovich Karamazov,ROMANTIC,CHAR_007,Katerina Ivanovna Verkhovtseva,undirected_or_unknown,0.65,unreviewed,cue+cooccurrence rule,1206,BK_P01206,machine-proposed,ROMANTIC
A_066e0fc8de98,CHAR_003,Ivan Fyodorovich Karamazov,ROMANTIC,CHAR_013,Madame Khokhlakov,undirected_or_unknown,0.65,unreviewed,cue+cooccurrence rule,1206,BK_P01206,machine-proposed,ROMANTIC
A_a99a51762a2c,CHAR_004,Alexei Fyodorovich Karamazov,ROMANTIC,CHAR_006,Agrafena Alexandrovna Svetlova,undirected_or_unknown,0.65,unreviewed,cue+cooccurrence rule,1206,BK_P01206,machine-proposed,ROMANTIC
A_c73b7c6d8141,CHAR_004,Alexei Fyodorovich Karamazov,ROMANTIC,CHAR_007,Katerina Ivanovna Verkhovtseva,undirected_or_unknown,0.65,unreviewed,cue+cooccurrence rule,1206,BK_P01206,machine-proposed,ROMANTIC
A_a1dd96e4d602,CHAR_004,Alexei Fyodorovich Karamazov,ROMANTIC,CHAR_013,Madame Khokhlakov,undirected_or_unknown,0.65,unreviewed,cue+cooccurrence rule,1206,BK_P01206,machine-proposed,ROMANTIC
A_41e96b761a35,CHAR_006,Agrafena Alexandrovna Svetlova,ROMANTIC,CHAR_007,Katerina Ivanovna Verkhovtseva,undirected_or_unknown,0.65,unreviewed,cue+cooccurrence rule,1206,BK_P01206,machine-proposed,ROMANTIC
A_a4629e2642f9,CHAR_006,Agrafena Alexandrovna Svetlova,ROMANTIC,CHAR_013,Madame Khokhlakov,undirected_or_unknown,0.65,unreviewed,cue+cooccurrence rule,1206,BK_P01206,machine-proposed,ROMANTIC
A_199a0d82a360,CHAR_007,Katerina Ivanovna Verkhovtseva,ROMANTIC,CHAR_013,Madame Khokhlakov,undirected_or_unknown,0.65,unreviewed,cue+cooccurrence rule,1206,BK_P01206,machine-proposed,ROMANTIC
A_495aa1a0e2eb,CHAR_002,Dmitri Fyodorovich Karamazov,CONFLICT,CHAR_003,Ivan Fyodorovich Karamazov,undirected_or_unknown,0.64,unreviewed,cue+cooccurrence rule,1206,BK_P01206,machine-proposed,CONFLICT
A_d1ccc7727c11,CHAR_002,Dmitri Fyodorovich Karamazov,CONFLICT,CHAR_004,Alexei Fyodorovich Karamazov,undirected_or_unknown,0.64,unreviewed,cue+cooccurrence rule,1206,BK_P01206,machine-proposed,CONFLICT
A_f19946dcc31d,CHAR_002,Dmitri Fyodorovich Karamazov,CONFLICT,CHAR_006,Agrafena Alexandrovna Svetlova,undirected_or_unknown,0.64,unreviewed,cue+cooccurrence rule,1206,BK_P01206,machine-proposed,CONFLICT
A_6db7849f0f8f,CHAR_002,Dmitri Fyodorovich Karamazov,CONFLICT,CHAR_007,Katerina Ivanovna Verkhovtseva,undirected_or_unknown,0.64,unreviewed,cue+cooccurrence rule,1206,BK_P01206,machine-proposed,CONFLICT
A_a5404a4de9de,CHAR_002,Dmitri Fyodorovich Karamazov,CONFLICT,CHAR_013,Madame Khokhlakov,undirected_or_unknown,0.64,unreviewed,cue+cooccurrence rule,1206,BK_P01206,machine-proposed,CONFLICT
A_07bfd888615d,CHAR_003,Ivan Fyodorovich Karamazov,CONFLICT,CHAR_004,Alexei Fyodorovich Karamazov,undirected_or_unknown,0.64,unreviewed,cue+cooccurrence rule,1206,BK_P01206,machine-proposed,CONFLICT
A_822827bdb128,CHAR_003,Ivan Fyodorovich Karamazov,CONFLICT,CHAR_006,Agrafena Alexandrovna Svetlova,undirected_or_unknown,0.64,unreviewed,cue+cooccurrence rule,1206,BK_P01206,machine-proposed,CONFLICT
A_8909f2cb1bf0,CHAR_003,Ivan Fyodorovich Karamazov,CONFLICT,CHAR_007,Katerina Ivanovna Verkhovtseva,undirected_or_unknown,0.64,unreviewed,cue+cooccurrence rule,1206,BK_P01206,machine-proposed,CONFLICT
A_d1dd1293bb1f,CHAR_003,Ivan Fyodorovich Karamazov,CONFLICT,CHAR_013,Madame Khokhlakov,undirected_or_unknown,0.64,unreviewed,cue+cooccurrence rule,1206,BK_P01206,machine-proposed,CONFLICT
A_a4a894cbec5b,CHAR_004,Alexei Fyodorovich Karamazov,CONFLICT,CHAR_006,Agrafena Alexandrovna Svetlova,undirected_or_unknown,0.64,unreviewed,cue+cooccurrence rule,1206,BK_P01206,machine-proposed,CONFLICT
A_0679fcd34575,CHAR_004,Alexei Fyodorovich Karamazov,CONFLICT,CHAR_007,Katerina Ivanovna Verkhovtseva,undirected_or_unknown,0.64,unreviewed,cue+cooccurrence rule,1206,BK_P01206,machine-proposed,CONFLICT
A_4516dc6539ab,CHAR_004,Alexei Fyodorovich Karamazov,CONFLICT,CHAR_013,Madame Khokhlakov,undirected_or_unknown,0.64,unreviewed,cue+cooccurrence rule,1206,BK_P01206,machine-proposed,CONFLICT
A_3e7699c5d4f8,CHAR_006,Agrafena Alexandrovna Svetlova,CONFLICT,CHAR_007,Katerina Ivanovna Verkhovtseva,undirected_or_unknown,0.64,unreviewed,cue+cooccurrence rule,1206,BK_P01206,machine-proposed,CONFLICT
A_6e0d0d349589,CHAR_006,Agrafena Alexandrovna Svetlova,CONFLICT,CHAR_013,Madame Khokhlakov,undirected_or_unknown,0.64,unreviewed,cue+cooccurrence rule,1206,BK_P01206,machine-proposed,CONFLICT
A_9faedc9cda62,CHAR_007,Katerina Ivanovna Verkhovtseva,CONFLICT,CHAR_013,Madame Khokhlakov,undirected_or_unknown,0.64,unreviewed,cue+cooccurrence rule,1206,BK_P01206,machine-proposed,CONFLICT
A_65aca6cdf078,CHAR_002,Dmitri Fyodorovich Karamazov,ROMANTIC,CHAR_003,Ivan Fyodorovich Karamazov,undirected_or_unknown,0.65,unreviewed,cue+cooccurrence rule,1207,BK_P01207,machine-proposed,ROMANTIC
A_7debb58ad119,CHAR_002,Dmitri Fyodorovich Karamazov,ROMANTIC,CHAR_004,Alexei Fyodorovich Karamazov,undirected_or_unknown,0.65,unreviewed,cue+cooccurrence rule,1207,BK_P01207,machine-proposed,ROMANTIC
A_578c09358845,CHAR_002,Dmitri Fyodorovich Karamazov,ROMANTIC,CHAR_006,Agrafena Alexandrovna Svetlova,undirected_or_unknown,0.65,unreviewed,cue+cooccurrence rule,1207,BK_P01207,machine-proposed,ROMANTIC
A_327fff4e2d36,CHAR_002,Dmitri Fyodorovich Karamazov,ROMANTIC,CHAR_007,Katerina Ivanovna Verkhovtseva,undirected_or_unknown,0.65,unreviewed,cue+cooccurrence rule,1207,BK_P01207,machine-proposed,ROMANTIC
A_5f16c2f65765,CHAR_002,Dmitri Fyodorovich Karamazov,ROMANTIC,CHAR_013,Madame Khokhlakov,undirected_or_unknown,0.65,unreviewed,cue+cooccurrence rule,1207,BK_P01207,machine-proposed,ROMANTIC
A_fa04d5a04f28,CHAR_003,Ivan Fyodorovich Karamazov,ROMANTIC,CHAR_004,Alexei Fyodorovich Karamazov,undirected_or_unknown,0.65,unreviewed,cue+cooccurrence rule,1207,BK_P01207,machine-proposed,ROMANTIC
A_83b8ee3587c7,CHAR_003,Ivan Fyodorovich Karamazov,ROMANTIC,CHAR_006,Agrafena Alexandrovna Svetlova,undirected_or_unknown,0.65,unreviewed,cue+cooccurrence rule,1207,BK_P01207,machine-proposed,ROMANTIC
A_fad211c961af,CHAR_003,Ivan Fyodorovich Karamazov,ROMANTIC,CHAR_007,Katerina Ivanovna Verkhovtseva,undirected_or_unknown,0.65,unreviewed,cue+cooccurrence rule,1207,BK_P01207,machine-proposed,ROMANTIC
A_610777ab5c37,CHAR_003,Ivan Fyodorovich Karamazov,ROMANTIC,CHAR_013,Madame Khokhlakov,undirected_or_unknown,0.65,unreviewed,cue+cooccurrence rule,1207,BK_P01207,machine-proposed,ROMANTIC
A_76d0e6983aa9,CHAR_004,Alexei Fyodorovich Karamazov,ROMANTIC,CHAR_006,Agrafena Alexandrovna Svetlova,undirected_or_unknown,0.65,unreviewed,cue+cooccurrence rule,1207,BK_P01207,machine-proposed,ROMANTIC
A_47129a558f60,CHAR_004,Alexei Fyodorovich Karamazov,ROMANTIC,CHAR_007,Katerina Ivanovna Verkhovtseva,undirected_or_unknown,0.65,unreviewed,cue+cooccurrence rule,1207,BK_P01207,machine-proposed,ROMANTIC
A_e2afa6fbddf8,CHAR_004,Alexei Fyodorovich Karamazov,ROMANTIC,CHAR_013,Madame Khokhlakov,undirected_or_unknown,0.65,unreviewed,cue+cooccurrence rule,1207,BK_P01207,machine-proposed,ROMANTIC
A_de65ae537e4c,CHAR_006,Agrafena Alexandrovna Svetlova,ROMANTIC,CHAR_007,Katerina Ivanovna Verkhovtseva,undirected_or_unknown,0.65,unreviewed,cue+cooccurrence rule,1207,BK_P01207,machine-proposed,ROMANTIC
A_f89aa1b0f0b7,CHAR_006,Agrafena Alexandrovna Svetlova,ROMANTIC,CHAR_013,Madame Khokhlakov,undirected_or_unknown,0.65,unreviewed,cue+cooccurrence rule,1207,BK_P01207,machine-proposed,ROMANTIC
A_be2530e5bd39,CHAR_007,Katerina Ivanovna Verkhovtseva,ROMANTIC,CHAR_013,Madame Khokhlakov,undirected_or_unknown,0.65,unreviewed,cue+cooccurrence rule,1207,BK_P01207,machine-proposed,ROMANTIC
A_4a6c289aa39c,CHAR_002,Dmitri Fyodorovich Karamazov,FAMILY,CHAR_003,Ivan Fyodorovich Karamazov,undirected_or_unknown,0.72,unreviewed,cue+cooccurrence rule,1209,BK_P01209,machine-proposed,FAMILY
A_55cbdc11e6f0,CHAR_002,Dmitri Fyodorovich Karamazov,FAMILY,CHAR_004,Alexei Fyodorovich Karamazov,undirected_or_unknown,0.72,unreviewed,cue+cooccurrence rule,1209,BK_P01209,machine-proposed,FAMILY
A_40f921e4c27d,CHAR_002,Dmitri Fyodorovich Karamazov,FAMILY,CHAR_007,Katerina Ivanovna Verkhovtseva,undirected_or_unknown,0.72,unreviewed,cue+cooccurrence rule,1209,BK_P01209,machine-proposed,FAMILY
A_99bc8906797d,CHAR_003,Ivan Fyodorovich Karamazov,FAMILY,CHAR_004,Alexei Fyodorovich Karamazov,undirected_or_unknown,0.72,unreviewed,cue+cooccurrence rule,1209,BK_P01209,machine-proposed,FAMILY
A_50726c2e7903,CHAR_003,Ivan Fyodorovich Karamazov,FAMILY,CHAR_007,Katerina Ivanovna Verkhovtseva,undirected_or_unknown,0.72,unreviewed,cue+cooccurrence rule,1209,BK_P01209,machine-proposed,FAMILY
A_3b8d1b592a4e,CHAR_004,Alexei Fyodorovich Karamazov,FAMILY,CHAR_007,Katerina Ivanovna Verkhovtseva,undirected_or_unknown,0.72,unreviewed,cue+cooccurrence rule,1209,BK_P01209,machine-proposed,FAMILY
A_db8329b99b88,CHAR_002,Dmitri Fyodorovich Karamazov,ROMANTIC,CHAR_003,Ivan Fyodorovich Karamazov,undirected_or_unknown,0.65,unreviewed,cue+cooccurrence rule,1209,BK_P01209,machine-proposed,ROMANTIC
A_4f65684004c9,CHAR_002,Dmitri Fyodorovich Karamazov,ROMANTIC,CHAR_004,Alexei Fyodorovich Karamazov,undirected_or_unknown,0.65,unreviewed,cue+cooccurrence rule,1209,BK_P01209,machine-proposed,ROMANTIC
A_0596457b409b,CHAR_002,Dmitri Fyodorovich Karamazov,ROMANTIC,CHAR_007,Katerina Ivanovna Verkhovtseva,undirected_or_unknown,0.65,unreviewed,cue+cooccurrence rule,1209,BK_P01209,machine-proposed,ROMANTIC
A_ee8a3c8388e0,CHAR_003,Ivan Fyodorovich Karamazov,ROMANTIC,CHAR_004,Alexei Fyodorovich Karamazov,undirected_or_unknown,0.65,unreviewed,cue+cooccurrence rule,1209,BK_P01209,machine-proposed,ROMANTIC
A_19ffe9180b79,CHAR_003,Ivan Fyodorovich Karamazov,ROMANTIC,CHAR_007,Katerina Ivanovna Verkhovtseva,undirected_or_unknown,0.65,unreviewed,cue+cooccurrence rule,1209,BK_P01209,machine-proposed,ROMANTIC
A_f6098019b9a4,CHAR_004,Alexei Fyodorovich Karamazov,ROMANTIC,CHAR_007,Katerina Ivanovna Verkhovtseva,undirected_or_unknown,0.65,unreviewed,cue+cooccurrence rule,1209,BK_P01209,machine-proposed,ROMANTIC
A_4aa477e1522d,CHAR_003,Ivan Fyodorovich Karamazov,ROMANTIC,CHAR_004,Alexei Fyodorovich Karamazov,undirected_or_unknown,0.65,unreviewed,cue+cooccurrence rule,1211,BK_P01211,machine-proposed,ROMANTIC
A_a5affbcca1e4,CHAR_003,Ivan Fyodorovich Karamazov,CONFLICT,CHAR_004,Alexei Fyodorovich Karamazov,undirected_or_unknown,0.64,unreviewed,cue+cooccurrence rule,1211,BK_P01211,machine-proposed,CONFLICT
A_1df8eda6415b,CHAR_002,Dmitri Fyodorovich Karamazov,ROMANTIC,CHAR_004,Alexei Fyodorovich Karamazov,undirected_or_unknown,0.65,unreviewed,cue+cooccurrence rule,1212,BK_P01212,machine-proposed,ROMANTIC
A_38219dae7e0e,CHAR_003,Ivan Fyodorovich Karamazov,FAMILY,CHAR_004,Alexei Fyodorovich Karamazov,undirected_or_unknown,0.72,unreviewed,cue+cooccurrence rule,1218,BK_P01218,machine-proposed,FAMILY
A_aebc2c714e98,CHAR_003,Ivan Fyodorovich Karamazov,SOCIAL,CHAR_004,Alexei Fyodorovich Karamazov,undirected_or_unknown,0.55,unreviewed,cue+cooccurrence rule,1218,BK_P01218,machine-proposed,SOCIAL
A_e15be60a3995,CHAR_003,Ivan Fyodorovich Karamazov,FAMILY,CHAR_004,Alexei Fyodorovich Karamazov,undirected_or_unknown,0.72,unreviewed,cue+cooccurrence rule,1219,BK_P01219,machine-proposed,FAMILY
A_ec4411b28d46,CHAR_002,Dmitri Fyodorovich Karamazov,ROMANTIC,CHAR_004,Alexei Fyodorovich Karamazov,undirected_or_unknown,0.65,unreviewed,cue+cooccurrence rule,1237,BK_P01237,machine-proposed,ROMANTIC
A_08fdfad6e671,CHAR_002,Dmitri Fyodorovich Karamazov,ROMANTIC,CHAR_003,Ivan Fyodorovich Karamazov,undirected_or_unknown,0.65,unreviewed,cue+cooccurrence rule,1239,BK_P01239,machine-proposed,ROMANTIC
A_dd9bf46b9e0e,CHAR_002,Dmitri Fyodorovich Karamazov,ROMANTIC,CHAR_004,Alexei Fyodorovich Karamazov,undirected_or_unknown,0.65,unreviewed,cue+cooccurrence rule,1239,BK_P01239,machine-proposed,ROMANTIC
A_f173c14364fa,CHAR_003,Ivan Fyodorovich Karamazov,ROMANTIC,CHAR_004,Alexei Fyodorovich Karamazov,undirected_or_unknown,0.65,unreviewed,cue+cooccurrence rule,1239,BK_P01239,machine-proposed,ROMANTIC
A_ffac51d408b9,CHAR_002,Dmitri Fyodorovich Karamazov,ROMANTIC,CHAR_004,Alexei Fyodorovich Karamazov,undirected_or_unknown,0.65,unreviewed,cue+cooccurrence rule,1243,BK_P01243,machine-proposed,ROMANTIC
A_1a18475a2502,CHAR_002,Dmitri Fyodorovich Karamazov,ROMANTIC,CHAR_007,Katerina Ivanovna Verkhovtseva,undirected_or_unknown,0.65,unreviewed,cue+cooccurrence rule,1243,BK_P01243,machine-proposed,ROMANTIC
A_15297fe131f1,CHAR_002,Dmitri Fyodorovich Karamazov,ROMANTIC,CHAR_013,Madame Khokhlakov,undirected_or_unknown,0.65,unreviewed,cue+cooccurrence rule,1243,BK_P01243,machine-proposed,ROMANTIC
A_285acd1b0eb1,CHAR_004,Alexei Fyodorovich Karamazov,ROMANTIC,CHAR_007,Katerina Ivanovna Verkhovtseva,undirected_or_unknown,0.65,unreviewed,cue+cooccurrence rule,1243,BK_P01243,machine-proposed,ROMANTIC
A_ca88530902c2,CHAR_004,Alexei Fyodorovich Karamazov,ROMANTIC,CHAR_013,Madame Khokhlakov,undirected_or_unknown,0.65,unreviewed,cue+cooccurrence rule,1243,BK_P01243,machine-proposed,ROMANTIC
A_78b45599863f,CHAR_007,Katerina Ivanovna Verkhovtseva,ROMANTIC,CHAR_013,Madame Khokhlakov,undirected_or_unknown,0.65,unreviewed,cue+cooccurrence rule,1243,BK_P01243,machine-proposed,ROMANTIC
A_6df7226e9bdd,CHAR_002,Dmitri Fyodorovich Karamazov,SOCIAL,CHAR_004,Alexei Fyodorovich Karamazov,undirected_or_unknown,0.55,unreviewed,cue+cooccurrence rule,1243,BK_P01243,machine-proposed,SOCIAL
A_0bb34536701c,CHAR_002,Dmitri Fyodorovich Karamazov,SOCIAL,CHAR_007,Katerina Ivanovna Verkhovtseva,undirected_or_unknown,0.55,unreviewed,cue+cooccurrence rule,1243,BK_P01243,machine-proposed,SOCIAL
A_b67e4515da15,CHAR_002,Dmitri Fyodorovich Karamazov,SOCIAL,CHAR_013,Madame Khokhlakov,undirected_or_unknown,0.55,unreviewed,cue+cooccurrence rule,1243,BK_P01243,machine-proposed,SOCIAL
A_fea02e68deeb,CHAR_004,Alexei Fyodorovich Karamazov,SOCIAL,CHAR_007,Katerina Ivanovna Verkhovtseva,undirected_or_unknown,0.55,unreviewed,cue+cooccurrence rule,1243,BK_P01243,machine-proposed,SOCIAL
A_e5770ed9aca3,CHAR_004,Alexei Fyodorovich Karamazov,SOCIAL,CHAR_013,Madame Khokhlakov,undirected_or_unknown,0.55,unreviewed,cue+cooccurrence rule,1243,BK_P01243,machine-proposed,SOCIAL
A_f9285b5767d3,CHAR_007,Katerina Ivanovna Verkhovtseva,SOCIAL,CHAR_013,Madame Khokhlakov,undirected_or_unknown,0.55,unreviewed,cue+cooccurrence rule,1243,BK_P01243,machine-proposed,SOCIAL
A_ae7054143417,CHAR_004,Alexei Fyodorovich Karamazov,FINANCIAL,CHAR_007,Katerina Ivanovna Verkhovtseva,undirected_or_unknown,0.58,unreviewed,cue+cooccurrence rule,1247,BK_P01247,machine-proposed,FINANCIAL
A_fbe51636b93a,CHAR_002,Dmitri Fyodorovich Karamazov,FAMILY,CHAR_004,Alexei Fyodorovich Karamazov,undirected_or_unknown,0.72,unreviewed,cue+cooccurrence rule,1248,BK_P01248,machine-proposed,FAMILY
A_5c639c8334eb,CHAR_002,Dmitri Fyodorovich Karamazov,ROMANTIC,CHAR_003,Ivan Fyodorovich Karamazov,undirected_or_unknown,0.65,unreviewed,cue+cooccurrence rule,1250,BK_P01250,machine-proposed,ROMANTIC
A_055fe25c7d20,CHAR_002,Dmitri Fyodorovich Karamazov,ROMANTIC,CHAR_004,Alexei Fyodorovich Karamazov,undirected_or_unknown,0.65,unreviewed,cue+cooccurrence rule,1250,BK_P01250,machine-proposed,ROMANTIC
A_27b3fd867c3d,CHAR_002,Dmitri Fyodorovich Karamazov,ROMANTIC,CHAR_014,Lise Khokhlakov,undirected_or_unknown,0.65,unreviewed,cue+cooccurrence rule,1250,BK_P01250,machine-proposed,ROMANTIC
A_718a024d4fcf,CHAR_003,Ivan Fyodorovich Karamazov,ROMANTIC,CHAR_004,Alexei Fyodorovich Karamazov,undirected_or_unknown,0.65,unreviewed,cue+cooccurrence rule,1250,BK_P01250,machine-proposed,ROMANTIC
A_30676a171f1e,CHAR_003,Ivan Fyodorovich Karamazov,ROMANTIC,CHAR_014,Lise Khokhlakov,undirected_or_unknown,0.65,unreviewed,cue+cooccurrence rule,1250,BK_P01250,machine-proposed,ROMANTIC
A_8f76601134ad,CHAR_004,Alexei Fyodorovich Karamazov,ROMANTIC,CHAR_014,Lise Khokhlakov,undirected_or_unknown,0.65,unreviewed,cue+cooccurrence rule,1250,BK_P01250,machine-proposed,ROMANTIC
A_10540e83b396,CHAR_003,Ivan Fyodorovich Karamazov,ROMANTIC,CHAR_004,Alexei Fyodorovich Karamazov,undirected_or_unknown,0.65,unreviewed,cue+cooccurrence rule,1257,BK_P01257,machine-proposed,ROMANTIC
A_83c3f0205c8b,CHAR_003,Ivan Fyodorovich Karamazov,ROMANTIC,CHAR_014,Lise Khokhlakov,undirected_or_unknown,0.65,unreviewed,cue+cooccurrence rule,1257,BK_P01257,machine-proposed,ROMANTIC
A_15c934240cea,CHAR_004,Alexei Fyodorovich Karamazov,ROMANTIC,CHAR_014,Lise Khokhlakov,undirected_or_unknown,0.65,unreviewed,cue+cooccurrence rule,1257,BK_P01257,machine-proposed,ROMANTIC
A_1af9fa5e40bf,CHAR_002,Dmitri Fyodorovich Karamazov,FAMILY,CHAR_004,Alexei Fyodorovich Karamazov,undirected_or_unknown,0.72,unreviewed,cue+cooccurrence rule,1271,BK_P01271,machine-proposed,FAMILY
A_eb1ce9ba4110,CHAR_002,Dmitri Fyodorovich Karamazov,FAMILY,CHAR_007,Katerina Ivanovna Verkhovtseva,undirected_or_unknown,0.72,unreviewed,cue+cooccurrence rule,1271,BK_P01271,machine-proposed,FAMILY
A_5e3b617f5c00,CHAR_004,Alexei Fyodorovich Karamazov,FAMILY,CHAR_007,Katerina Ivanovna Verkhovtseva,undirected_or_unknown,0.72,unreviewed,cue+cooccurrence rule,1271,BK_P01271,machine-proposed,FAMILY
A_d8f5072aaafc,CHAR_002,Dmitri Fyodorovich Karamazov,FAMILY,CHAR_004,Alexei Fyodorovich Karamazov,undirected_or_unknown,0.72,unreviewed,cue+cooccurrence rule,1272,BK_P01272,machine-proposed,FAMILY
A_57ae3bfda430,CHAR_002,Dmitri Fyodorovich Karamazov,FAMILY,CHAR_007,Katerina Ivanovna Verkhovtseva,undirected_or_unknown,0.72,unreviewed,cue+cooccurrence rule,1272,BK_P01272,machine-proposed,FAMILY
A_b084db3e328e,CHAR_004,Alexei Fyodorovich Karamazov,FAMILY,CHAR_007,Katerina Ivanovna Verkhovtseva,undirected_or_unknown,0.72,unreviewed,cue+cooccurrence rule,1272,BK_P01272,machine-proposed,FAMILY
A_dd6ad82b3b2d,CHAR_002,Dmitri Fyodorovich Karamazov,FAMILY,CHAR_004,Alexei Fyodorovich Karamazov,undirected_or_unknown,0.72,unreviewed,cue+cooccurrence rule,1273,BK_P01273,machine-proposed,FAMILY
A_eec6a7241f2d,CHAR_002,Dmitri Fyodorovich Karamazov,FAMILY,CHAR_006,Agrafena Alexandrovna Svetlova,undirected_or_unknown,0.72,unreviewed,cue+cooccurrence rule,1273,BK_P01273,machine-proposed,FAMILY
A_30b13a6a08f6,CHAR_004,Alexei Fyodorovich Karamazov,FAMILY,CHAR_006,Agrafena Alexandrovna Svetlova,undirected_or_unknown,0.72,unreviewed,cue+cooccurrence rule,1273,BK_P01273,machine-proposed,FAMILY
A_a48747491ad1,CHAR_004,Alexei Fyodorovich Karamazov,FAMILY,CHAR_007,Katerina Ivanovna Verkhovtseva,undirected_or_unknown,0.72,unreviewed,cue+cooccurrence rule,1274,BK_P01274,machine-proposed,FAMILY
A_2efa3793133f,CHAR_002,Dmitri Fyodorovich Karamazov,FAMILY,CHAR_004,Alexei Fyodorovich Karamazov,undirected_or_unknown,0.72,unreviewed,cue+cooccurrence rule,1290,BK_P01290,machine-proposed,FAMILY
A_bf77b24d3ce9,CHAR_002,Dmitri Fyodorovich Karamazov,FAMILY,CHAR_004,Alexei Fyodorovich Karamazov,undirected_or_unknown,0.72,unreviewed,cue+cooccurrence rule,1299,BK_P01299,machine-proposed,FAMILY
A_c70c9541831e,CHAR_001,Fyodor Pavlovich Karamazov,FAMILY,CHAR_004,Alexei Fyodorovich Karamazov,undirected_or_unknown,0.72,unreviewed,cue+cooccurrence rule,1309,BK_P01309,machine-proposed,FAMILY
A_18c0494689a4,CHAR_002,Dmitri Fyodorovich Karamazov,FAMILY,CHAR_009,Ilyusha Snegiryov,undirected_or_unknown,0.72,unreviewed,cue+cooccurrence rule,1329,BK_P01329,machine-proposed,FAMILY
A_d49f56c65640,CHAR_004,Alexei Fyodorovich Karamazov,FAMILY,CHAR_009,Ilyusha Snegiryov,undirected_or_unknown,0.72,unreviewed,cue+cooccurrence rule,1342,BK_P01342,machine-proposed,FAMILY
A_28d06f16a3eb,CHAR_002,Dmitri Fyodorovich Karamazov,FAMILY,CHAR_004,Alexei Fyodorovich Karamazov,undirected_or_unknown,0.72,unreviewed,cue+cooccurrence rule,1346,BK_P01346,machine-proposed,FAMILY
A_32d033d53c18,CHAR_002,Dmitri Fyodorovich Karamazov,FINANCIAL,CHAR_004,Alexei Fyodorovich Karamazov,undirected_or_unknown,0.58,unreviewed,cue+cooccurrence rule,1346,BK_P01346,machine-proposed,FINANCIAL
A_a01881b3bbb2,CHAR_004,Alexei Fyodorovich Karamazov,FINANCIAL,CHAR_009,Ilyusha Snegiryov,undirected_or_unknown,0.58,unreviewed,cue+cooccurrence rule,1357,BK_P01357,machine-proposed,FINANCIAL
A_83c6de0d3139,CHAR_004,Alexei Fyodorovich Karamazov,SOCIAL,CHAR_009,Ilyusha Snegiryov,undirected_or_unknown,0.55,unreviewed,cue+cooccurrence rule,1357,BK_P01357,machine-proposed,SOCIAL
A_24e2acbbf0b9,CHAR_004,Alexei Fyodorovich Karamazov,FAMILY,CHAR_007,Katerina Ivanovna Verkhovtseva,undirected_or_unknown,0.72,unreviewed,cue+cooccurrence rule,1358,BK_P01358,machine-proposed,FAMILY
A_224e96d78ed8,CHAR_004,Alexei Fyodorovich Karamazov,FINANCIAL,CHAR_007,Katerina Ivanovna Verkhovtseva,undirected_or_unknown,0.58,unreviewed,cue+cooccurrence rule,1358,BK_P01358,machine-proposed,FINANCIAL
A_ce343f487fb0,CHAR_004,Alexei Fyodorovich Karamazov,SOCIAL,CHAR_007,Katerina Ivanovna Verkhovtseva,undirected_or_unknown,0.55,unreviewed,cue+cooccurrence rule,1358,BK_P01358,machine-proposed,SOCIAL
A_b059379f5ad0,CHAR_004,Alexei Fyodorovich Karamazov,SOCIAL,CHAR_014,Lise Khokhlakov,undirected_or_unknown,0.55,unreviewed,cue+cooccurrence rule,1373,BK_P01373,machine-proposed,SOCIAL
A_fa6f37e0d8f2,CHAR_004,Alexei Fyodorovich Karamazov,FINANCIAL,CHAR_009,Ilyusha Snegiryov,undirected_or_unknown,0.58,unreviewed,cue+cooccurrence rule,1378,BK_P01378,machine-proposed,FINANCIAL
A_8ea2382a2995,CHAR_004,Alexei Fyodorovich Karamazov,FINANCIAL,CHAR_014,Lise Khokhlakov,undirected_or_unknown,0.58,unreviewed,cue+cooccurrence rule,1378,BK_P01378,machine-proposed,FINANCIAL
A_1427fe852670,CHAR_009,Ilyusha Snegiryov,FINANCIAL,CHAR_014,Lise Khokhlakov,undirected_or_unknown,0.58,unreviewed,cue+cooccurrence rule,1378,BK_P01378,machine-proposed,FINANCIAL
A_aa23650a2621,CHAR_004,Alexei Fyodorovich Karamazov,FINANCIAL,CHAR_014,Lise Khokhlakov,undirected_or_unknown,0.58,unreviewed,cue+cooccurrence rule,1382,BK_P01382,machine-proposed,FINANCIAL
A_ad85fd2ac3c7,CHAR_008,Zosima,FAMILY,CHAR_014,Lise Khokhlakov,undirected_or_unknown,0.72,unreviewed,cue+cooccurrence rule,1384,BK_P01384,machine-proposed,FAMILY
A_6076441c9821,CHAR_008,Zosima,CONFLICT,CHAR_014,Lise Khokhlakov,undirected_or_unknown,0.64,unreviewed,cue+cooccurrence rule,1384,BK_P01384,machine-proposed,CONFLICT
A_dd17963e8387,CHAR_008,Zosima,FINANCIAL,CHAR_014,Lise Khokhlakov,undirected_or_unknown,0.58,unreviewed,cue+cooccurrence rule,1384,BK_P01384,machine-proposed,FINANCIAL
A_4088cce8a3a1,CHAR_008,Zosima,SOCIAL,CHAR_014,Lise Khokhlakov,undirected_or_unknown,0.55,unreviewed,cue+cooccurrence rule,1384,BK_P01384,machine-proposed,SOCIAL
A_c70b831ed843,CHAR_001,Fyodor Pavlovich Karamazov,FAMILY,CHAR_014,Lise Khokhlakov,undirected_or_unknown,0.72,unreviewed,cue+cooccurrence rule,1414,BK_P01414,machine-proposed,FAMILY
A_e133d213475e,CHAR_001,Fyodor Pavlovich Karamazov,ROMANTIC,CHAR_014,Lise Khokhlakov,undirected_or_unknown,0.65,unreviewed,cue+cooccurrence rule,1414,BK_P01414,machine-proposed,ROMANTIC
A_4a5221d71b49,CHAR_004,Alexei Fyodorovich Karamazov,FAMILY,CHAR_014,Lise Khokhlakov,undirected_or_unknown,0.72,unreviewed,cue+cooccurrence rule,1431,BK_P01431,machine-proposed,FAMILY
A_6aec02e261dc,CHAR_004,Alexei Fyodorovich Karamazov,ROMANTIC,CHAR_014,Lise Khokhlakov,undirected_or_unknown,0.65,unreviewed,cue+cooccurrence rule,1440,BK_P01440,machine-proposed,ROMANTIC
A_256545d8e39f,CHAR_003,Ivan Fyodorovich Karamazov,FAMILY,CHAR_004,Alexei Fyodorovich Karamazov,undirected_or_unknown,0.72,unreviewed,cue+cooccurrence rule,1445,BK_P01445,machine-proposed,FAMILY
A_ea47717fd1ac,CHAR_003,Ivan Fyodorovich Karamazov,FAMILY,CHAR_014,Lise Khokhlakov,undirected_or_unknown,0.72,unreviewed,cue+cooccurrence rule,1445,BK_P01445,machine-proposed,FAMILY
A_73f43788cc77,CHAR_004,Alexei Fyodorovich Karamazov,FAMILY,CHAR_014,Lise Khokhlakov,undirected_or_unknown,0.72,unreviewed,cue+cooccurrence rule,1445,BK_P01445,machine-proposed,FAMILY
A_dac30304a1b3,CHAR_001,Fyodor Pavlovich Karamazov,FAMILY,CHAR_014,Lise Khokhlakov,undirected_or_unknown,0.72,unreviewed,cue+cooccurrence rule,1447,BK_P01447,machine-proposed,FAMILY
A_536841492782,CHAR_002,Dmitri Fyodorovich Karamazov,FAMILY,CHAR_004,Alexei Fyodorovich Karamazov,undirected_or_unknown,0.72,unreviewed,cue+cooccurrence rule,1467,BK_P01467,machine-proposed,FAMILY
A_6b8cd2f9c100,CHAR_002,Dmitri Fyodorovich Karamazov,FAMILY,CHAR_014,Lise Khokhlakov,undirected_or_unknown,0.72,unreviewed,cue+cooccurrence rule,1467,BK_P01467,machine-proposed,FAMILY
A_4969b8bd4748,CHAR_004,Alexei Fyodorovich Karamazov,FAMILY,CHAR_014,Lise Khokhlakov,undirected_or_unknown,0.72,unreviewed,cue+cooccurrence rule,1467,BK_P01467,machine-proposed,FAMILY
A_b9d6b78eb860,CHAR_002,Dmitri Fyodorovich Karamazov,FAMILY,CHAR_004,Alexei Fyodorovich Karamazov,undirected_or_unknown,0.72,unreviewed,cue+cooccurrence rule,1468,BK_P01468,machine-proposed,FAMILY
A_4806e4679b09,CHAR_002,Dmitri Fyodorovich Karamazov,FAMILY,CHAR_006,Agrafena Alexandrovna Svetlova,undirected_or_unknown,0.72,unreviewed,cue+cooccurrence rule,1468,BK_P01468,machine-proposed,FAMILY
A_f15ce588600c,CHAR_004,Alexei Fyodorovich Karamazov,FAMILY,CHAR_006,Agrafena Alexandrovna Svetlova,undirected_or_unknown,0.72,unreviewed,cue+cooccurrence rule,1468,BK_P01468,machine-proposed,FAMILY
A_92825ccef57a,CHAR_002,Dmitri Fyodorovich Karamazov,FAMILY,CHAR_004,Alexei Fyodorovich Karamazov,undirected_or_unknown,0.72,unreviewed,cue+cooccurrence rule,1469,BK_P01469,machine-proposed,FAMILY
A_69ebb1488ca3,CHAR_004,Alexei Fyodorovich Karamazov,FAMILY,CHAR_005,Pavel Fyodorovich Smerdyakov,undirected_or_unknown,0.72,unreviewed,cue+cooccurrence rule,1475,BK_P01475,machine-proposed,FAMILY
A_2803cf176566,CHAR_004,Alexei Fyodorovich Karamazov,FAMILY,CHAR_005,Pavel Fyodorovich Smerdyakov,undirected_or_unknown,0.72,unreviewed,cue+cooccurrence rule,1499,BK_P01499,machine-proposed,FAMILY
A_a9cd64058ea9,CHAR_004,Alexei Fyodorovich Karamazov,SOCIAL,CHAR_005,Pavel Fyodorovich Smerdyakov,undirected_or_unknown,0.55,unreviewed,cue+cooccurrence rule,1499,BK_P01499,machine-proposed,SOCIAL
A_70e384e28f5d,CHAR_002,Dmitri Fyodorovich Karamazov,FAMILY,CHAR_004,Alexei Fyodorovich Karamazov,undirected_or_unknown,0.72,unreviewed,cue+cooccurrence rule,1500,BK_P01500,machine-proposed,FAMILY
A_2ac83072bedd,CHAR_002,Dmitri Fyodorovich Karamazov,CONFLICT,CHAR_005,Pavel Fyodorovich Smerdyakov,undirected_or_unknown,0.64,unreviewed,cue+cooccurrence rule,1512,BK_P01512,machine-proposed,CONFLICT
A_d1172e88f3b1,CHAR_002,Dmitri Fyodorovich Karamazov,SOCIAL,CHAR_005,Pavel Fyodorovich Smerdyakov,undirected_or_unknown,0.55,unreviewed,cue+cooccurrence rule,1512,BK_P01512,machine-proposed,SOCIAL
A_60c66e7e5f40,CHAR_001,Fyodor Pavlovich Karamazov,FAMILY,CHAR_002,Dmitri Fyodorovich Karamazov,undirected_or_unknown,0.72,unreviewed,cue+cooccurrence rule,1517,BK_P01517,machine-proposed,FAMILY
A_569cbfbbbdf0,CHAR_001,Fyodor Pavlovich Karamazov,FAMILY,CHAR_003,Ivan Fyodorovich Karamazov,undirected_or_unknown,0.72,unreviewed,cue+cooccurrence rule,1517,BK_P01517,machine-proposed,FAMILY
A_c1338e6922f7,CHAR_001,Fyodor Pavlovich Karamazov,FAMILY,CHAR_005,Pavel Fyodorovich Smerdyakov,undirected_or_unknown,0.72,unreviewed,cue+cooccurrence rule,1517,BK_P01517,machine-proposed,FAMILY
A_c437bed180a3,CHAR_002,Dmitri Fyodorovich Karamazov,FAMILY,CHAR_003,Ivan Fyodorovich Karamazov,undirected_or_unknown,0.72,unreviewed,cue+cooccurrence rule,1517,BK_P01517,machine-proposed,FAMILY
A_f72082775fb5,CHAR_002,Dmitri Fyodorovich Karamazov,FAMILY,CHAR_005,Pavel Fyodorovich Smerdyakov,undirected_or_unknown,0.72,unreviewed,cue+cooccurrence rule,1517,BK_P01517,machine-proposed,FAMILY
A_7feb73ccd251,CHAR_003,Ivan Fyodorovich Karamazov,FAMILY,CHAR_005,Pavel Fyodorovich Smerdyakov,undirected_or_unknown,0.72,unreviewed,cue+cooccurrence rule,1517,BK_P01517,machine-proposed,FAMILY
A_b93e44b6d8f2,CHAR_001,Fyodor Pavlovich Karamazov,SOCIAL,CHAR_002,Dmitri Fyodorovich Karamazov,undirected_or_unknown,0.55,unreviewed,cue+cooccurrence rule,1517,BK_P01517,machine-proposed,SOCIAL
A_fc2fabdefac9,CHAR_001,Fyodor Pavlovich Karamazov,SOCIAL,CHAR_003,Ivan Fyodorovich Karamazov,undirected_or_unknown,0.55,unreviewed,cue+cooccurrence rule,1517,BK_P01517,machine-proposed,SOCIAL
A_da6e07b7e277,CHAR_001,Fyodor Pavlovich Karamazov,SOCIAL,CHAR_005,Pavel Fyodorovich Smerdyakov,undirected_or_unknown,0.55,unreviewed,cue+cooccurrence rule,1517,BK_P01517,machine-proposed,SOCIAL
A_a99a867e9482,CHAR_002,Dmitri Fyodorovich Karamazov,SOCIAL,CHAR_003,Ivan Fyodorovich Karamazov,undirected_or_unknown,0.55,unreviewed,cue+cooccurrence rule,1517,BK_P01517,machine-proposed,SOCIAL
A_66214c9ccc09,CHAR_002,Dmitri Fyodorovich Karamazov,SOCIAL,CHAR_005,Pavel Fyodorovich Smerdyakov,undirected_or_unknown,0.55,unreviewed,cue+cooccurrence rule,1517,BK_P01517,machine-proposed,SOCIAL
A_76235f83f7d2,CHAR_003,Ivan Fyodorovich Karamazov,SOCIAL,CHAR_005,Pavel Fyodorovich Smerdyakov,undirected_or_unknown,0.55,unreviewed,cue+cooccurrence rule,1517,BK_P01517,machine-proposed,SOCIAL
A_d1f45fbba03f,CHAR_002,Dmitri Fyodorovich Karamazov,FAMILY,CHAR_003,Ivan Fyodorovich Karamazov,undirected_or_unknown,0.72,unreviewed,cue+cooccurrence rule,1518,BK_P01518,machine-proposed,FAMILY
A_47a444aed4b4,CHAR_002,Dmitri Fyodorovich Karamazov,FAMILY,CHAR_004,Alexei Fyodorovich Karamazov,undirected_or_unknown,0.72,unreviewed,cue+cooccurrence rule,1518,BK_P01518,machine-proposed,FAMILY
A_71edaf38a420,CHAR_003,Ivan Fyodorovich Karamazov,FAMILY,CHAR_004,Alexei Fyodorovich Karamazov,undirected_or_unknown,0.72,unreviewed,cue+cooccurrence rule,1518,BK_P01518,machine-proposed,FAMILY
A_deb3b6417663,CHAR_003,Ivan Fyodorovich Karamazov,FAMILY,CHAR_004,Alexei Fyodorovich Karamazov,undirected_or_unknown,0.72,unreviewed,cue+cooccurrence rule,1525,BK_P01525,machine-proposed,FAMILY
A_9d06a12a3737,CHAR_003,Ivan Fyodorovich Karamazov,FAMILY,CHAR_004,Alexei Fyodorovich Karamazov,undirected_or_unknown,0.72,unreviewed,cue+cooccurrence rule,1529,BK_P01529,machine-proposed,FAMILY
A_5e1a3bc88160,CHAR_002,Dmitri Fyodorovich Karamazov,SOCIAL,CHAR_003,Ivan Fyodorovich Karamazov,undirected_or_unknown,0.55,unreviewed,cue+cooccurrence rule,1531,BK_P01531,machine-proposed,SOCIAL
A_b8ff39ea07d1,CHAR_002,Dmitri Fyodorovich Karamazov,SOCIAL,CHAR_004,Alexei Fyodorovich Karamazov,undirected_or_unknown,0.55,unreviewed,cue+cooccurrence rule,1531,BK_P01531,machine-proposed,SOCIAL
A_0fdee52aec57,CHAR_003,Ivan Fyodorovich Karamazov,SOCIAL,CHAR_004,Alexei Fyodorovich Karamazov,undirected_or_unknown,0.55,unreviewed,cue+cooccurrence rule,1531,BK_P01531,machine-proposed,SOCIAL
A_4d0ca00d2f08,CHAR_002,Dmitri Fyodorovich Karamazov,ROMANTIC,CHAR_003,Ivan Fyodorovich Karamazov,undirected_or_unknown,0.65,unreviewed,cue+cooccurrence rule,1540,BK_P01540,machine-proposed,ROMANTIC
A_4bc763c06c95,CHAR_003,Ivan Fyodorovich Karamazov,ROMANTIC,CHAR_004,Alexei Fyodorovich Karamazov,undirected_or_unknown,0.65,unreviewed,cue+cooccurrence rule,1544,BK_P01544,machine-proposed,ROMANTIC
A_1a0357ee52a7,CHAR_003,Ivan Fyodorovich Karamazov,ROMANTIC,CHAR_004,Alexei Fyodorovich Karamazov,undirected_or_unknown,0.65,unreviewed,cue+cooccurrence rule,1545,BK_P01545,machine-proposed,ROMANTIC
A_6a97fabf907e,CHAR_002,Dmitri Fyodorovich Karamazov,FAMILY,CHAR_004,Alexei Fyodorovich Karamazov,undirected_or_unknown,0.72,unreviewed,cue+cooccurrence rule,1558,BK_P01558,machine-proposed,FAMILY
A_3854733ef055,CHAR_002,Dmitri Fyodorovich Karamazov,FAMILY,CHAR_003,Ivan Fyodorovich Karamazov,undirected_or_unknown,0.72,unreviewed,cue+cooccurrence rule,1559,BK_P01559,machine-proposed,FAMILY
A_61efe1279c69,CHAR_002,Dmitri Fyodorovich Karamazov,FAMILY,CHAR_007,Katerina Ivanovna Verkhovtseva,undirected_or_unknown,0.72,unreviewed,cue+cooccurrence rule,1559,BK_P01559,machine-proposed,FAMILY
A_8b80f9d54a74,CHAR_003,Ivan Fyodorovich Karamazov,FAMILY,CHAR_007,Katerina Ivanovna Verkhovtseva,undirected_or_unknown,0.72,unreviewed,cue+cooccurrence rule,1559,BK_P01559,machine-proposed,FAMILY
A_49e996af7d6a,CHAR_002,Dmitri Fyodorovich Karamazov,ROMANTIC,CHAR_003,Ivan Fyodorovich Karamazov,undirected_or_unknown,0.65,unreviewed,cue+cooccurrence rule,1559,BK_P01559,machine-proposed,ROMANTIC
A_5e5361234a8f,CHAR_002,Dmitri Fyodorovich Karamazov,ROMANTIC,CHAR_007,Katerina Ivanovna Verkhovtseva,undirected_or_unknown,0.65,unreviewed,cue+cooccurrence rule,1559,BK_P01559,machine-proposed,ROMANTIC
A_370d2cb292a3,CHAR_003,Ivan Fyodorovich Karamazov,ROMANTIC,CHAR_007,Katerina Ivanovna Verkhovtseva,undirected_or_unknown,0.65,unreviewed,cue+cooccurrence rule,1559,BK_P01559,machine-proposed,ROMANTIC
A_bd19bc2fa4e8,CHAR_002,Dmitri Fyodorovich Karamazov,ROMANTIC,CHAR_003,Ivan Fyodorovich Karamazov,undirected_or_unknown,0.65,unreviewed,cue+cooccurrence rule,1567,BK_P01567,machine-proposed,ROMANTIC
A_7305a55890f4,CHAR_002,Dmitri Fyodorovich Karamazov,ROMANTIC,CHAR_004,Alexei Fyodorovich Karamazov,undirected_or_unknown,0.65,unreviewed,cue+cooccurrence rule,1567,BK_P01567,machine-proposed,ROMANTIC
A_da53925be145,CHAR_003,Ivan Fyodorovich Karamazov,ROMANTIC,CHAR_004,Alexei Fyodorovich Karamazov,undirected_or_unknown,0.65,unreviewed,cue+cooccurrence rule,1567,BK_P01567,machine-proposed,ROMANTIC
A_479a8af6a6b9,CHAR_002,Dmitri Fyodorovich Karamazov,ROMANTIC,CHAR_003,Ivan Fyodorovich Karamazov,undirected_or_unknown,0.65,unreviewed,cue+cooccurrence rule,1578,BK_P01578,machine-proposed,ROMANTIC
A_050aa5982822,CHAR_002,Dmitri Fyodorovich Karamazov,ROMANTIC,CHAR_007,Katerina Ivanovna Verkhovtseva,undirected_or_unknown,0.65,unreviewed,cue+cooccurrence rule,1578,BK_P01578,machine-proposed,ROMANTIC
A_0fec0eda5696,CHAR_003,Ivan Fyodorovich Karamazov,ROMANTIC,CHAR_007,Katerina Ivanovna Verkhovtseva,undirected_or_unknown,0.65,unreviewed,cue+cooccurrence rule,1578,BK_P01578,machine-proposed,ROMANTIC
A_fcfca39bc1af,CHAR_003,Ivan Fyodorovich Karamazov,FAMILY,CHAR_004,Alexei Fyodorovich Karamazov,undirected_or_unknown,0.72,unreviewed,cue+cooccurrence rule,1594,BK_P01594,machine-proposed,FAMILY
A_1543bf6da149,CHAR_003,Ivan Fyodorovich Karamazov,FAMILY,CHAR_004,Alexei Fyodorovich Karamazov,undirected_or_unknown,0.72,unreviewed,cue+cooccurrence rule,1596,BK_P01596,machine-proposed,FAMILY
A_0a82a3eb5d75,CHAR_003,Ivan Fyodorovich Karamazov,FAMILY,CHAR_008,Zosima,undirected_or_unknown,0.72,unreviewed,cue+cooccurrence rule,1596,BK_P01596,machine-proposed,FAMILY
A_ccc913fa1478,CHAR_004,Alexei Fyodorovich Karamazov,FAMILY,CHAR_008,Zosima,undirected_or_unknown,0.72,unreviewed,cue+cooccurrence rule,1596,BK_P01596,machine-proposed,FAMILY
A_38a0ad80df91,CHAR_003,Ivan Fyodorovich Karamazov,ROMANTIC,CHAR_004,Alexei Fyodorovich Karamazov,undirected_or_unknown,0.65,unreviewed,cue+cooccurrence rule,1596,BK_P01596,machine-proposed,ROMANTIC
A_b369a7b12135,CHAR_003,Ivan Fyodorovich Karamazov,ROMANTIC,CHAR_008,Zosima,undirected_or_unknown,0.65,unreviewed,cue+cooccurrence rule,1596,BK_P01596,machine-proposed,ROMANTIC
A_94c9bf3ec43a,CHAR_004,Alexei Fyodorovich Karamazov,ROMANTIC,CHAR_008,Zosima,undirected_or_unknown,0.65,unreviewed,cue+cooccurrence rule,1596,BK_P01596,machine-proposed,ROMANTIC
A_7636c5f411d7,CHAR_002,Dmitri Fyodorovich Karamazov,ROMANTIC,CHAR_003,Ivan Fyodorovich Karamazov,undirected_or_unknown,0.65,unreviewed,cue+cooccurrence rule,1677,BK_P01677,machine-proposed,ROMANTIC
A_8c179e24d8a5,CHAR_002,Dmitri Fyodorovich Karamazov,ROMANTIC,CHAR_004,Alexei Fyodorovich Karamazov,undirected_or_unknown,0.65,unreviewed,cue+cooccurrence rule,1677,BK_P01677,machine-proposed,ROMANTIC
A_b58554122c1b,CHAR_003,Ivan Fyodorovich Karamazov,ROMANTIC,CHAR_004,Alexei Fyodorovich Karamazov,undirected_or_unknown,0.65,unreviewed,cue+cooccurrence rule,1677,BK_P01677,machine-proposed,ROMANTIC
A_165b80ad0ddc,CHAR_002,Dmitri Fyodorovich Karamazov,FAMILY,CHAR_003,Ivan Fyodorovich Karamazov,undirected_or_unknown,0.72,unreviewed,cue+cooccurrence rule,1678,BK_P01678,machine-proposed,FAMILY
A_b321a60cbbc0,CHAR_002,Dmitri Fyodorovich Karamazov,FAMILY,CHAR_004,Alexei Fyodorovich Karamazov,undirected_or_unknown,0.72,unreviewed,cue+cooccurrence rule,1678,BK_P01678,machine-proposed,FAMILY
A_4fc8713d3877,CHAR_003,Ivan Fyodorovich Karamazov,FAMILY,CHAR_004,Alexei Fyodorovich Karamazov,undirected_or_unknown,0.72,unreviewed,cue+cooccurrence rule,1678,BK_P01678,machine-proposed,FAMILY
A_b8d58b373667,CHAR_002,Dmitri Fyodorovich Karamazov,FAMILY,CHAR_003,Ivan Fyodorovich Karamazov,undirected_or_unknown,0.72,unreviewed,cue+cooccurrence rule,1679,BK_P01679,machine-proposed,FAMILY
A_facae35cd3d6,CHAR_002,Dmitri Fyodorovich Karamazov,FAMILY,CHAR_003,Ivan Fyodorovich Karamazov,undirected_or_unknown,0.72,unreviewed,cue+cooccurrence rule,1686,BK_P01686,machine-proposed,FAMILY
A_fa1905976652,CHAR_002,Dmitri Fyodorovich Karamazov,FAMILY,CHAR_005,Pavel Fyodorovich Smerdyakov,undirected_or_unknown,0.72,unreviewed,cue+cooccurrence rule,1686,BK_P01686,machine-proposed,FAMILY
A_ecc677cbc881,CHAR_002,Dmitri Fyodorovich Karamazov,FAMILY,CHAR_006,Agrafena Alexandrovna Svetlova,undirected_or_unknown,0.72,unreviewed,cue+cooccurrence rule,1686,BK_P01686,machine-proposed,FAMILY
A_f3218e0c9575,CHAR_003,Ivan Fyodorovich Karamazov,FAMILY,CHAR_005,Pavel Fyodorovich Smerdyakov,undirected_or_unknown,0.72,unreviewed,cue+cooccurrence rule,1686,BK_P01686,machine-proposed,FAMILY
A_96df6135c4cc,CHAR_003,Ivan Fyodorovich Karamazov,FAMILY,CHAR_006,Agrafena Alexandrovna Svetlova,undirected_or_unknown,0.72,unreviewed,cue+cooccurrence rule,1686,BK_P01686,machine-proposed,FAMILY
A_bbd5854d7db0,CHAR_005,Pavel Fyodorovich Smerdyakov,FAMILY,CHAR_006,Agrafena Alexandrovna Svetlova,undirected_or_unknown,0.72,unreviewed,cue+cooccurrence rule,1686,BK_P01686,machine-proposed,FAMILY
A_a4180edac1d3,CHAR_001,Fyodor Pavlovich Karamazov,FAMILY,CHAR_002,Dmitri Fyodorovich Karamazov,undirected_or_unknown,0.72,unreviewed,cue+cooccurrence rule,1701,BK_P01701,machine-proposed,FAMILY
A_c73761cc1f97,CHAR_001,Fyodor Pavlovich Karamazov,FAMILY,CHAR_005,Pavel Fyodorovich Smerdyakov,undirected_or_unknown,0.72,unreviewed,cue+cooccurrence rule,1701,BK_P01701,machine-proposed,FAMILY
A_ebad42ce4d9b,CHAR_001,Fyodor Pavlovich Karamazov,FAMILY,CHAR_006,Agrafena Alexandrovna Svetlova,undirected_or_unknown,0.72,unreviewed,cue+cooccurrence rule,1701,BK_P01701,machine-proposed,FAMILY
A_02a4d03f53fc,CHAR_002,Dmitri Fyodorovich Karamazov,FAMILY,CHAR_005,Pavel Fyodorovich Smerdyakov,undirected_or_unknown,0.72,unreviewed,cue+cooccurrence rule,1701,BK_P01701,machine-proposed,FAMILY
A_bb7f36e62da3,CHAR_002,Dmitri Fyodorovich Karamazov,FAMILY,CHAR_006,Agrafena Alexandrovna Svetlova,undirected_or_unknown,0.72,unreviewed,cue+cooccurrence rule,1701,BK_P01701,machine-proposed,FAMILY
A_cbde9ae02e86,CHAR_005,Pavel Fyodorovich Smerdyakov,FAMILY,CHAR_006,Agrafena Alexandrovna Svetlova,undirected_or_unknown,0.72,unreviewed,cue+cooccurrence rule,1701,BK_P01701,machine-proposed,FAMILY
A_5d12685c330e,CHAR_002,Dmitri Fyodorovich Karamazov,FAMILY,CHAR_003,Ivan Fyodorovich Karamazov,undirected_or_unknown,0.72,unreviewed,cue+cooccurrence rule,1714,BK_P01714,machine-proposed,FAMILY
A_9b13cb12be56,CHAR_002,Dmitri Fyodorovich Karamazov,FAMILY,CHAR_003,Ivan Fyodorovich Karamazov,undirected_or_unknown,0.72,unreviewed,cue+cooccurrence rule,1730,BK_P01730,machine-proposed,FAMILY
A_a7bcd1c591c3,CHAR_002,Dmitri Fyodorovich Karamazov,FAMILY,CHAR_006,Agrafena Alexandrovna Svetlova,undirected_or_unknown,0.72,unreviewed,cue+cooccurrence rule,1730,BK_P01730,machine-proposed,FAMILY
A_154d10ca99f0,CHAR_003,Ivan Fyodorovich Karamazov,FAMILY,CHAR_006,Agrafena Alexandrovna Svetlova,undirected_or_unknown,0.72,unreviewed,cue+cooccurrence rule,1730,BK_P01730,machine-proposed,FAMILY
A_31a742b3dd77,CHAR_002,Dmitri Fyodorovich Karamazov,FAMILY,CHAR_003,Ivan Fyodorovich Karamazov,undirected_or_unknown,0.72,unreviewed,cue+cooccurrence rule,1732,BK_P01732,machine-proposed,FAMILY
A_4dd489e8f293,CHAR_002,Dmitri Fyodorovich Karamazov,FAMILY,CHAR_006,Agrafena Alexandrovna Svetlova,undirected_or_unknown,0.72,unreviewed,cue+cooccurrence rule,1732,BK_P01732,machine-proposed,FAMILY
A_d8fd01a496fb,CHAR_003,Ivan Fyodorovich Karamazov,FAMILY,CHAR_006,Agrafena Alexandrovna Svetlova,undirected_or_unknown,0.72,unreviewed,cue+cooccurrence rule,1732,BK_P01732,machine-proposed,FAMILY
A_0c108a137254,CHAR_002,Dmitri Fyodorovich Karamazov,FINANCIAL,CHAR_003,Ivan Fyodorovich Karamazov,undirected_or_unknown,0.58,unreviewed,cue+cooccurrence rule,1732,BK_P01732,machine-proposed,FINANCIAL
A_1e8f35a0495d,CHAR_002,Dmitri Fyodorovich Karamazov,FINANCIAL,CHAR_006,Agrafena Alexandrovna Svetlova,undirected_or_unknown,0.58,unreviewed,cue+cooccurrence rule,1732,BK_P01732,machine-proposed,FINANCIAL
A_5ad9d640fce2,CHAR_003,Ivan Fyodorovich Karamazov,FINANCIAL,CHAR_006,Agrafena Alexandrovna Svetlova,undirected_or_unknown,0.58,unreviewed,cue+cooccurrence rule,1732,BK_P01732,machine-proposed,FINANCIAL
A_a02032754a79,CHAR_001,Fyodor Pavlovich Karamazov,FAMILY,CHAR_002,Dmitri Fyodorovich Karamazov,undirected_or_unknown,0.72,unreviewed,cue+cooccurrence rule,1733,BK_P01733,machine-proposed,FAMILY
A_677485348b6a,CHAR_001,Fyodor Pavlovich Karamazov,FAMILY,CHAR_003,Ivan Fyodorovich Karamazov,undirected_or_unknown,0.72,unreviewed,cue+cooccurrence rule,1733,BK_P01733,machine-proposed,FAMILY
A_2daa9c9f4876,CHAR_001,Fyodor Pavlovich Karamazov,FAMILY,CHAR_004,Alexei Fyodorovich Karamazov,undirected_or_unknown,0.72,unreviewed,cue+cooccurrence rule,1733,BK_P01733,machine-proposed,FAMILY
A_d77f456e3cdf,CHAR_001,Fyodor Pavlovich Karamazov,FAMILY,CHAR_005,Pavel Fyodorovich Smerdyakov,undirected_or_unknown,0.72,unreviewed,cue+cooccurrence rule,1733,BK_P01733,machine-proposed,FAMILY
A_e3174301d35f,CHAR_001,Fyodor Pavlovich Karamazov,FAMILY,CHAR_006,Agrafena Alexandrovna Svetlova,undirected_or_unknown,0.72,unreviewed,cue+cooccurrence rule,1733,BK_P01733,machine-proposed,FAMILY
A_d54102f88a06,CHAR_002,Dmitri Fyodorovich Karamazov,FAMILY,CHAR_003,Ivan Fyodorovich Karamazov,undirected_or_unknown,0.72,unreviewed,cue+cooccurrence rule,1733,BK_P01733,machine-proposed,FAMILY
A_9a16d491fd2a,CHAR_002,Dmitri Fyodorovich Karamazov,FAMILY,CHAR_004,Alexei Fyodorovich Karamazov,undirected_or_unknown,0.72,unreviewed,cue+cooccurrence rule,1733,BK_P01733,machine-proposed,FAMILY
A_9c7dbd8d20d1,CHAR_002,Dmitri Fyodorovich Karamazov,FAMILY,CHAR_005,Pavel Fyodorovich Smerdyakov,undirected_or_unknown,0.72,unreviewed,cue+cooccurrence rule,1733,BK_P01733,machine-proposed,FAMILY
A_5795bd1d414a,CHAR_002,Dmitri Fyodorovich Karamazov,FAMILY,CHAR_006,Agrafena Alexandrovna Svetlova,undirected_or_unknown,0.72,unreviewed,cue+cooccurrence rule,1733,BK_P01733,machine-proposed,FAMILY
A_04dd167b8de8,CHAR_003,Ivan Fyodorovich Karamazov,FAMILY,CHAR_004,Alexei Fyodorovich Karamazov,undirected_or_unknown,0.72,unreviewed,cue+cooccurrence rule,1733,BK_P01733,machine-proposed,FAMILY
A_2d2b4b5c3277,CHAR_003,Ivan Fyodorovich Karamazov,FAMILY,CHAR_005,Pavel Fyodorovich Smerdyakov,undirected_or_unknown,0.72,unreviewed,cue+cooccurrence rule,1733,BK_P01733,machine-proposed,FAMILY
A_993d4066e605,CHAR_003,Ivan Fyodorovich Karamazov,FAMILY,CHAR_006,Agrafena Alexandrovna Svetlova,undirected_or_unknown,0.72,unreviewed,cue+cooccurrence rule,1733,BK_P01733,machine-proposed,FAMILY
A_dc80d368b8b1,CHAR_004,Alexei Fyodorovich Karamazov,FAMILY,CHAR_005,Pavel Fyodorovich Smerdyakov,undirected_or_unknown,0.72,unreviewed,cue+cooccurrence rule,1733,BK_P01733,machine-proposed,FAMILY
A_fca716cb41e1,CHAR_004,Alexei Fyodorovich Karamazov,FAMILY,CHAR_006,Agrafena Alexandrovna Svetlova,undirected_or_unknown,0.72,unreviewed,cue+cooccurrence rule,1733,BK_P01733,machine-proposed,FAMILY
A_cdcdb4043263,CHAR_005,Pavel Fyodorovich Smerdyakov,FAMILY,CHAR_006,Agrafena Alexandrovna Svetlova,undirected_or_unknown,0.72,unreviewed,cue+cooccurrence rule,1733,BK_P01733,machine-proposed,FAMILY
A_95f8a4b1235e,CHAR_001,Fyodor Pavlovich Karamazov,ROMANTIC,CHAR_002,Dmitri Fyodorovich Karamazov,undirected_or_unknown,0.65,unreviewed,cue+cooccurrence rule,1733,BK_P01733,machine-proposed,ROMANTIC
A_22908b82ef13,CHAR_001,Fyodor Pavlovich Karamazov,ROMANTIC,CHAR_003,Ivan Fyodorovich Karamazov,undirected_or_unknown,0.65,unreviewed,cue+cooccurrence rule,1733,BK_P01733,machine-proposed,ROMANTIC
A_13c541986b27,CHAR_001,Fyodor Pavlovich Karamazov,ROMANTIC,CHAR_004,Alexei Fyodorovich Karamazov,undirected_or_unknown,0.65,unreviewed,cue+cooccurrence rule,1733,BK_P01733,machine-proposed,ROMANTIC
A_2adf14854e32,CHAR_001,Fyodor Pavlovich Karamazov,ROMANTIC,CHAR_005,Pavel Fyodorovich Smerdyakov,undirected_or_unknown,0.65,unreviewed,cue+cooccurrence rule,1733,BK_P01733,machine-proposed,ROMANTIC
A_b8ea94610209,CHAR_001,Fyodor Pavlovich Karamazov,ROMANTIC,CHAR_006,Agrafena Alexandrovna Svetlova,undirected_or_unknown,0.65,unreviewed,cue+cooccurrence rule,1733,BK_P01733,machine-proposed,ROMANTIC
A_8b23e9699621,CHAR_002,Dmitri Fyodorovich Karamazov,ROMANTIC,CHAR_003,Ivan Fyodorovich Karamazov,undirected_or_unknown,0.65,unreviewed,cue+cooccurrence rule,1733,BK_P01733,machine-proposed,ROMANTIC
A_0c87e08645dd,CHAR_002,Dmitri Fyodorovich Karamazov,ROMANTIC,CHAR_004,Alexei Fyodorovich Karamazov,undirected_or_unknown,0.65,unreviewed,cue+cooccurrence rule,1733,BK_P01733,machine-proposed,ROMANTIC
A_553bc9a7335c,CHAR_002,Dmitri Fyodorovich Karamazov,ROMANTIC,CHAR_005,Pavel Fyodorovich Smerdyakov,undirected_or_unknown,0.65,unreviewed,cue+cooccurrence rule,1733,BK_P01733,machine-proposed,ROMANTIC
A_9c942f95850d,CHAR_002,Dmitri Fyodorovich Karamazov,ROMANTIC,CHAR_006,Agrafena Alexandrovna Svetlova,undirected_or_unknown,0.65,unreviewed,cue+cooccurrence rule,1733,BK_P01733,machine-proposed,ROMANTIC
A_1100a42524e7,CHAR_003,Ivan Fyodorovich Karamazov,ROMANTIC,CHAR_004,Alexei Fyodorovich Karamazov,undirected_or_unknown,0.65,unreviewed,cue+cooccurrence rule,1733,BK_P01733,machine-proposed,ROMANTIC
A_c3852e8f22c8,CHAR_003,Ivan Fyodorovich Karamazov,ROMANTIC,CHAR_005,Pavel Fyodorovich Smerdyakov,undirected_or_unknown,0.65,unreviewed,cue+cooccurrence rule,1733,BK_P01733,machine-proposed,ROMANTIC
A_002e71121bc8,CHAR_003,Ivan Fyodorovich Karamazov,ROMANTIC,CHAR_006,Agrafena Alexandrovna Svetlova,undirected_or_unknown,0.65,unreviewed,cue+cooccurrence rule,1733,BK_P01733,machine-proposed,ROMANTIC
A_26a51c0a76fd,CHAR_004,Alexei Fyodorovich Karamazov,ROMANTIC,CHAR_005,Pavel Fyodorovich Smerdyakov,undirected_or_unknown,0.65,unreviewed,cue+cooccurrence rule,1733,BK_P01733,machine-proposed,ROMANTIC
A_5505c3f66c12,CHAR_004,Alexei Fyodorovich Karamazov,ROMANTIC,CHAR_006,Agrafena Alexandrovna Svetlova,undirected_or_unknown,0.65,unreviewed,cue+cooccurrence rule,1733,BK_P01733,machine-proposed,ROMANTIC
A_5a0a3d0a2223,CHAR_005,Pavel Fyodorovich Smerdyakov,ROMANTIC,CHAR_006,Agrafena Alexandrovna Svetlova,undirected_or_unknown,0.65,unreviewed,cue+cooccurrence rule,1733,BK_P01733,machine-proposed,ROMANTIC
A_2d9e719bd3e4,CHAR_001,Fyodor Pavlovich Karamazov,FINANCIAL,CHAR_002,Dmitri Fyodorovich Karamazov,undirected_or_unknown,0.58,unreviewed,cue+cooccurrence rule,1733,BK_P01733,machine-proposed,FINANCIAL
A_d90585bd3d7b,CHAR_001,Fyodor Pavlovich Karamazov,FINANCIAL,CHAR_003,Ivan Fyodorovich Karamazov,undirected_or_unknown,0.58,unreviewed,cue+cooccurrence rule,1733,BK_P01733,machine-proposed,FINANCIAL
A_c332183a30ce,CHAR_001,Fyodor Pavlovich Karamazov,FINANCIAL,CHAR_004,Alexei Fyodorovich Karamazov,undirected_or_unknown,0.58,unreviewed,cue+cooccurrence rule,1733,BK_P01733,machine-proposed,FINANCIAL
A_184eec78c9a8,CHAR_001,Fyodor Pavlovich Karamazov,FINANCIAL,CHAR_005,Pavel Fyodorovich Smerdyakov,undirected_or_unknown,0.58,unreviewed,cue+cooccurrence rule,1733,BK_P01733,machine-proposed,FINANCIAL
A_1c7be1736fd5,CHAR_001,Fyodor Pavlovich Karamazov,FINANCIAL,CHAR_006,Agrafena Alexandrovna Svetlova,undirected_or_unknown,0.58,unreviewed,cue+cooccurrence rule,1733,BK_P01733,machine-proposed,FINANCIAL
A_5c53011b8623,CHAR_002,Dmitri Fyodorovich Karamazov,FINANCIAL,CHAR_003,Ivan Fyodorovich Karamazov,undirected_or_unknown,0.58,unreviewed,cue+cooccurrence rule,1733,BK_P01733,machine-proposed,FINANCIAL
A_665d8b746213,CHAR_002,Dmitri Fyodorovich Karamazov,FINANCIAL,CHAR_004,Alexei Fyodorovich Karamazov,undirected_or_unknown,0.58,unreviewed,cue+cooccurrence rule,1733,BK_P01733,machine-proposed,FINANCIAL
A_1b08c5e6a6b5,CHAR_002,Dmitri Fyodorovich Karamazov,FINANCIAL,CHAR_005,Pavel Fyodorovich Smerdyakov,undirected_or_unknown,0.58,unreviewed,cue+cooccurrence rule,1733,BK_P01733,machine-proposed,FINANCIAL
A_9950384efb89,CHAR_002,Dmitri Fyodorovich Karamazov,FINANCIAL,CHAR_006,Agrafena Alexandrovna Svetlova,undirected_or_unknown,0.58,unreviewed,cue+cooccurrence rule,1733,BK_P01733,machine-proposed,FINANCIAL
A_051cda0335bf,CHAR_003,Ivan Fyodorovich Karamazov,FINANCIAL,CHAR_004,Alexei Fyodorovich Karamazov,undirected_or_unknown,0.58,unreviewed,cue+cooccurrence rule,1733,BK_P01733,machine-proposed,FINANCIAL
A_ad7016c2104b,CHAR_003,Ivan Fyodorovich Karamazov,FINANCIAL,CHAR_005,Pavel Fyodorovich Smerdyakov,undirected_or_unknown,0.58,unreviewed,cue+cooccurrence rule,1733,BK_P01733,machine-proposed,FINANCIAL
A_7a3073944a3c,CHAR_003,Ivan Fyodorovich Karamazov,FINANCIAL,CHAR_006,Agrafena Alexandrovna Svetlova,undirected_or_unknown,0.58,unreviewed,cue+cooccurrence rule,1733,BK_P01733,machine-proposed,FINANCIAL
A_5bf6193afe47,CHAR_004,Alexei Fyodorovich Karamazov,FINANCIAL,CHAR_005,Pavel Fyodorovich Smerdyakov,undirected_or_unknown,0.58,unreviewed,cue+cooccurrence rule,1733,BK_P01733,machine-proposed,FINANCIAL
A_7482d450c13d,CHAR_004,Alexei Fyodorovich Karamazov,FINANCIAL,CHAR_006,Agrafena Alexandrovna Svetlova,undirected_or_unknown,0.58,unreviewed,cue+cooccurrence rule,1733,BK_P01733,machine-proposed,FINANCIAL
A_d5f6717612be,CHAR_005,Pavel Fyodorovich Smerdyakov,FINANCIAL,CHAR_006,Agrafena Alexandrovna Svetlova,undirected_or_unknown,0.58,unreviewed,cue+cooccurrence rule,1733,BK_P01733,machine-proposed,FINANCIAL
A_9ee6d315d3cd,CHAR_003,Ivan Fyodorovich Karamazov,CONFLICT,CHAR_004,Alexei Fyodorovich Karamazov,undirected_or_unknown,0.64,unreviewed,cue+cooccurrence rule,1754,BK_P01754,machine-proposed,CONFLICT
A_fd1b477ed689,CHAR_003,Ivan Fyodorovich Karamazov,CONFLICT,CHAR_005,Pavel Fyodorovich Smerdyakov,undirected_or_unknown,0.64,unreviewed,cue+cooccurrence rule,1754,BK_P01754,machine-proposed,CONFLICT
A_ca9271959d6d,CHAR_003,Ivan Fyodorovich Karamazov,CONFLICT,CHAR_007,Katerina Ivanovna Verkhovtseva,undirected_or_unknown,0.64,unreviewed,cue+cooccurrence rule,1754,BK_P01754,machine-proposed,CONFLICT
A_69363cc564e2,CHAR_004,Alexei Fyodorovich Karamazov,CONFLICT,CHAR_005,Pavel Fyodorovich Smerdyakov,undirected_or_unknown,0.64,unreviewed,cue+cooccurrence rule,1754,BK_P01754,machine-proposed,CONFLICT
A_d9383351a0d4,CHAR_004,Alexei Fyodorovich Karamazov,CONFLICT,CHAR_007,Katerina Ivanovna Verkhovtseva,undirected_or_unknown,0.64,unreviewed,cue+cooccurrence rule,1754,BK_P01754,machine-proposed,CONFLICT
A_23abd20a0834,CHAR_005,Pavel Fyodorovich Smerdyakov,CONFLICT,CHAR_007,Katerina Ivanovna Verkhovtseva,undirected_or_unknown,0.64,unreviewed,cue+cooccurrence rule,1754,BK_P01754,machine-proposed,CONFLICT
A_b2dafbf94584,CHAR_001,Fyodor Pavlovich Karamazov,FAMILY,CHAR_003,Ivan Fyodorovich Karamazov,undirected_or_unknown,0.72,unreviewed,cue+cooccurrence rule,1756,BK_P01756,machine-proposed,FAMILY
A_5519a3889d9c,CHAR_001,Fyodor Pavlovich Karamazov,FAMILY,CHAR_004,Alexei Fyodorovich Karamazov,undirected_or_unknown,0.72,unreviewed,cue+cooccurrence rule,1756,BK_P01756,machine-proposed,FAMILY
A_75442dd719ed,CHAR_001,Fyodor Pavlovich Karamazov,FAMILY,CHAR_005,Pavel Fyodorovich Smerdyakov,undirected_or_unknown,0.72,unreviewed,cue+cooccurrence rule,1756,BK_P01756,machine-proposed,FAMILY
A_b826d594f7a7,CHAR_001,Fyodor Pavlovich Karamazov,FAMILY,CHAR_007,Katerina Ivanovna Verkhovtseva,undirected_or_unknown,0.72,unreviewed,cue+cooccurrence rule,1756,BK_P01756,machine-proposed,FAMILY
A_af88c1d0100b,CHAR_003,Ivan Fyodorovich Karamazov,FAMILY,CHAR_004,Alexei Fyodorovich Karamazov,undirected_or_unknown,0.72,unreviewed,cue+cooccurrence rule,1756,BK_P01756,machine-proposed,FAMILY
A_c2c4313e79b1,CHAR_003,Ivan Fyodorovich Karamazov,FAMILY,CHAR_005,Pavel Fyodorovich Smerdyakov,undirected_or_unknown,0.72,unreviewed,cue+cooccurrence rule,1756,BK_P01756,machine-proposed,FAMILY
A_e546ca3dd1d7,CHAR_003,Ivan Fyodorovich Karamazov,FAMILY,CHAR_007,Katerina Ivanovna Verkhovtseva,undirected_or_unknown,0.72,unreviewed,cue+cooccurrence rule,1756,BK_P01756,machine-proposed,FAMILY
A_e5bcda8974b6,CHAR_004,Alexei Fyodorovich Karamazov,FAMILY,CHAR_005,Pavel Fyodorovich Smerdyakov,undirected_or_unknown,0.72,unreviewed,cue+cooccurrence rule,1756,BK_P01756,machine-proposed,FAMILY
A_ece563c24f2a,CHAR_004,Alexei Fyodorovich Karamazov,FAMILY,CHAR_007,Katerina Ivanovna Verkhovtseva,undirected_or_unknown,0.72,unreviewed,cue+cooccurrence rule,1756,BK_P01756,machine-proposed,FAMILY
A_79e478eca25a,CHAR_005,Pavel Fyodorovich Smerdyakov,FAMILY,CHAR_007,Katerina Ivanovna Verkhovtseva,undirected_or_unknown,0.72,unreviewed,cue+cooccurrence rule,1756,BK_P01756,machine-proposed,FAMILY
A_c45ddaaf6196,CHAR_001,Fyodor Pavlovich Karamazov,FAMILY,CHAR_002,Dmitri Fyodorovich Karamazov,undirected_or_unknown,0.72,unreviewed,cue+cooccurrence rule,1771,BK_P01771,machine-proposed,FAMILY
A_a6f104683810,CHAR_001,Fyodor Pavlovich Karamazov,FAMILY,CHAR_003,Ivan Fyodorovich Karamazov,undirected_or_unknown,0.72,unreviewed,cue+cooccurrence rule,1771,BK_P01771,machine-proposed,FAMILY
A_bf43f5c48a04,CHAR_002,Dmitri Fyodorovich Karamazov,FAMILY,CHAR_003,Ivan Fyodorovich Karamazov,undirected_or_unknown,0.72,unreviewed,cue+cooccurrence rule,1771,BK_P01771,machine-proposed,FAMILY
A_a016cc558b6d,CHAR_001,Fyodor Pavlovich Karamazov,FAMILY,CHAR_005,Pavel Fyodorovich Smerdyakov,undirected_or_unknown,0.72,unreviewed,cue+cooccurrence rule,1789,BK_P01789,machine-proposed,FAMILY
A_ef0cda452564,CHAR_004,Alexei Fyodorovich Karamazov,FAMILY,CHAR_008,Zosima,undirected_or_unknown,0.72,unreviewed,cue+cooccurrence rule,1792,BK_P01792,machine-proposed,FAMILY
A_4c91129f0939,CHAR_004,Alexei Fyodorovich Karamazov,ROMANTIC,CHAR_008,Zosima,undirected_or_unknown,0.65,unreviewed,cue+cooccurrence rule,1792,BK_P01792,machine-proposed,ROMANTIC
A_f0ae87a4cf74,CHAR_004,Alexei Fyodorovich Karamazov,FAMILY,CHAR_008,Zosima,undirected_or_unknown,0.72,unreviewed,cue+cooccurrence rule,1794,BK_P01794,machine-proposed,FAMILY
A_efb6061634ef,CHAR_001,Fyodor Pavlovich Karamazov,FAMILY,CHAR_004,Alexei Fyodorovich Karamazov,undirected_or_unknown,0.72,unreviewed,cue+cooccurrence rule,1807,BK_P01807,machine-proposed,FAMILY
A_e98a39ccf14b,CHAR_001,Fyodor Pavlovich Karamazov,FAMILY,CHAR_008,Zosima,undirected_or_unknown,0.72,unreviewed,cue+cooccurrence rule,1807,BK_P01807,machine-proposed,FAMILY
A_9d756c0586dd,CHAR_004,Alexei Fyodorovich Karamazov,FAMILY,CHAR_008,Zosima,undirected_or_unknown,0.72,unreviewed,cue+cooccurrence rule,1807,BK_P01807,machine-proposed,FAMILY
A_94e7566500ae,CHAR_001,Fyodor Pavlovich Karamazov,ROMANTIC,CHAR_004,Alexei Fyodorovich Karamazov,undirected_or_unknown,0.65,unreviewed,cue+cooccurrence rule,1807,BK_P01807,machine-proposed,ROMANTIC
A_e52c9e4664da,CHAR_001,Fyodor Pavlovich Karamazov,ROMANTIC,CHAR_008,Zosima,undirected_or_unknown,0.65,unreviewed,cue+cooccurrence rule,1807,BK_P01807,machine-proposed,ROMANTIC
A_5016170c2618,CHAR_004,Alexei Fyodorovich Karamazov,ROMANTIC,CHAR_008,Zosima,undirected_or_unknown,0.65,unreviewed,cue+cooccurrence rule,1807,BK_P01807,machine-proposed,ROMANTIC
A_628202dcdd1b,CHAR_001,Fyodor Pavlovich Karamazov,SOCIAL,CHAR_004,Alexei Fyodorovich Karamazov,undirected_or_unknown,0.55,unreviewed,cue+cooccurrence rule,1807,BK_P01807,machine-proposed,SOCIAL
A_af4e3287ec21,CHAR_001,Fyodor Pavlovich Karamazov,SOCIAL,CHAR_008,Zosima,undirected_or_unknown,0.55,unreviewed,cue+cooccurrence rule,1807,BK_P01807,machine-proposed,SOCIAL
A_de8b002a60ff,CHAR_004,Alexei Fyodorovich Karamazov,SOCIAL,CHAR_008,Zosima,undirected_or_unknown,0.55,unreviewed,cue+cooccurrence rule,1807,BK_P01807,machine-proposed,SOCIAL
A_a37391d34b4e,CHAR_001,Fyodor Pavlovich Karamazov,FAMILY,CHAR_004,Alexei Fyodorovich Karamazov,undirected_or_unknown,0.72,unreviewed,cue+cooccurrence rule,2052,BK_P02052,machine-proposed,FAMILY
A_9d96a961b055,CHAR_001,Fyodor Pavlovich Karamazov,FAMILY,CHAR_008,Zosima,undirected_or_unknown,0.72,unreviewed,cue+cooccurrence rule,2052,BK_P02052,machine-proposed,FAMILY
A_5b24aa57f372,CHAR_004,Alexei Fyodorovich Karamazov,FAMILY,CHAR_008,Zosima,undirected_or_unknown,0.72,unreviewed,cue+cooccurrence rule,2052,BK_P02052,machine-proposed,FAMILY
A_31eb75e758e2,CHAR_008,Zosima,FAMILY,CHAR_013,Madame Khokhlakov,undirected_or_unknown,0.72,unreviewed,cue+cooccurrence rule,2061,BK_P02061,machine-proposed,FAMILY
A_bf728d0641e0,CHAR_004,Alexei Fyodorovich Karamazov,FAMILY,CHAR_008,Zosima,undirected_or_unknown,0.72,unreviewed,cue+cooccurrence rule,2071,BK_P02071,machine-proposed,FAMILY
A_8ec46e192d14,CHAR_002,Dmitri Fyodorovich Karamazov,FAMILY,CHAR_004,Alexei Fyodorovich Karamazov,undirected_or_unknown,0.72,unreviewed,cue+cooccurrence rule,2114,BK_P02114,machine-proposed,FAMILY
A_d637ea660389,CHAR_002,Dmitri Fyodorovich Karamazov,FAMILY,CHAR_009,Ilyusha Snegiryov,undirected_or_unknown,0.72,unreviewed,cue+cooccurrence rule,2114,BK_P02114,machine-proposed,FAMILY
A_e24149bf6ea5,CHAR_004,Alexei Fyodorovich Karamazov,FAMILY,CHAR_009,Ilyusha Snegiryov,undirected_or_unknown,0.72,unreviewed,cue+cooccurrence rule,2114,BK_P02114,machine-proposed,FAMILY
A_d0f3af0c5626,CHAR_002,Dmitri Fyodorovich Karamazov,ROMANTIC,CHAR_004,Alexei Fyodorovich Karamazov,undirected_or_unknown,0.65,unreviewed,cue+cooccurrence rule,2114,BK_P02114,machine-proposed,ROMANTIC
A_03a178dae0f6,CHAR_002,Dmitri Fyodorovich Karamazov,ROMANTIC,CHAR_009,Ilyusha Snegiryov,undirected_or_unknown,0.65,unreviewed,cue+cooccurrence rule,2114,BK_P02114,machine-proposed,ROMANTIC
A_966162aea725,CHAR_004,Alexei Fyodorovich Karamazov,ROMANTIC,CHAR_009,Ilyusha Snegiryov,undirected_or_unknown,0.65,unreviewed,cue+cooccurrence rule,2114,BK_P02114,machine-proposed,ROMANTIC
A_0abb3beb1e2b,CHAR_003,Ivan Fyodorovich Karamazov,ROMANTIC,CHAR_004,Alexei Fyodorovich Karamazov,undirected_or_unknown,0.65,unreviewed,cue+cooccurrence rule,2116,BK_P02116,machine-proposed,ROMANTIC
A_87dd2438b25a,CHAR_002,Dmitri Fyodorovich Karamazov,FAMILY,CHAR_004,Alexei Fyodorovich Karamazov,undirected_or_unknown,0.72,unreviewed,cue+cooccurrence rule,2142,BK_P02142,machine-proposed,FAMILY
A_0af7f936c6e0,CHAR_004,Alexei Fyodorovich Karamazov,FAMILY,CHAR_008,Zosima,undirected_or_unknown,0.72,unreviewed,cue+cooccurrence rule,2144,BK_P02144,machine-proposed,FAMILY
A_a04cbea2cdd7,CHAR_004,Alexei Fyodorovich Karamazov,FAMILY,CHAR_013,Madame Khokhlakov,undirected_or_unknown,0.72,unreviewed,cue+cooccurrence rule,2144,BK_P02144,machine-proposed,FAMILY
A_26edffcccab9,CHAR_008,Zosima,FAMILY,CHAR_013,Madame Khokhlakov,undirected_or_unknown,0.72,unreviewed,cue+cooccurrence rule,2144,BK_P02144,machine-proposed,FAMILY
A_2ac11cce67fe,CHAR_001,Fyodor Pavlovich Karamazov,FINANCIAL,CHAR_006,Agrafena Alexandrovna Svetlova,undirected_or_unknown,0.58,unreviewed,cue+cooccurrence rule,2154,BK_P02154,machine-proposed,FINANCIAL
A_839111aa2dab,CHAR_001,Fyodor Pavlovich Karamazov,ROMANTIC,CHAR_002,Dmitri Fyodorovich Karamazov,undirected_or_unknown,0.65,unreviewed,cue+cooccurrence rule,2158,BK_P02158,machine-proposed,ROMANTIC
A_ec69c98e9ea7,CHAR_001,Fyodor Pavlovich Karamazov,ROMANTIC,CHAR_006,Agrafena Alexandrovna Svetlova,undirected_or_unknown,0.65,unreviewed,cue+cooccurrence rule,2158,BK_P02158,machine-proposed,ROMANTIC
A_38aa48727a4c,CHAR_002,Dmitri Fyodorovich Karamazov,ROMANTIC,CHAR_006,Agrafena Alexandrovna Svetlova,undirected_or_unknown,0.65,unreviewed,cue+cooccurrence rule,2158,BK_P02158,machine-proposed,ROMANTIC
A_d721055a62c2,CHAR_001,Fyodor Pavlovich Karamazov,SOCIAL,CHAR_002,Dmitri Fyodorovich Karamazov,undirected_or_unknown,0.55,unreviewed,cue+cooccurrence rule,2158,BK_P02158,machine-proposed,SOCIAL
A_0afc12692c44,CHAR_001,Fyodor Pavlovich Karamazov,SOCIAL,CHAR_006,Agrafena Alexandrovna Svetlova,undirected_or_unknown,0.55,unreviewed,cue+cooccurrence rule,2158,BK_P02158,machine-proposed,SOCIAL
A_89e2b3805afc,CHAR_002,Dmitri Fyodorovich Karamazov,SOCIAL,CHAR_006,Agrafena Alexandrovna Svetlova,undirected_or_unknown,0.55,unreviewed,cue+cooccurrence rule,2158,BK_P02158,machine-proposed,SOCIAL
A_e4ba1cc22674,CHAR_002,Dmitri Fyodorovich Karamazov,FAMILY,CHAR_006,Agrafena Alexandrovna Svetlova,undirected_or_unknown,0.72,unreviewed,cue+cooccurrence rule,2161,BK_P02161,machine-proposed,FAMILY
A_9d19cb256064,CHAR_002,Dmitri Fyodorovich Karamazov,CONFLICT,CHAR_006,Agrafena Alexandrovna Svetlova,undirected_or_unknown,0.64,unreviewed,cue+cooccurrence rule,2161,BK_P02161,machine-proposed,CONFLICT
A_80ee969efdbf,CHAR_002,Dmitri Fyodorovich Karamazov,FINANCIAL,CHAR_004,Alexei Fyodorovich Karamazov,undirected_or_unknown,0.58,unreviewed,cue+cooccurrence rule,2170,BK_P02170,machine-proposed,FINANCIAL
A_589cad7a997d,CHAR_002,Dmitri Fyodorovich Karamazov,FINANCIAL,CHAR_006,Agrafena Alexandrovna Svetlova,undirected_or_unknown,0.58,unreviewed,cue+cooccurrence rule,2170,BK_P02170,machine-proposed,FINANCIAL
A_708be99a7529,CHAR_004,Alexei Fyodorovich Karamazov,FINANCIAL,CHAR_006,Agrafena Alexandrovna Svetlova,undirected_or_unknown,0.58,unreviewed,cue+cooccurrence rule,2170,BK_P02170,machine-proposed,FINANCIAL
A_8298710450c6,CHAR_002,Dmitri Fyodorovich Karamazov,FAMILY,CHAR_004,Alexei Fyodorovich Karamazov,undirected_or_unknown,0.72,unreviewed,cue+cooccurrence rule,2172,BK_P02172,machine-proposed,FAMILY
A_d6f4d256391b,CHAR_002,Dmitri Fyodorovich Karamazov,ROMANTIC,CHAR_004,Alexei Fyodorovich Karamazov,undirected_or_unknown,0.65,unreviewed,cue+cooccurrence rule,2208,BK_P02208,machine-proposed,ROMANTIC
A_68c6bbb9ef14,CHAR_002,Dmitri Fyodorovich Karamazov,ROMANTIC,CHAR_006,Agrafena Alexandrovna Svetlova,undirected_or_unknown,0.65,unreviewed,cue+cooccurrence rule,2208,BK_P02208,machine-proposed,ROMANTIC
A_a36fa85eb47e,CHAR_004,Alexei Fyodorovich Karamazov,ROMANTIC,CHAR_006,Agrafena Alexandrovna Svetlova,undirected_or_unknown,0.65,unreviewed,cue+cooccurrence rule,2208,BK_P02208,machine-proposed,ROMANTIC
A_b16a1c935c21,CHAR_006,Agrafena Alexandrovna Svetlova,FAMILY,CHAR_008,Zosima,undirected_or_unknown,0.72,unreviewed,cue+cooccurrence rule,2220,BK_P02220,machine-proposed,FAMILY
A_65b50d6f61b7,CHAR_004,Alexei Fyodorovich Karamazov,FAMILY,CHAR_006,Agrafena Alexandrovna Svetlova,undirected_or_unknown,0.72,unreviewed,cue+cooccurrence rule,2231,BK_P02231,machine-proposed,FAMILY
A_9021b5a4c3a1,CHAR_004,Alexei Fyodorovich Karamazov,FINANCIAL,CHAR_006,Agrafena Alexandrovna Svetlova,undirected_or_unknown,0.58,unreviewed,cue+cooccurrence rule,2237,BK_P02237,machine-proposed,FINANCIAL
A_99bbc2318cf8,CHAR_002,Dmitri Fyodorovich Karamazov,FAMILY,CHAR_004,Alexei Fyodorovich Karamazov,undirected_or_unknown,0.72,unreviewed,cue+cooccurrence rule,2242,BK_P02242,machine-proposed,FAMILY
A_e1b31d81bebe,CHAR_002,Dmitri Fyodorovich Karamazov,FAMILY,CHAR_006,Agrafena Alexandrovna Svetlova,undirected_or_unknown,0.72,unreviewed,cue+cooccurrence rule,2242,BK_P02242,machine-proposed,FAMILY
A_8586904e7ef5,CHAR_004,Alexei Fyodorovich Karamazov,FAMILY,CHAR_006,Agrafena Alexandrovna Svetlova,undirected_or_unknown,0.72,unreviewed,cue+cooccurrence rule,2242,BK_P02242,machine-proposed,FAMILY
A_d122a0ba6655,CHAR_002,Dmitri Fyodorovich Karamazov,FINANCIAL,CHAR_004,Alexei Fyodorovich Karamazov,undirected_or_unknown,0.58,unreviewed,cue+cooccurrence rule,2242,BK_P02242,machine-proposed,FINANCIAL
A_978be8b431fe,CHAR_002,Dmitri Fyodorovich Karamazov,FINANCIAL,CHAR_006,Agrafena Alexandrovna Svetlova,undirected_or_unknown,0.58,unreviewed,cue+cooccurrence rule,2242,BK_P02242,machine-proposed,FINANCIAL
A_ddd3c2a751ad,CHAR_004,Alexei Fyodorovich Karamazov,FINANCIAL,CHAR_006,Agrafena Alexandrovna Svetlova,undirected_or_unknown,0.58,unreviewed,cue+cooccurrence rule,2242,BK_P02242,machine-proposed,FINANCIAL
A_6163d959d1f2,CHAR_004,Alexei Fyodorovich Karamazov,FINANCIAL,CHAR_006,Agrafena Alexandrovna Svetlova,undirected_or_unknown,0.58,unreviewed,cue+cooccurrence rule,2259,BK_P02259,machine-proposed,FINANCIAL
A_f000334bf3bf,CHAR_002,Dmitri Fyodorovich Karamazov,FAMILY,CHAR_004,Alexei Fyodorovich Karamazov,undirected_or_unknown,0.72,unreviewed,cue+cooccurrence rule,2278,BK_P02278,machine-proposed,FAMILY
A_16477bea3e80,CHAR_002,Dmitri Fyodorovich Karamazov,FAMILY,CHAR_006,Agrafena Alexandrovna Svetlova,undirected_or_unknown,0.72,unreviewed,cue+cooccurrence rule,2278,BK_P02278,machine-proposed,FAMILY
A_7f81ac3718e0,CHAR_004,Alexei Fyodorovich Karamazov,FAMILY,CHAR_006,Agrafena Alexandrovna Svetlova,undirected_or_unknown,0.72,unreviewed,cue+cooccurrence rule,2278,BK_P02278,machine-proposed,FAMILY
A_bdef31526996,CHAR_002,Dmitri Fyodorovich Karamazov,ROMANTIC,CHAR_004,Alexei Fyodorovich Karamazov,undirected_or_unknown,0.65,unreviewed,cue+cooccurrence rule,2278,BK_P02278,machine-proposed,ROMANTIC
A_19a95fa19d20,CHAR_002,Dmitri Fyodorovich Karamazov,ROMANTIC,CHAR_006,Agrafena Alexandrovna Svetlova,undirected_or_unknown,0.65,unreviewed,cue+cooccurrence rule,2278,BK_P02278,machine-proposed,ROMANTIC
A_ff02e5c913c4,CHAR_004,Alexei Fyodorovich Karamazov,ROMANTIC,CHAR_006,Agrafena Alexandrovna Svetlova,undirected_or_unknown,0.65,unreviewed,cue+cooccurrence rule,2278,BK_P02278,machine-proposed,ROMANTIC
A_e9dbd5b4e42e,CHAR_002,Dmitri Fyodorovich Karamazov,ROMANTIC,CHAR_003,Ivan Fyodorovich Karamazov,undirected_or_unknown,0.65,unreviewed,cue+cooccurrence rule,2321,BK_P02321,machine-proposed,ROMANTIC
A_ef930040ebca,CHAR_002,Dmitri Fyodorovich Karamazov,ROMANTIC,CHAR_004,Alexei Fyodorovich Karamazov,undirected_or_unknown,0.65,unreviewed,cue+cooccurrence rule,2321,BK_P02321,machine-proposed,ROMANTIC
A_deabfc46ff1d,CHAR_002,Dmitri Fyodorovich Karamazov,ROMANTIC,CHAR_006,Agrafena Alexandrovna Svetlova,undirected_or_unknown,0.65,unreviewed,cue+cooccurrence rule,2321,BK_P02321,machine-proposed,ROMANTIC
A_947b2a36a6d5,CHAR_003,Ivan Fyodorovich Karamazov,ROMANTIC,CHAR_004,Alexei Fyodorovich Karamazov,undirected_or_unknown,0.65,unreviewed,cue+cooccurrence rule,2321,BK_P02321,machine-proposed,ROMANTIC
A_544f2fed9afe,CHAR_003,Ivan Fyodorovich Karamazov,ROMANTIC,CHAR_006,Agrafena Alexandrovna Svetlova,undirected_or_unknown,0.65,unreviewed,cue+cooccurrence rule,2321,BK_P02321,machine-proposed,ROMANTIC
A_f0ea0da6f62a,CHAR_004,Alexei Fyodorovich Karamazov,ROMANTIC,CHAR_006,Agrafena Alexandrovna Svetlova,undirected_or_unknown,0.65,unreviewed,cue+cooccurrence rule,2321,BK_P02321,machine-proposed,ROMANTIC
A_73694df25519,CHAR_001,Fyodor Pavlovich Karamazov,ROMANTIC,CHAR_006,Agrafena Alexandrovna Svetlova,undirected_or_unknown,0.65,unreviewed,cue+cooccurrence rule,2323,BK_P02323,machine-proposed,ROMANTIC
A_a2d7f69279e1,CHAR_001,Fyodor Pavlovich Karamazov,CONFLICT,CHAR_006,Agrafena Alexandrovna Svetlova,undirected_or_unknown,0.64,unreviewed,cue+cooccurrence rule,2323,BK_P02323,machine-proposed,CONFLICT
A_ec5a84d3e08d,CHAR_002,Dmitri Fyodorovich Karamazov,FAMILY,CHAR_006,Agrafena Alexandrovna Svetlova,undirected_or_unknown,0.72,unreviewed,cue+cooccurrence rule,2325,BK_P02325,machine-proposed,FAMILY
A_dae222a3b08c,CHAR_002,Dmitri Fyodorovich Karamazov,CONFLICT,CHAR_006,Agrafena Alexandrovna Svetlova,undirected_or_unknown,0.64,unreviewed,cue+cooccurrence rule,2325,BK_P02325,machine-proposed,CONFLICT
A_2def264f9013,CHAR_002,Dmitri Fyodorovich Karamazov,SOCIAL,CHAR_006,Agrafena Alexandrovna Svetlova,undirected_or_unknown,0.55,unreviewed,cue+cooccurrence rule,2325,BK_P02325,machine-proposed,SOCIAL
A_c2122ff6881c,CHAR_001,Fyodor Pavlovich Karamazov,ROMANTIC,CHAR_006,Agrafena Alexandrovna Svetlova,undirected_or_unknown,0.65,unreviewed,cue+cooccurrence rule,2326,BK_P02326,machine-proposed,ROMANTIC
A_552248b04217,CHAR_001,Fyodor Pavlovich Karamazov,ROMANTIC,CHAR_002,Dmitri Fyodorovich Karamazov,undirected_or_unknown,0.65,unreviewed,cue+cooccurrence rule,2328,BK_P02328,machine-proposed,ROMANTIC
A_d3ebe1f23d43,CHAR_001,Fyodor Pavlovich Karamazov,FINANCIAL,CHAR_002,Dmitri Fyodorovich Karamazov,undirected_or_unknown,0.58,unreviewed,cue+cooccurrence rule,2329,BK_P02329,machine-proposed,FINANCIAL
A_de4fd351b590,CHAR_001,Fyodor Pavlovich Karamazov,FINANCIAL,CHAR_006,Agrafena Alexandrovna Svetlova,undirected_or_unknown,0.58,unreviewed,cue+cooccurrence rule,2329,BK_P02329,machine-proposed,FINANCIAL
A_ebbf0bc13ab6,CHAR_001,Fyodor Pavlovich Karamazov,FINANCIAL,CHAR_007,Katerina Ivanovna Verkhovtseva,undirected_or_unknown,0.58,unreviewed,cue+cooccurrence rule,2329,BK_P02329,machine-proposed,FINANCIAL
A_e48f99cd54f6,CHAR_002,Dmitri Fyodorovich Karamazov,FINANCIAL,CHAR_006,Agrafena Alexandrovna Svetlova,undirected_or_unknown,0.58,unreviewed,cue+cooccurrence rule,2329,BK_P02329,machine-proposed,FINANCIAL
A_59604c634e61,CHAR_002,Dmitri Fyodorovich Karamazov,FINANCIAL,CHAR_007,Katerina Ivanovna Verkhovtseva,undirected_or_unknown,0.58,unreviewed,cue+cooccurrence rule,2329,BK_P02329,machine-proposed,FINANCIAL
A_7a5315066915,CHAR_006,Agrafena Alexandrovna Svetlova,FINANCIAL,CHAR_007,Katerina Ivanovna Verkhovtseva,undirected_or_unknown,0.58,unreviewed,cue+cooccurrence rule,2329,BK_P02329,machine-proposed,FINANCIAL
A_9f31ba677d18,CHAR_002,Dmitri Fyodorovich Karamazov,FAMILY,CHAR_004,Alexei Fyodorovich Karamazov,undirected_or_unknown,0.72,unreviewed,cue+cooccurrence rule,2331,BK_P02331,machine-proposed,FAMILY
A_e7b6c57aeb6f,CHAR_002,Dmitri Fyodorovich Karamazov,FAMILY,CHAR_006,Agrafena Alexandrovna Svetlova,undirected_or_unknown,0.72,unreviewed,cue+cooccurrence rule,2331,BK_P02331,machine-proposed,FAMILY
A_733d0e507331,CHAR_002,Dmitri Fyodorovich Karamazov,FAMILY,CHAR_007,Katerina Ivanovna Verkhovtseva,undirected_or_unknown,0.72,unreviewed,cue+cooccurrence rule,2331,BK_P02331,machine-proposed,FAMILY
A_b2a26d25ef16,CHAR_004,Alexei Fyodorovich Karamazov,FAMILY,CHAR_006,Agrafena Alexandrovna Svetlova,undirected_or_unknown,0.72,unreviewed,cue+cooccurrence rule,2331,BK_P02331,machine-proposed,FAMILY
A_87274611de17,CHAR_004,Alexei Fyodorovich Karamazov,FAMILY,CHAR_007,Katerina Ivanovna Verkhovtseva,undirected_or_unknown,0.72,unreviewed,cue+cooccurrence rule,2331,BK_P02331,machine-proposed,FAMILY
A_2e0947c2f546,CHAR_006,Agrafena Alexandrovna Svetlova,FAMILY,CHAR_007,Katerina Ivanovna Verkhovtseva,undirected_or_unknown,0.72,unreviewed,cue+cooccurrence rule,2331,BK_P02331,machine-proposed,FAMILY
A_631f21b88633,CHAR_002,Dmitri Fyodorovich Karamazov,FINANCIAL,CHAR_004,Alexei Fyodorovich Karamazov,undirected_or_unknown,0.58,unreviewed,cue+cooccurrence rule,2331,BK_P02331,machine-proposed,FINANCIAL
A_654019e1eeef,CHAR_002,Dmitri Fyodorovich Karamazov,FINANCIAL,CHAR_006,Agrafena Alexandrovna Svetlova,undirected_or_unknown,0.58,unreviewed,cue+cooccurrence rule,2331,BK_P02331,machine-proposed,FINANCIAL
A_3f5c1e8b484e,CHAR_002,Dmitri Fyodorovich Karamazov,FINANCIAL,CHAR_007,Katerina Ivanovna Verkhovtseva,undirected_or_unknown,0.58,unreviewed,cue+cooccurrence rule,2331,BK_P02331,machine-proposed,FINANCIAL
A_2f7051990500,CHAR_004,Alexei Fyodorovich Karamazov,FINANCIAL,CHAR_006,Agrafena Alexandrovna Svetlova,undirected_or_unknown,0.58,unreviewed,cue+cooccurrence rule,2331,BK_P02331,machine-proposed,FINANCIAL
A_d7c8b2582794,CHAR_004,Alexei Fyodorovich Karamazov,FINANCIAL,CHAR_007,Katerina Ivanovna Verkhovtseva,undirected_or_unknown,0.58,unreviewed,cue+cooccurrence rule,2331,BK_P02331,machine-proposed,FINANCIAL
A_6d3b23f816da,CHAR_006,Agrafena Alexandrovna Svetlova,FINANCIAL,CHAR_007,Katerina Ivanovna Verkhovtseva,undirected_or_unknown,0.58,unreviewed,cue+cooccurrence rule,2331,BK_P02331,machine-proposed,FINANCIAL
A_dc1f94658e2f,CHAR_002,Dmitri Fyodorovich Karamazov,FINANCIAL,CHAR_004,Alexei Fyodorovich Karamazov,undirected_or_unknown,0.58,unreviewed,cue+cooccurrence rule,2332,BK_P02332,machine-proposed,FINANCIAL
A_e0ba175e0dc8,CHAR_002,Dmitri Fyodorovich Karamazov,ROMANTIC,CHAR_006,Agrafena Alexandrovna Svetlova,undirected_or_unknown,0.65,unreviewed,cue+cooccurrence rule,2334,BK_P02334,machine-proposed,ROMANTIC
A_2e18fb22a48f,CHAR_002,Dmitri Fyodorovich Karamazov,SOCIAL,CHAR_006,Agrafena Alexandrovna Svetlova,undirected_or_unknown,0.55,unreviewed,cue+cooccurrence rule,2335,BK_P02335,machine-proposed,SOCIAL
A_9fe698f38c38,CHAR_001,Fyodor Pavlovich Karamazov,FAMILY,CHAR_006,Agrafena Alexandrovna Svetlova,undirected_or_unknown,0.72,unreviewed,cue+cooccurrence rule,2343,BK_P02343,machine-proposed,FAMILY
A_63240cab034c,CHAR_001,Fyodor Pavlovich Karamazov,FINANCIAL,CHAR_006,Agrafena Alexandrovna Svetlova,undirected_or_unknown,0.58,unreviewed,cue+cooccurrence rule,2343,BK_P02343,machine-proposed,FINANCIAL
A_392e7677f36d,CHAR_001,Fyodor Pavlovich Karamazov,FAMILY,CHAR_002,Dmitri Fyodorovich Karamazov,undirected_or_unknown,0.72,unreviewed,cue+cooccurrence rule,2345,BK_P02345,machine-proposed,FAMILY
A_98b59b220851,CHAR_002,Dmitri Fyodorovich Karamazov,FAMILY,CHAR_006,Agrafena Alexandrovna Svetlova,undirected_or_unknown,0.72,unreviewed,cue+cooccurrence rule,2367,BK_P02367,machine-proposed,FAMILY
A_02b62c5ab878,CHAR_002,Dmitri Fyodorovich Karamazov,ROMANTIC,CHAR_006,Agrafena Alexandrovna Svetlova,undirected_or_unknown,0.65,unreviewed,cue+cooccurrence rule,2367,BK_P02367,machine-proposed,ROMANTIC
A_0a1de50d38c1,CHAR_002,Dmitri Fyodorovich Karamazov,FINANCIAL,CHAR_006,Agrafena Alexandrovna Svetlova,undirected_or_unknown,0.58,unreviewed,cue+cooccurrence rule,2367,BK_P02367,machine-proposed,FINANCIAL
A_d0c40a2a4d0f,CHAR_001,Fyodor Pavlovich Karamazov,FAMILY,CHAR_002,Dmitri Fyodorovich Karamazov,undirected_or_unknown,0.72,unreviewed,cue+cooccurrence rule,2376,BK_P02376,machine-proposed,FAMILY
A_c3945c860293,CHAR_001,Fyodor Pavlovich Karamazov,CONFLICT,CHAR_002,Dmitri Fyodorovich Karamazov,undirected_or_unknown,0.64,unreviewed,cue+cooccurrence rule,2376,BK_P02376,machine-proposed,CONFLICT
A_5a4f45659960,CHAR_001,Fyodor Pavlovich Karamazov,FINANCIAL,CHAR_002,Dmitri Fyodorovich Karamazov,undirected_or_unknown,0.58,unreviewed,cue+cooccurrence rule,2376,BK_P02376,machine-proposed,FINANCIAL
A_ad57b86c70bf,CHAR_001,Fyodor Pavlovich Karamazov,FAMILY,CHAR_002,Dmitri Fyodorovich Karamazov,undirected_or_unknown,0.72,unreviewed,cue+cooccurrence rule,2388,BK_P02388,machine-proposed,FAMILY
A_4b64589d469f,CHAR_002,Dmitri Fyodorovich Karamazov,FAMILY,CHAR_006,Agrafena Alexandrovna Svetlova,undirected_or_unknown,0.72,unreviewed,cue+cooccurrence rule,2391,BK_P02391,machine-proposed,FAMILY
A_1d4f8210d81f,CHAR_001,Fyodor Pavlovich Karamazov,FAMILY,CHAR_002,Dmitri Fyodorovich Karamazov,undirected_or_unknown,0.72,unreviewed,cue+cooccurrence rule,2403,BK_P02403,machine-proposed,FAMILY
A_9eab569ec35e,CHAR_002,Dmitri Fyodorovich Karamazov,FINANCIAL,CHAR_006,Agrafena Alexandrovna Svetlova,undirected_or_unknown,0.58,unreviewed,cue+cooccurrence rule,2419,BK_P02419,machine-proposed,FINANCIAL
A_fea93552caa0,CHAR_001,Fyodor Pavlovich Karamazov,SOCIAL,CHAR_002,Dmitri Fyodorovich Karamazov,undirected_or_unknown,0.55,unreviewed,cue+cooccurrence rule,2421,BK_P02421,machine-proposed,SOCIAL
A_7ff4389590ce,CHAR_001,Fyodor Pavlovich Karamazov,SOCIAL,CHAR_006,Agrafena Alexandrovna Svetlova,undirected_or_unknown,0.55,unreviewed,cue+cooccurrence rule,2421,BK_P02421,machine-proposed,SOCIAL
A_eef1dd517e8d,CHAR_002,Dmitri Fyodorovich Karamazov,SOCIAL,CHAR_006,Agrafena Alexandrovna Svetlova,undirected_or_unknown,0.55,unreviewed,cue+cooccurrence rule,2421,BK_P02421,machine-proposed,SOCIAL
A_3d6c26256f86,CHAR_002,Dmitri Fyodorovich Karamazov,ROMANTIC,CHAR_004,Alexei Fyodorovich Karamazov,undirected_or_unknown,0.65,unreviewed,cue+cooccurrence rule,2428,BK_P02428,machine-proposed,ROMANTIC
A_b4dba0aec17e,CHAR_002,Dmitri Fyodorovich Karamazov,ROMANTIC,CHAR_006,Agrafena Alexandrovna Svetlova,undirected_or_unknown,0.65,unreviewed,cue+cooccurrence rule,2428,BK_P02428,machine-proposed,ROMANTIC
A_970419843757,CHAR_004,Alexei Fyodorovich Karamazov,ROMANTIC,CHAR_006,Agrafena Alexandrovna Svetlova,undirected_or_unknown,0.65,unreviewed,cue+cooccurrence rule,2428,BK_P02428,machine-proposed,ROMANTIC
A_f24f018844e2,CHAR_001,Fyodor Pavlovich Karamazov,FAMILY,CHAR_002,Dmitri Fyodorovich Karamazov,undirected_or_unknown,0.72,unreviewed,cue+cooccurrence rule,2431,BK_P02431,machine-proposed,FAMILY
A_f47752312e28,CHAR_001,Fyodor Pavlovich Karamazov,FAMILY,CHAR_003,Ivan Fyodorovich Karamazov,undirected_or_unknown,0.72,unreviewed,cue+cooccurrence rule,2431,BK_P02431,machine-proposed,FAMILY
A_158f101dc9e6,CHAR_001,Fyodor Pavlovich Karamazov,FAMILY,CHAR_005,Pavel Fyodorovich Smerdyakov,undirected_or_unknown,0.72,unreviewed,cue+cooccurrence rule,2431,BK_P02431,machine-proposed,FAMILY
A_598354f68403,CHAR_002,Dmitri Fyodorovich Karamazov,FAMILY,CHAR_003,Ivan Fyodorovich Karamazov,undirected_or_unknown,0.72,unreviewed,cue+cooccurrence rule,2431,BK_P02431,machine-proposed,FAMILY
A_618c7bc1c06e,CHAR_002,Dmitri Fyodorovich Karamazov,FAMILY,CHAR_005,Pavel Fyodorovich Smerdyakov,undirected_or_unknown,0.72,unreviewed,cue+cooccurrence rule,2431,BK_P02431,machine-proposed,FAMILY
A_979148d6425e,CHAR_003,Ivan Fyodorovich Karamazov,FAMILY,CHAR_005,Pavel Fyodorovich Smerdyakov,undirected_or_unknown,0.72,unreviewed,cue+cooccurrence rule,2431,BK_P02431,machine-proposed,FAMILY
A_0dd878ca93a4,CHAR_001,Fyodor Pavlovich Karamazov,SOCIAL,CHAR_002,Dmitri Fyodorovich Karamazov,undirected_or_unknown,0.55,unreviewed,cue+cooccurrence rule,2431,BK_P02431,machine-proposed,SOCIAL
A_50d6a0f902c5,CHAR_001,Fyodor Pavlovich Karamazov,SOCIAL,CHAR_003,Ivan Fyodorovich Karamazov,undirected_or_unknown,0.55,unreviewed,cue+cooccurrence rule,2431,BK_P02431,machine-proposed,SOCIAL
A_f089957e170a,CHAR_001,Fyodor Pavlovich Karamazov,SOCIAL,CHAR_005,Pavel Fyodorovich Smerdyakov,undirected_or_unknown,0.55,unreviewed,cue+cooccurrence rule,2431,BK_P02431,machine-proposed,SOCIAL
A_50b9a126eca4,CHAR_002,Dmitri Fyodorovich Karamazov,SOCIAL,CHAR_003,Ivan Fyodorovich Karamazov,undirected_or_unknown,0.55,unreviewed,cue+cooccurrence rule,2431,BK_P02431,machine-proposed,SOCIAL
A_facb7b4980cf,CHAR_002,Dmitri Fyodorovich Karamazov,SOCIAL,CHAR_005,Pavel Fyodorovich Smerdyakov,undirected_or_unknown,0.55,unreviewed,cue+cooccurrence rule,2431,BK_P02431,machine-proposed,SOCIAL
A_d7aa5bb26b38,CHAR_003,Ivan Fyodorovich Karamazov,SOCIAL,CHAR_005,Pavel Fyodorovich Smerdyakov,undirected_or_unknown,0.55,unreviewed,cue+cooccurrence rule,2431,BK_P02431,machine-proposed,SOCIAL
A_5df35b08eb85,CHAR_002,Dmitri Fyodorovich Karamazov,ROMANTIC,CHAR_003,Ivan Fyodorovich Karamazov,undirected_or_unknown,0.65,unreviewed,cue+cooccurrence rule,2434,BK_P02434,machine-proposed,ROMANTIC
A_b377ecfc7a89,CHAR_002,Dmitri Fyodorovich Karamazov,ROMANTIC,CHAR_007,Katerina Ivanovna Verkhovtseva,undirected_or_unknown,0.65,unreviewed,cue+cooccurrence rule,2434,BK_P02434,machine-proposed,ROMANTIC
A_92cd6ab1447f,CHAR_002,Dmitri Fyodorovich Karamazov,ROMANTIC,CHAR_013,Madame Khokhlakov,undirected_or_unknown,0.65,unreviewed,cue+cooccurrence rule,2434,BK_P02434,machine-proposed,ROMANTIC
A_7c60784b4865,CHAR_003,Ivan Fyodorovich Karamazov,ROMANTIC,CHAR_007,Katerina Ivanovna Verkhovtseva,undirected_or_unknown,0.65,unreviewed,cue+cooccurrence rule,2434,BK_P02434,machine-proposed,ROMANTIC
A_7191f210ef83,CHAR_003,Ivan Fyodorovich Karamazov,ROMANTIC,CHAR_013,Madame Khokhlakov,undirected_or_unknown,0.65,unreviewed,cue+cooccurrence rule,2434,BK_P02434,machine-proposed,ROMANTIC
A_5ce77e712034,CHAR_007,Katerina Ivanovna Verkhovtseva,ROMANTIC,CHAR_013,Madame Khokhlakov,undirected_or_unknown,0.65,unreviewed,cue+cooccurrence rule,2434,BK_P02434,machine-proposed,ROMANTIC
A_e8c0ca506255,CHAR_002,Dmitri Fyodorovich Karamazov,FINANCIAL,CHAR_013,Madame Khokhlakov,undirected_or_unknown,0.58,unreviewed,cue+cooccurrence rule,2435,BK_P02435,machine-proposed,FINANCIAL
A_3ebadb79592d,CHAR_002,Dmitri Fyodorovich Karamazov,FAMILY,CHAR_007,Katerina Ivanovna Verkhovtseva,undirected_or_unknown,0.72,unreviewed,cue+cooccurrence rule,2439,BK_P02439,machine-proposed,FAMILY
A_74d331d03931,CHAR_002,Dmitri Fyodorovich Karamazov,FAMILY,CHAR_008,Zosima,undirected_or_unknown,0.72,unreviewed,cue+cooccurrence rule,2439,BK_P02439,machine-proposed,FAMILY
A_676f4d9f3011,CHAR_007,Katerina Ivanovna Verkhovtseva,FAMILY,CHAR_008,Zosima,undirected_or_unknown,0.72,unreviewed,cue+cooccurrence rule,2439,BK_P02439,machine-proposed,FAMILY
A_f32a924184ff,CHAR_002,Dmitri Fyodorovich Karamazov,FAMILY,CHAR_008,Zosima,undirected_or_unknown,0.72,unreviewed,cue+cooccurrence rule,2441,BK_P02441,machine-proposed,FAMILY
A_d6d00cd97290,CHAR_002,Dmitri Fyodorovich Karamazov,FAMILY,CHAR_008,Zosima,undirected_or_unknown,0.72,unreviewed,cue+cooccurrence rule,2458,BK_P02458,machine-proposed,FAMILY
A_7eca96e6155c,CHAR_002,Dmitri Fyodorovich Karamazov,FINANCIAL,CHAR_013,Madame Khokhlakov,undirected_or_unknown,0.58,unreviewed,cue+cooccurrence rule,2460,BK_P02460,machine-proposed,FINANCIAL
A_499198d46ff8,CHAR_002,Dmitri Fyodorovich Karamazov,ROMANTIC,CHAR_007,Katerina Ivanovna Verkhovtseva,undirected_or_unknown,0.65,unreviewed,cue+cooccurrence rule,2471,BK_P02471,machine-proposed,ROMANTIC
A_3d8a718c70a8,CHAR_002,Dmitri Fyodorovich Karamazov,FINANCIAL,CHAR_007,Katerina Ivanovna Verkhovtseva,undirected_or_unknown,0.58,unreviewed,cue+cooccurrence rule,2471,BK_P02471,machine-proposed,FINANCIAL
A_7d5ffdf85a4a,CHAR_002,Dmitri Fyodorovich Karamazov,FINANCIAL,CHAR_011,Pyotr Alexandrovich Miusov,undirected_or_unknown,0.58,unreviewed,cue+cooccurrence rule,2484,BK_P02484,machine-proposed,FINANCIAL
A_511c5e888574,CHAR_002,Dmitri Fyodorovich Karamazov,FAMILY,CHAR_004,Alexei Fyodorovich Karamazov,undirected_or_unknown,0.72,unreviewed,cue+cooccurrence rule,2487,BK_P02487,machine-proposed,FAMILY
A_a41547d84310,CHAR_002,Dmitri Fyodorovich Karamazov,FAMILY,CHAR_007,Katerina Ivanovna Verkhovtseva,undirected_or_unknown,0.72,unreviewed,cue+cooccurrence rule,2487,BK_P02487,machine-proposed,FAMILY
A_70d7cad6619b,CHAR_004,Alexei Fyodorovich Karamazov,FAMILY,CHAR_007,Katerina Ivanovna Verkhovtseva,undirected_or_unknown,0.72,unreviewed,cue+cooccurrence rule,2487,BK_P02487,machine-proposed,FAMILY
A_fbbd6e3038ab,CHAR_002,Dmitri Fyodorovich Karamazov,FINANCIAL,CHAR_004,Alexei Fyodorovich Karamazov,undirected_or_unknown,0.58,unreviewed,cue+cooccurrence rule,2487,BK_P02487,machine-proposed,FINANCIAL
A_acbe01cd4913,CHAR_002,Dmitri Fyodorovich Karamazov,FINANCIAL,CHAR_007,Katerina Ivanovna Verkhovtseva,undirected_or_unknown,0.58,unreviewed,cue+cooccurrence rule,2487,BK_P02487,machine-proposed,FINANCIAL
A_ea4fd929c5e5,CHAR_004,Alexei Fyodorovich Karamazov,FINANCIAL,CHAR_007,Katerina Ivanovna Verkhovtseva,undirected_or_unknown,0.58,unreviewed,cue+cooccurrence rule,2487,BK_P02487,machine-proposed,FINANCIAL
A_cf44f36a76b8,CHAR_002,Dmitri Fyodorovich Karamazov,FAMILY,CHAR_004,Alexei Fyodorovich Karamazov,undirected_or_unknown,0.72,unreviewed,cue+cooccurrence rule,2529,BK_P02529,machine-proposed,FAMILY
A_5e84ec2a150a,CHAR_002,Dmitri Fyodorovich Karamazov,CONFLICT,CHAR_004,Alexei Fyodorovich Karamazov,undirected_or_unknown,0.64,unreviewed,cue+cooccurrence rule,2529,BK_P02529,machine-proposed,CONFLICT
A_da61913ab2c8,CHAR_002,Dmitri Fyodorovich Karamazov,SOCIAL,CHAR_013,Madame Khokhlakov,undirected_or_unknown,0.55,unreviewed,cue+cooccurrence rule,2536,BK_P02536,machine-proposed,SOCIAL
A_73aa1536511c,CHAR_002,Dmitri Fyodorovich Karamazov,FAMILY,CHAR_004,Alexei Fyodorovich Karamazov,undirected_or_unknown,0.72,unreviewed,cue+cooccurrence rule,2552,BK_P02552,machine-proposed,FAMILY
A_0dfb075d5ac5,CHAR_002,Dmitri Fyodorovich Karamazov,ROMANTIC,CHAR_004,Alexei Fyodorovich Karamazov,undirected_or_unknown,0.65,unreviewed,cue+cooccurrence rule,2552,BK_P02552,machine-proposed,ROMANTIC
A_ec9b33f419d7,CHAR_002,Dmitri Fyodorovich Karamazov,SOCIAL,CHAR_004,Alexei Fyodorovich Karamazov,undirected_or_unknown,0.55,unreviewed,cue+cooccurrence rule,2552,BK_P02552,machine-proposed,SOCIAL
A_10b4c4c034d7,CHAR_001,Fyodor Pavlovich Karamazov,ROMANTIC,CHAR_002,Dmitri Fyodorovich Karamazov,undirected_or_unknown,0.65,unreviewed,cue+cooccurrence rule,2558,BK_P02558,machine-proposed,ROMANTIC
A_1f96e6586a2c,CHAR_002,Dmitri Fyodorovich Karamazov,FINANCIAL,CHAR_012,Pyotr Ilyich Perkhotin,undirected_or_unknown,0.58,unreviewed,cue+cooccurrence rule,2564,BK_P02564,machine-proposed,FINANCIAL
A_ec06026b6190,CHAR_002,Dmitri Fyodorovich Karamazov,FINANCIAL,CHAR_006,Agrafena Alexandrovna Svetlova,undirected_or_unknown,0.58,unreviewed,cue+cooccurrence rule,2650,BK_P02650,machine-proposed,FINANCIAL
A_fe325ef84e23,CHAR_002,Dmitri Fyodorovich Karamazov,ROMANTIC,CHAR_006,Agrafena Alexandrovna Svetlova,undirected_or_unknown,0.65,unreviewed,cue+cooccurrence rule,2705,BK_P02705,machine-proposed,ROMANTIC
A_c90424b74cbc,CHAR_002,Dmitri Fyodorovich Karamazov,ROMANTIC,CHAR_004,Alexei Fyodorovich Karamazov,undirected_or_unknown,0.65,unreviewed,cue+cooccurrence rule,2723,BK_P02723,machine-proposed,ROMANTIC
A_1d09f02d3d84,CHAR_002,Dmitri Fyodorovich Karamazov,SOCIAL,CHAR_006,Agrafena Alexandrovna Svetlova,undirected_or_unknown,0.55,unreviewed,cue+cooccurrence rule,2769,BK_P02769,machine-proposed,SOCIAL
A_d8ed6a647688,CHAR_002,Dmitri Fyodorovich Karamazov,SOCIAL,CHAR_006,Agrafena Alexandrovna Svetlova,undirected_or_unknown,0.55,unreviewed,cue+cooccurrence rule,2803,BK_P02803,machine-proposed,SOCIAL
A_e30863ace9ce,CHAR_002,Dmitri Fyodorovich Karamazov,FINANCIAL,CHAR_006,Agrafena Alexandrovna Svetlova,undirected_or_unknown,0.58,unreviewed,cue+cooccurrence rule,2827,BK_P02827,machine-proposed,FINANCIAL
A_c0fb671de245,CHAR_002,Dmitri Fyodorovich Karamazov,FAMILY,CHAR_006,Agrafena Alexandrovna Svetlova,undirected_or_unknown,0.72,unreviewed,cue+cooccurrence rule,2838,BK_P02838,machine-proposed,FAMILY
A_80289ec6a827,CHAR_002,Dmitri Fyodorovich Karamazov,CONFLICT,CHAR_006,Agrafena Alexandrovna Svetlova,undirected_or_unknown,0.64,unreviewed,cue+cooccurrence rule,2908,BK_P02908,machine-proposed,CONFLICT
A_28fa7d88c261,CHAR_002,Dmitri Fyodorovich Karamazov,FINANCIAL,CHAR_006,Agrafena Alexandrovna Svetlova,undirected_or_unknown,0.58,unreviewed,cue+cooccurrence rule,2995,BK_P02995,machine-proposed,FINANCIAL
A_8adb0257c1f1,CHAR_002,Dmitri Fyodorovich Karamazov,ROMANTIC,CHAR_004,Alexei Fyodorovich Karamazov,undirected_or_unknown,0.65,unreviewed,cue+cooccurrence rule,3104,BK_P03104,machine-proposed,ROMANTIC
A_e45b8eabd98a,CHAR_002,Dmitri Fyodorovich Karamazov,FINANCIAL,CHAR_006,Agrafena Alexandrovna Svetlova,undirected_or_unknown,0.58,unreviewed,cue+cooccurrence rule,3137,BK_P03137,machine-proposed,FINANCIAL
A_a9ffe7b9e2c7,CHAR_002,Dmitri Fyodorovich Karamazov,FINANCIAL,CHAR_007,Katerina Ivanovna Verkhovtseva,undirected_or_unknown,0.58,unreviewed,cue+cooccurrence rule,3137,BK_P03137,machine-proposed,FINANCIAL
A_c9de73c7141c,CHAR_006,Agrafena Alexandrovna Svetlova,FINANCIAL,CHAR_007,Katerina Ivanovna Verkhovtseva,undirected_or_unknown,0.58,unreviewed,cue+cooccurrence rule,3137,BK_P03137,machine-proposed,FINANCIAL
A_5e262b4b1d47,CHAR_004,Alexei Fyodorovich Karamazov,ROMANTIC,CHAR_007,Katerina Ivanovna Verkhovtseva,undirected_or_unknown,0.65,unreviewed,cue+cooccurrence rule,3138,BK_P03138,machine-proposed,ROMANTIC
A_b995c7efa52b,CHAR_004,Alexei Fyodorovich Karamazov,FINANCIAL,CHAR_007,Katerina Ivanovna Verkhovtseva,undirected_or_unknown,0.58,unreviewed,cue+cooccurrence rule,3138,BK_P03138,machine-proposed,FINANCIAL
A_e87bed467c09,CHAR_001,Fyodor Pavlovich Karamazov,FAMILY,CHAR_002,Dmitri Fyodorovich Karamazov,undirected_or_unknown,0.72,unreviewed,cue+cooccurrence rule,3164,BK_P03164,machine-proposed,FAMILY
A_2ad74cbcbee2,CHAR_001,Fyodor Pavlovich Karamazov,SOCIAL,CHAR_012,Pyotr Ilyich Perkhotin,undirected_or_unknown,0.55,unreviewed,cue+cooccurrence rule,3166,BK_P03166,machine-proposed,SOCIAL
A_f3e44335df9e,CHAR_001,Fyodor Pavlovich Karamazov,FINANCIAL,CHAR_002,Dmitri Fyodorovich Karamazov,undirected_or_unknown,0.58,unreviewed,cue+cooccurrence rule,3167,BK_P03167,machine-proposed,FINANCIAL
A_50a97c5a2a79,CHAR_001,Fyodor Pavlovich Karamazov,FINANCIAL,CHAR_013,Madame Khokhlakov,undirected_or_unknown,0.58,unreviewed,cue+cooccurrence rule,3167,BK_P03167,machine-proposed,FINANCIAL
A_4c454a5920ee,CHAR_002,Dmitri Fyodorovich Karamazov,FINANCIAL,CHAR_013,Madame Khokhlakov,undirected_or_unknown,0.58,unreviewed,cue+cooccurrence rule,3167,BK_P03167,machine-proposed,FINANCIAL
A_a14792877803,CHAR_002,Dmitri Fyodorovich Karamazov,SOCIAL,CHAR_013,Madame Khokhlakov,undirected_or_unknown,0.55,unreviewed,cue+cooccurrence rule,3172,BK_P03172,machine-proposed,SOCIAL
A_b2aeaf64216a,CHAR_001,Fyodor Pavlovich Karamazov,SOCIAL,CHAR_002,Dmitri Fyodorovich Karamazov,undirected_or_unknown,0.55,unreviewed,cue+cooccurrence rule,3176,BK_P03176,machine-proposed,SOCIAL
A_b35a80e11be6,CHAR_001,Fyodor Pavlovich Karamazov,SOCIAL,CHAR_012,Pyotr Ilyich Perkhotin,undirected_or_unknown,0.55,unreviewed,cue+cooccurrence rule,3176,BK_P03176,machine-proposed,SOCIAL
A_f56f8458a8c9,CHAR_002,Dmitri Fyodorovich Karamazov,SOCIAL,CHAR_012,Pyotr Ilyich Perkhotin,undirected_or_unknown,0.55,unreviewed,cue+cooccurrence rule,3176,BK_P03176,machine-proposed,SOCIAL
A_2cfe4c146ade,CHAR_002,Dmitri Fyodorovich Karamazov,FINANCIAL,CHAR_012,Pyotr Ilyich Perkhotin,undirected_or_unknown,0.58,unreviewed,cue+cooccurrence rule,3181,BK_P03181,machine-proposed,FINANCIAL
A_a623f0c4ffb0,CHAR_001,Fyodor Pavlovich Karamazov,FINANCIAL,CHAR_002,Dmitri Fyodorovich Karamazov,undirected_or_unknown,0.58,unreviewed,cue+cooccurrence rule,3198,BK_P03198,machine-proposed,FINANCIAL
A_3fe39c963062,CHAR_001,Fyodor Pavlovich Karamazov,FAMILY,CHAR_002,Dmitri Fyodorovich Karamazov,undirected_or_unknown,0.72,unreviewed,cue+cooccurrence rule,3218,BK_P03218,machine-proposed,FAMILY
A_9e01ffa035ab,CHAR_001,Fyodor Pavlovich Karamazov,FINANCIAL,CHAR_006,Agrafena Alexandrovna Svetlova,undirected_or_unknown,0.58,unreviewed,cue+cooccurrence rule,3223,BK_P03223,machine-proposed,FINANCIAL
A_867af8313f94,CHAR_001,Fyodor Pavlovich Karamazov,SOCIAL,CHAR_002,Dmitri Fyodorovich Karamazov,undirected_or_unknown,0.55,unreviewed,cue+cooccurrence rule,3228,BK_P03228,machine-proposed,SOCIAL
A_2c249709be49,CHAR_001,Fyodor Pavlovich Karamazov,SOCIAL,CHAR_005,Pavel Fyodorovich Smerdyakov,undirected_or_unknown,0.55,unreviewed,cue+cooccurrence rule,3228,BK_P03228,machine-proposed,SOCIAL
A_c995be75b8e8,CHAR_002,Dmitri Fyodorovich Karamazov,SOCIAL,CHAR_005,Pavel Fyodorovich Smerdyakov,undirected_or_unknown,0.55,unreviewed,cue+cooccurrence rule,3228,BK_P03228,machine-proposed,SOCIAL
A_e512c70309c4,CHAR_001,Fyodor Pavlovich Karamazov,FAMILY,CHAR_002,Dmitri Fyodorovich Karamazov,undirected_or_unknown,0.72,unreviewed,cue+cooccurrence rule,3262,BK_P03262,machine-proposed,FAMILY
A_925b364df86c,CHAR_002,Dmitri Fyodorovich Karamazov,FAMILY,CHAR_008,Zosima,undirected_or_unknown,0.72,unreviewed,cue+cooccurrence rule,3265,BK_P03265,machine-proposed,FAMILY
A_f5356ce32481,CHAR_002,Dmitri Fyodorovich Karamazov,FINANCIAL,CHAR_006,Agrafena Alexandrovna Svetlova,undirected_or_unknown,0.58,unreviewed,cue+cooccurrence rule,3273,BK_P03273,machine-proposed,FINANCIAL
A_eb4373dac263,CHAR_002,Dmitri Fyodorovich Karamazov,ROMANTIC,CHAR_006,Agrafena Alexandrovna Svetlova,undirected_or_unknown,0.65,unreviewed,cue+cooccurrence rule,3320,BK_P03320,machine-proposed,ROMANTIC
A_476ae6d30853,CHAR_002,Dmitri Fyodorovich Karamazov,FINANCIAL,CHAR_006,Agrafena Alexandrovna Svetlova,undirected_or_unknown,0.58,unreviewed,cue+cooccurrence rule,3320,BK_P03320,machine-proposed,FINANCIAL
A_1b6dc5c203de,CHAR_001,Fyodor Pavlovich Karamazov,ROMANTIC,CHAR_005,Pavel Fyodorovich Smerdyakov,undirected_or_unknown,0.65,unreviewed,cue+cooccurrence rule,3321,BK_P03321,machine-proposed,ROMANTIC
A_991d8cc48794,CHAR_001,Fyodor Pavlovich Karamazov,ROMANTIC,CHAR_006,Agrafena Alexandrovna Svetlova,undirected_or_unknown,0.65,unreviewed,cue+cooccurrence rule,3321,BK_P03321,machine-proposed,ROMANTIC
A_9f3a8c3d5a2a,CHAR_005,Pavel Fyodorovich Smerdyakov,ROMANTIC,CHAR_006,Agrafena Alexandrovna Svetlova,undirected_or_unknown,0.65,unreviewed,cue+cooccurrence rule,3321,BK_P03321,machine-proposed,ROMANTIC
A_e015f7139d0d,CHAR_002,Dmitri Fyodorovich Karamazov,SOCIAL,CHAR_006,Agrafena Alexandrovna Svetlova,undirected_or_unknown,0.55,unreviewed,cue+cooccurrence rule,3322,BK_P03322,machine-proposed,SOCIAL
A_7944a3cfeb32,CHAR_002,Dmitri Fyodorovich Karamazov,SOCIAL,CHAR_013,Madame Khokhlakov,undirected_or_unknown,0.55,unreviewed,cue+cooccurrence rule,3322,BK_P03322,machine-proposed,SOCIAL
A_87b942dc7689,CHAR_006,Agrafena Alexandrovna Svetlova,SOCIAL,CHAR_013,Madame Khokhlakov,undirected_or_unknown,0.55,unreviewed,cue+cooccurrence rule,3322,BK_P03322,machine-proposed,SOCIAL
A_c15570cccc54,CHAR_002,Dmitri Fyodorovich Karamazov,FAMILY,CHAR_006,Agrafena Alexandrovna Svetlova,undirected_or_unknown,0.72,unreviewed,cue+cooccurrence rule,3353,BK_P03353,machine-proposed,FAMILY
A_41cad3bd3596,CHAR_002,Dmitri Fyodorovich Karamazov,FAMILY,CHAR_006,Agrafena Alexandrovna Svetlova,undirected_or_unknown,0.72,unreviewed,cue+cooccurrence rule,3355,BK_P03355,machine-proposed,FAMILY
A_d90376fd7cda,CHAR_002,Dmitri Fyodorovich Karamazov,FAMILY,CHAR_005,Pavel Fyodorovich Smerdyakov,undirected_or_unknown,0.72,unreviewed,cue+cooccurrence rule,3376,BK_P03376,machine-proposed,FAMILY
A_861edb8a67f8,CHAR_001,Fyodor Pavlovich Karamazov,FAMILY,CHAR_002,Dmitri Fyodorovich Karamazov,undirected_or_unknown,0.72,unreviewed,cue+cooccurrence rule,3377,BK_P03377,machine-proposed,FAMILY
A_e90f52a45b17,CHAR_001,Fyodor Pavlovich Karamazov,FAMILY,CHAR_005,Pavel Fyodorovich Smerdyakov,undirected_or_unknown,0.72,unreviewed,cue+cooccurrence rule,3377,BK_P03377,machine-proposed,FAMILY
A_d26e1efdd70e,CHAR_001,Fyodor Pavlovich Karamazov,FAMILY,CHAR_006,Agrafena Alexandrovna Svetlova,undirected_or_unknown,0.72,unreviewed,cue+cooccurrence rule,3377,BK_P03377,machine-proposed,FAMILY
A_08e0524836be,CHAR_002,Dmitri Fyodorovich Karamazov,FAMILY,CHAR_005,Pavel Fyodorovich Smerdyakov,undirected_or_unknown,0.72,unreviewed,cue+cooccurrence rule,3377,BK_P03377,machine-proposed,FAMILY
A_016fb6a3f844,CHAR_002,Dmitri Fyodorovich Karamazov,FAMILY,CHAR_006,Agrafena Alexandrovna Svetlova,undirected_or_unknown,0.72,unreviewed,cue+cooccurrence rule,3377,BK_P03377,machine-proposed,FAMILY
A_17ac77aed257,CHAR_005,Pavel Fyodorovich Smerdyakov,FAMILY,CHAR_006,Agrafena Alexandrovna Svetlova,undirected_or_unknown,0.72,unreviewed,cue+cooccurrence rule,3377,BK_P03377,machine-proposed,FAMILY
A_248e7354c280,CHAR_001,Fyodor Pavlovich Karamazov,FAMILY,CHAR_002,Dmitri Fyodorovich Karamazov,undirected_or_unknown,0.72,unreviewed,cue+cooccurrence rule,3535,BK_P03535,machine-proposed,FAMILY
A_e4d6d62dcf45,CHAR_002,Dmitri Fyodorovich Karamazov,FAMILY,CHAR_005,Pavel Fyodorovich Smerdyakov,undirected_or_unknown,0.72,unreviewed,cue+cooccurrence rule,3557,BK_P03557,machine-proposed,FAMILY
A_f3c81e2e55e1,CHAR_002,Dmitri Fyodorovich Karamazov,FAMILY,CHAR_006,Agrafena Alexandrovna Svetlova,undirected_or_unknown,0.72,unreviewed,cue+cooccurrence rule,3597,BK_P03597,machine-proposed,FAMILY
A_1b73a7350f88,CHAR_002,Dmitri Fyodorovich Karamazov,ROMANTIC,CHAR_006,Agrafena Alexandrovna Svetlova,undirected_or_unknown,0.65,unreviewed,cue+cooccurrence rule,3597,BK_P03597,machine-proposed,ROMANTIC
A_6f52cdf1d450,CHAR_002,Dmitri Fyodorovich Karamazov,FINANCIAL,CHAR_006,Agrafena Alexandrovna Svetlova,undirected_or_unknown,0.58,unreviewed,cue+cooccurrence rule,3597,BK_P03597,machine-proposed,FINANCIAL
A_8666d9ecfed5,CHAR_002,Dmitri Fyodorovich Karamazov,FAMILY,CHAR_004,Alexei Fyodorovich Karamazov,undirected_or_unknown,0.72,unreviewed,cue+cooccurrence rule,3600,BK_P03600,machine-proposed,FAMILY
A_fab0012b7daa,CHAR_002,Dmitri Fyodorovich Karamazov,FAMILY,CHAR_007,Katerina Ivanovna Verkhovtseva,undirected_or_unknown,0.72,unreviewed,cue+cooccurrence rule,3600,BK_P03600,machine-proposed,FAMILY
A_e15a13cf0095,CHAR_002,Dmitri Fyodorovich Karamazov,FAMILY,CHAR_012,Pyotr Ilyich Perkhotin,undirected_or_unknown,0.72,unreviewed,cue+cooccurrence rule,3600,BK_P03600,machine-proposed,FAMILY
A_2bf70418526f,CHAR_004,Alexei Fyodorovich Karamazov,FAMILY,CHAR_007,Katerina Ivanovna Verkhovtseva,undirected_or_unknown,0.72,unreviewed,cue+cooccurrence rule,3600,BK_P03600,machine-proposed,FAMILY
A_4b73792fcb09,CHAR_004,Alexei Fyodorovich Karamazov,FAMILY,CHAR_012,Pyotr Ilyich Perkhotin,undirected_or_unknown,0.72,unreviewed,cue+cooccurrence rule,3600,BK_P03600,machine-proposed,FAMILY
A_96f24eaf456a,CHAR_007,Katerina Ivanovna Verkhovtseva,FAMILY,CHAR_012,Pyotr Ilyich Perkhotin,undirected_or_unknown,0.72,unreviewed,cue+cooccurrence rule,3600,BK_P03600,machine-proposed,FAMILY
A_8bd4d1346b8d,CHAR_002,Dmitri Fyodorovich Karamazov,CONFLICT,CHAR_004,Alexei Fyodorovich Karamazov,undirected_or_unknown,0.64,unreviewed,cue+cooccurrence rule,3600,BK_P03600,machine-proposed,CONFLICT
A_63ab9a12e4f1,CHAR_002,Dmitri Fyodorovich Karamazov,CONFLICT,CHAR_007,Katerina Ivanovna Verkhovtseva,undirected_or_unknown,0.64,unreviewed,cue+cooccurrence rule,3600,BK_P03600,machine-proposed,CONFLICT
A_0330277047d9,CHAR_002,Dmitri Fyodorovich Karamazov,CONFLICT,CHAR_012,Pyotr Ilyich Perkhotin,undirected_or_unknown,0.64,unreviewed,cue+cooccurrence rule,3600,BK_P03600,machine-proposed,CONFLICT
A_5bcef23aa0e0,CHAR_004,Alexei Fyodorovich Karamazov,CONFLICT,CHAR_007,Katerina Ivanovna Verkhovtseva,undirected_or_unknown,0.64,unreviewed,cue+cooccurrence rule,3600,BK_P03600,machine-proposed,CONFLICT
A_0a9ae91fc54d,CHAR_004,Alexei Fyodorovich Karamazov,CONFLICT,CHAR_012,Pyotr Ilyich Perkhotin,undirected_or_unknown,0.64,unreviewed,cue+cooccurrence rule,3600,BK_P03600,machine-proposed,CONFLICT
A_9566d8cbcf76,CHAR_007,Katerina Ivanovna Verkhovtseva,CONFLICT,CHAR_012,Pyotr Ilyich Perkhotin,undirected_or_unknown,0.64,unreviewed,cue+cooccurrence rule,3600,BK_P03600,machine-proposed,CONFLICT
A_bc051ffec0ab,CHAR_002,Dmitri Fyodorovich Karamazov,ROMANTIC,CHAR_006,Agrafena Alexandrovna Svetlova,undirected_or_unknown,0.65,unreviewed,cue+cooccurrence rule,3684,BK_P03684,machine-proposed,ROMANTIC
A_d01b17df0f5f,CHAR_002,Dmitri Fyodorovich Karamazov,FINANCIAL,CHAR_006,Agrafena Alexandrovna Svetlova,undirected_or_unknown,0.58,unreviewed,cue+cooccurrence rule,3684,BK_P03684,machine-proposed,FINANCIAL
A_8c2905e5152b,CHAR_002,Dmitri Fyodorovich Karamazov,FINANCIAL,CHAR_013,Madame Khokhlakov,undirected_or_unknown,0.58,unreviewed,cue+cooccurrence rule,3688,BK_P03688,machine-proposed,FINANCIAL
A_1d9f74390b84,CHAR_002,Dmitri Fyodorovich Karamazov,FINANCIAL,CHAR_006,Agrafena Alexandrovna Svetlova,undirected_or_unknown,0.58,unreviewed,cue+cooccurrence rule,3692,BK_P03692,machine-proposed,FINANCIAL
A_f4764fb578dc,CHAR_001,Fyodor Pavlovich Karamazov,FAMILY,CHAR_002,Dmitri Fyodorovich Karamazov,undirected_or_unknown,0.72,unreviewed,cue+cooccurrence rule,3697,BK_P03697,machine-proposed,FAMILY
A_0cb4efd14a5e,CHAR_001,Fyodor Pavlovich Karamazov,ROMANTIC,CHAR_002,Dmitri Fyodorovich Karamazov,undirected_or_unknown,0.65,unreviewed,cue+cooccurrence rule,3697,BK_P03697,machine-proposed,ROMANTIC
A_f3ed1fa6b838,CHAR_001,Fyodor Pavlovich Karamazov,SOCIAL,CHAR_002,Dmitri Fyodorovich Karamazov,undirected_or_unknown,0.55,unreviewed,cue+cooccurrence rule,3697,BK_P03697,machine-proposed,SOCIAL
A_32d8269e8cb4,CHAR_002,Dmitri Fyodorovich Karamazov,FINANCIAL,CHAR_006,Agrafena Alexandrovna Svetlova,undirected_or_unknown,0.58,unreviewed,cue+cooccurrence rule,3698,BK_P03698,machine-proposed,FINANCIAL
A_abcb332ecbb4,CHAR_002,Dmitri Fyodorovich Karamazov,FINANCIAL,CHAR_006,Agrafena Alexandrovna Svetlova,undirected_or_unknown,0.58,unreviewed,cue+cooccurrence rule,3702,BK_P03702,machine-proposed,FINANCIAL
A_df9d69c6c845,CHAR_002,Dmitri Fyodorovich Karamazov,FINANCIAL,CHAR_007,Katerina Ivanovna Verkhovtseva,undirected_or_unknown,0.58,unreviewed,cue+cooccurrence rule,3702,BK_P03702,machine-proposed,FINANCIAL
A_3c400450512c,CHAR_006,Agrafena Alexandrovna Svetlova,FINANCIAL,CHAR_007,Katerina Ivanovna Verkhovtseva,undirected_or_unknown,0.58,unreviewed,cue+cooccurrence rule,3702,BK_P03702,machine-proposed,FINANCIAL
A_18aea679aadb,CHAR_002,Dmitri Fyodorovich Karamazov,FAMILY,CHAR_006,Agrafena Alexandrovna Svetlova,undirected_or_unknown,0.72,unreviewed,cue+cooccurrence rule,3715,BK_P03715,machine-proposed,FAMILY
A_798362fab917,CHAR_001,Fyodor Pavlovich Karamazov,FAMILY,CHAR_002,Dmitri Fyodorovich Karamazov,undirected_or_unknown,0.72,unreviewed,cue+cooccurrence rule,3745,BK_P03745,machine-proposed,FAMILY
A_dd3912e45bbb,CHAR_001,Fyodor Pavlovich Karamazov,CONFLICT,CHAR_002,Dmitri Fyodorovich Karamazov,undirected_or_unknown,0.64,unreviewed,cue+cooccurrence rule,3745,BK_P03745,machine-proposed,CONFLICT
A_aa23afc6718f,CHAR_001,Fyodor Pavlovich Karamazov,FAMILY,CHAR_003,Ivan Fyodorovich Karamazov,undirected_or_unknown,0.72,unreviewed,cue+cooccurrence rule,3782,BK_P03782,machine-proposed,FAMILY
A_a1062a680400,CHAR_001,Fyodor Pavlovich Karamazov,FAMILY,CHAR_010,Nikolai Krasotkin,undirected_or_unknown,0.72,unreviewed,cue+cooccurrence rule,3782,BK_P03782,machine-proposed,FAMILY
A_876d036aa9f1,CHAR_003,Ivan Fyodorovich Karamazov,FAMILY,CHAR_010,Nikolai Krasotkin,undirected_or_unknown,0.72,unreviewed,cue+cooccurrence rule,3782,BK_P03782,machine-proposed,FAMILY
A_efe9535e1103,CHAR_009,Ilyusha Snegiryov,FAMILY,CHAR_010,Nikolai Krasotkin,undirected_or_unknown,0.72,unreviewed,cue+cooccurrence rule,3788,BK_P03788,machine-proposed,FAMILY
A_35efa59edbec,CHAR_001,Fyodor Pavlovich Karamazov,FAMILY,CHAR_004,Alexei Fyodorovich Karamazov,undirected_or_unknown,0.72,unreviewed,cue+cooccurrence rule,3844,BK_P03844,machine-proposed,FAMILY
A_ad0acdcc5675,CHAR_001,Fyodor Pavlovich Karamazov,FAMILY,CHAR_009,Ilyusha Snegiryov,undirected_or_unknown,0.72,unreviewed,cue+cooccurrence rule,3844,BK_P03844,machine-proposed,FAMILY
A_8d313cbf58b6,CHAR_001,Fyodor Pavlovich Karamazov,FAMILY,CHAR_010,Nikolai Krasotkin,undirected_or_unknown,0.72,unreviewed,cue+cooccurrence rule,3844,BK_P03844,machine-proposed,FAMILY
A_6438531e3656,CHAR_004,Alexei Fyodorovich Karamazov,FAMILY,CHAR_009,Ilyusha Snegiryov,undirected_or_unknown,0.72,unreviewed,cue+cooccurrence rule,3844,BK_P03844,machine-proposed,FAMILY
A_37ff3adc780f,CHAR_004,Alexei Fyodorovich Karamazov,FAMILY,CHAR_010,Nikolai Krasotkin,undirected_or_unknown,0.72,unreviewed,cue+cooccurrence rule,3844,BK_P03844,machine-proposed,FAMILY
A_8ffe7e1a2406,CHAR_009,Ilyusha Snegiryov,FAMILY,CHAR_010,Nikolai Krasotkin,undirected_or_unknown,0.72,unreviewed,cue+cooccurrence rule,3844,BK_P03844,machine-proposed,FAMILY
A_d91d45e9b16e,CHAR_001,Fyodor Pavlovich Karamazov,FAMILY,CHAR_004,Alexei Fyodorovich Karamazov,undirected_or_unknown,0.72,unreviewed,cue+cooccurrence rule,3858,BK_P03858,machine-proposed,FAMILY
A_bb06e9446f7f,CHAR_001,Fyodor Pavlovich Karamazov,FAMILY,CHAR_009,Ilyusha Snegiryov,undirected_or_unknown,0.72,unreviewed,cue+cooccurrence rule,3863,BK_P03863,machine-proposed,FAMILY
A_01c8710d9f3d,CHAR_004,Alexei Fyodorovich Karamazov,SOCIAL,CHAR_010,Nikolai Krasotkin,undirected_or_unknown,0.55,unreviewed,cue+cooccurrence rule,3958,BK_P03958,machine-proposed,SOCIAL
A_ac33b4c7f423,CHAR_001,Fyodor Pavlovich Karamazov,FAMILY,CHAR_005,Pavel Fyodorovich Smerdyakov,undirected_or_unknown,0.72,unreviewed,cue+cooccurrence rule,3969,BK_P03969,machine-proposed,FAMILY
A_186de22b2396,CHAR_001,Fyodor Pavlovich Karamazov,FAMILY,CHAR_009,Ilyusha Snegiryov,undirected_or_unknown,0.72,unreviewed,cue+cooccurrence rule,3969,BK_P03969,machine-proposed,FAMILY
A_571857bea8ae,CHAR_001,Fyodor Pavlovich Karamazov,FAMILY,CHAR_010,Nikolai Krasotkin,undirected_or_unknown,0.72,unreviewed,cue+cooccurrence rule,3969,BK_P03969,machine-proposed,FAMILY
A_d0b7225e2f63,CHAR_005,Pavel Fyodorovich Smerdyakov,FAMILY,CHAR_009,Ilyusha Snegiryov,undirected_or_unknown,0.72,unreviewed,cue+cooccurrence rule,3969,BK_P03969,machine-proposed,FAMILY
A_ff38d8689f83,CHAR_005,Pavel Fyodorovich Smerdyakov,FAMILY,CHAR_010,Nikolai Krasotkin,undirected_or_unknown,0.72,unreviewed,cue+cooccurrence rule,3969,BK_P03969,machine-proposed,FAMILY
A_24dead2312fd,CHAR_009,Ilyusha Snegiryov,FAMILY,CHAR_010,Nikolai Krasotkin,undirected_or_unknown,0.72,unreviewed,cue+cooccurrence rule,3969,BK_P03969,machine-proposed,FAMILY
A_aa9f21391cd1,CHAR_001,Fyodor Pavlovich Karamazov,CONFLICT,CHAR_005,Pavel Fyodorovich Smerdyakov,undirected_or_unknown,0.64,unreviewed,cue+cooccurrence rule,3969,BK_P03969,machine-proposed,CONFLICT
A_898218ffa655,CHAR_001,Fyodor Pavlovich Karamazov,CONFLICT,CHAR_009,Ilyusha Snegiryov,undirected_or_unknown,0.64,unreviewed,cue+cooccurrence rule,3969,BK_P03969,machine-proposed,CONFLICT
A_45393b75aeef,CHAR_001,Fyodor Pavlovich Karamazov,CONFLICT,CHAR_010,Nikolai Krasotkin,undirected_or_unknown,0.64,unreviewed,cue+cooccurrence rule,3969,BK_P03969,machine-proposed,CONFLICT
A_d677f006af8a,CHAR_005,Pavel Fyodorovich Smerdyakov,CONFLICT,CHAR_009,Ilyusha Snegiryov,undirected_or_unknown,0.64,unreviewed,cue+cooccurrence rule,3969,BK_P03969,machine-proposed,CONFLICT
A_4fe016af3b5e,CHAR_005,Pavel Fyodorovich Smerdyakov,CONFLICT,CHAR_010,Nikolai Krasotkin,undirected_or_unknown,0.64,unreviewed,cue+cooccurrence rule,3969,BK_P03969,machine-proposed,CONFLICT
A_56e80d916512,CHAR_009,Ilyusha Snegiryov,CONFLICT,CHAR_010,Nikolai Krasotkin,undirected_or_unknown,0.64,unreviewed,cue+cooccurrence rule,3969,BK_P03969,machine-proposed,CONFLICT
A_09be0017838a,CHAR_001,Fyodor Pavlovich Karamazov,FAMILY,CHAR_004,Alexei Fyodorovich Karamazov,undirected_or_unknown,0.72,unreviewed,cue+cooccurrence rule,3992,BK_P03992,machine-proposed,FAMILY
A_0f1dbb73a49c,CHAR_001,Fyodor Pavlovich Karamazov,FAMILY,CHAR_009,Ilyusha Snegiryov,undirected_or_unknown,0.72,unreviewed,cue+cooccurrence rule,3992,BK_P03992,machine-proposed,FAMILY
A_9eb20940defb,CHAR_004,Alexei Fyodorovich Karamazov,FAMILY,CHAR_009,Ilyusha Snegiryov,undirected_or_unknown,0.72,unreviewed,cue+cooccurrence rule,3992,BK_P03992,machine-proposed,FAMILY
A_0ac8140bbaeb,CHAR_001,Fyodor Pavlovich Karamazov,SOCIAL,CHAR_004,Alexei Fyodorovich Karamazov,undirected_or_unknown,0.55,unreviewed,cue+cooccurrence rule,3992,BK_P03992,machine-proposed,SOCIAL
A_273f91946900,CHAR_001,Fyodor Pavlovich Karamazov,SOCIAL,CHAR_009,Ilyusha Snegiryov,undirected_or_unknown,0.55,unreviewed,cue+cooccurrence rule,3992,BK_P03992,machine-proposed,SOCIAL
A_e889a851ead0,CHAR_004,Alexei Fyodorovich Karamazov,SOCIAL,CHAR_009,Ilyusha Snegiryov,undirected_or_unknown,0.55,unreviewed,cue+cooccurrence rule,3992,BK_P03992,machine-proposed,SOCIAL
A_7507850e6f0b,CHAR_004,Alexei Fyodorovich Karamazov,FAMILY,CHAR_009,Ilyusha Snegiryov,undirected_or_unknown,0.72,unreviewed,cue+cooccurrence rule,3994,BK_P03994,machine-proposed,FAMILY
A_0abd9a27410a,CHAR_004,Alexei Fyodorovich Karamazov,FAMILY,CHAR_007,Katerina Ivanovna Verkhovtseva,undirected_or_unknown,0.72,unreviewed,cue+cooccurrence rule,3998,BK_P03998,machine-proposed,FAMILY
A_8504bf90a229,CHAR_004,Alexei Fyodorovich Karamazov,FAMILY,CHAR_009,Ilyusha Snegiryov,undirected_or_unknown,0.72,unreviewed,cue+cooccurrence rule,3998,BK_P03998,machine-proposed,FAMILY
A_0c143080b154,CHAR_007,Katerina Ivanovna Verkhovtseva,FAMILY,CHAR_009,Ilyusha Snegiryov,undirected_or_unknown,0.72,unreviewed,cue+cooccurrence rule,3998,BK_P03998,machine-proposed,FAMILY
A_c5ce519529be,CHAR_004,Alexei Fyodorovich Karamazov,FINANCIAL,CHAR_007,Katerina Ivanovna Verkhovtseva,undirected_or_unknown,0.58,unreviewed,cue+cooccurrence rule,3998,BK_P03998,machine-proposed,FINANCIAL
A_490dbebc3b5f,CHAR_004,Alexei Fyodorovich Karamazov,FINANCIAL,CHAR_009,Ilyusha Snegiryov,undirected_or_unknown,0.58,unreviewed,cue+cooccurrence rule,3998,BK_P03998,machine-proposed,FINANCIAL
A_fef92bf63135,CHAR_007,Katerina Ivanovna Verkhovtseva,FINANCIAL,CHAR_009,Ilyusha Snegiryov,undirected_or_unknown,0.58,unreviewed,cue+cooccurrence rule,3998,BK_P03998,machine-proposed,FINANCIAL
A_b176b1057601,CHAR_004,Alexei Fyodorovich Karamazov,SOCIAL,CHAR_007,Katerina Ivanovna Verkhovtseva,undirected_or_unknown,0.55,unreviewed,cue+cooccurrence rule,3998,BK_P03998,machine-proposed,SOCIAL
A_914e9d0f7a32,CHAR_004,Alexei Fyodorovich Karamazov,SOCIAL,CHAR_009,Ilyusha Snegiryov,undirected_or_unknown,0.55,unreviewed,cue+cooccurrence rule,3998,BK_P03998,machine-proposed,SOCIAL
A_ae3e572ffd6a,CHAR_007,Katerina Ivanovna Verkhovtseva,SOCIAL,CHAR_009,Ilyusha Snegiryov,undirected_or_unknown,0.55,unreviewed,cue+cooccurrence rule,3998,BK_P03998,machine-proposed,SOCIAL
A_af484914144d,CHAR_007,Katerina Ivanovna Verkhovtseva,SOCIAL,CHAR_009,Ilyusha Snegiryov,undirected_or_unknown,0.55,unreviewed,cue+cooccurrence rule,3999,BK_P03999,machine-proposed,SOCIAL
A_e0903995ad03,CHAR_007,Katerina Ivanovna Verkhovtseva,SOCIAL,CHAR_010,Nikolai Krasotkin,undirected_or_unknown,0.55,unreviewed,cue+cooccurrence rule,3999,BK_P03999,machine-proposed,SOCIAL
A_2d37891d1770,CHAR_009,Ilyusha Snegiryov,SOCIAL,CHAR_010,Nikolai Krasotkin,undirected_or_unknown,0.55,unreviewed,cue+cooccurrence rule,3999,BK_P03999,machine-proposed,SOCIAL
A_78de3951988a,CHAR_009,Ilyusha Snegiryov,SOCIAL,CHAR_010,Nikolai Krasotkin,undirected_or_unknown,0.55,unreviewed,cue+cooccurrence rule,4010,BK_P04010,machine-proposed,SOCIAL
A_cb429cfdbd88,CHAR_004,Alexei Fyodorovich Karamazov,FAMILY,CHAR_009,Ilyusha Snegiryov,undirected_or_unknown,0.72,unreviewed,cue+cooccurrence rule,4033,BK_P04033,machine-proposed,FAMILY
A_a098ad2d2620,CHAR_004,Alexei Fyodorovich Karamazov,FAMILY,CHAR_010,Nikolai Krasotkin,undirected_or_unknown,0.72,unreviewed,cue+cooccurrence rule,4033,BK_P04033,machine-proposed,FAMILY
A_107f5a7425b1,CHAR_009,Ilyusha Snegiryov,FAMILY,CHAR_010,Nikolai Krasotkin,undirected_or_unknown,0.72,unreviewed,cue+cooccurrence rule,4033,BK_P04033,machine-proposed,FAMILY
A_a2e641e8d54b,CHAR_001,Fyodor Pavlovich Karamazov,ROMANTIC,CHAR_009,Ilyusha Snegiryov,undirected_or_unknown,0.65,unreviewed,cue+cooccurrence rule,4076,BK_P04076,machine-proposed,ROMANTIC
A_4e8a8193be87,CHAR_001,Fyodor Pavlovich Karamazov,ROMANTIC,CHAR_010,Nikolai Krasotkin,undirected_or_unknown,0.65,unreviewed,cue+cooccurrence rule,4076,BK_P04076,machine-proposed,ROMANTIC
A_5c4095f0cb69,CHAR_009,Ilyusha Snegiryov,ROMANTIC,CHAR_010,Nikolai Krasotkin,undirected_or_unknown,0.65,unreviewed,cue+cooccurrence rule,4076,BK_P04076,machine-proposed,ROMANTIC
A_26cea114ad03,CHAR_001,Fyodor Pavlovich Karamazov,FINANCIAL,CHAR_009,Ilyusha Snegiryov,undirected_or_unknown,0.58,unreviewed,cue+cooccurrence rule,4076,BK_P04076,machine-proposed,FINANCIAL
A_8ee1d8d0522a,CHAR_001,Fyodor Pavlovich Karamazov,FINANCIAL,CHAR_010,Nikolai Krasotkin,undirected_or_unknown,0.58,unreviewed,cue+cooccurrence rule,4076,BK_P04076,machine-proposed,FINANCIAL
A_0962898c394a,CHAR_009,Ilyusha Snegiryov,FINANCIAL,CHAR_010,Nikolai Krasotkin,undirected_or_unknown,0.58,unreviewed,cue+cooccurrence rule,4076,BK_P04076,machine-proposed,FINANCIAL
A_4b474a68e5f8,CHAR_001,Fyodor Pavlovich Karamazov,FAMILY,CHAR_010,Nikolai Krasotkin,undirected_or_unknown,0.72,unreviewed,cue+cooccurrence rule,4100,BK_P04100,machine-proposed,FAMILY
A_8d15bc7f9713,CHAR_004,Alexei Fyodorovich Karamazov,ROMANTIC,CHAR_010,Nikolai Krasotkin,undirected_or_unknown,0.65,unreviewed,cue+cooccurrence rule,4123,BK_P04123,machine-proposed,ROMANTIC
A_8b51e76708b3,CHAR_001,Fyodor Pavlovich Karamazov,ROMANTIC,CHAR_010,Nikolai Krasotkin,undirected_or_unknown,0.65,unreviewed,cue+cooccurrence rule,4170,BK_P04170,machine-proposed,ROMANTIC
A_327b14659a14,CHAR_004,Alexei Fyodorovich Karamazov,FAMILY,CHAR_009,Ilyusha Snegiryov,undirected_or_unknown,0.72,unreviewed,cue+cooccurrence rule,4206,BK_P04206,machine-proposed,FAMILY
A_c2ba49c66364,CHAR_004,Alexei Fyodorovich Karamazov,FAMILY,CHAR_010,Nikolai Krasotkin,undirected_or_unknown,0.72,unreviewed,cue+cooccurrence rule,4206,BK_P04206,machine-proposed,FAMILY
A_f5a53dfd3060,CHAR_009,Ilyusha Snegiryov,FAMILY,CHAR_010,Nikolai Krasotkin,undirected_or_unknown,0.72,unreviewed,cue+cooccurrence rule,4206,BK_P04206,machine-proposed,FAMILY
A_18ff864e8af3,CHAR_009,Ilyusha Snegiryov,FAMILY,CHAR_010,Nikolai Krasotkin,undirected_or_unknown,0.72,unreviewed,cue+cooccurrence rule,4207,BK_P04207,machine-proposed,FAMILY
A_9de58041200b,CHAR_002,Dmitri Fyodorovich Karamazov,ROMANTIC,CHAR_004,Alexei Fyodorovich Karamazov,undirected_or_unknown,0.65,unreviewed,cue+cooccurrence rule,4230,BK_P04230,machine-proposed,ROMANTIC
A_bc684c834e4f,CHAR_002,Dmitri Fyodorovich Karamazov,ROMANTIC,CHAR_006,Agrafena Alexandrovna Svetlova,undirected_or_unknown,0.65,unreviewed,cue+cooccurrence rule,4230,BK_P04230,machine-proposed,ROMANTIC
A_3f4d4d7536d5,CHAR_002,Dmitri Fyodorovich Karamazov,ROMANTIC,CHAR_007,Katerina Ivanovna Verkhovtseva,undirected_or_unknown,0.65,unreviewed,cue+cooccurrence rule,4230,BK_P04230,machine-proposed,ROMANTIC
A_39e7148df5eb,CHAR_004,Alexei Fyodorovich Karamazov,ROMANTIC,CHAR_006,Agrafena Alexandrovna Svetlova,undirected_or_unknown,0.65,unreviewed,cue+cooccurrence rule,4230,BK_P04230,machine-proposed,ROMANTIC
A_989d5227ff60,CHAR_004,Alexei Fyodorovich Karamazov,ROMANTIC,CHAR_007,Katerina Ivanovna Verkhovtseva,undirected_or_unknown,0.65,unreviewed,cue+cooccurrence rule,4230,BK_P04230,machine-proposed,ROMANTIC
A_ca6f9b29e707,CHAR_006,Agrafena Alexandrovna Svetlova,ROMANTIC,CHAR_007,Katerina Ivanovna Verkhovtseva,undirected_or_unknown,0.65,unreviewed,cue+cooccurrence rule,4230,BK_P04230,machine-proposed,ROMANTIC
A_a7b390354d18,CHAR_002,Dmitri Fyodorovich Karamazov,SOCIAL,CHAR_004,Alexei Fyodorovich Karamazov,undirected_or_unknown,0.55,unreviewed,cue+cooccurrence rule,4230,BK_P04230,machine-proposed,SOCIAL
A_bbe0b9f5458c,CHAR_002,Dmitri Fyodorovich Karamazov,SOCIAL,CHAR_006,Agrafena Alexandrovna Svetlova,undirected_or_unknown,0.55,unreviewed,cue+cooccurrence rule,4230,BK_P04230,machine-proposed,SOCIAL
A_f1ee66b7a0a6,CHAR_002,Dmitri Fyodorovich Karamazov,SOCIAL,CHAR_007,Katerina Ivanovna Verkhovtseva,undirected_or_unknown,0.55,unreviewed,cue+cooccurrence rule,4230,BK_P04230,machine-proposed,SOCIAL
A_8a87a246732a,CHAR_004,Alexei Fyodorovich Karamazov,SOCIAL,CHAR_006,Agrafena Alexandrovna Svetlova,undirected_or_unknown,0.55,unreviewed,cue+cooccurrence rule,4230,BK_P04230,machine-proposed,SOCIAL
A_1756a29cd443,CHAR_004,Alexei Fyodorovich Karamazov,SOCIAL,CHAR_007,Katerina Ivanovna Verkhovtseva,undirected_or_unknown,0.55,unreviewed,cue+cooccurrence rule,4230,BK_P04230,machine-proposed,SOCIAL
A_ffaeb4ad4980,CHAR_006,Agrafena Alexandrovna Svetlova,SOCIAL,CHAR_007,Katerina Ivanovna Verkhovtseva,undirected_or_unknown,0.55,unreviewed,cue+cooccurrence rule,4230,BK_P04230,machine-proposed,SOCIAL
A_ab2c0c99bede,CHAR_002,Dmitri Fyodorovich Karamazov,SOCIAL,CHAR_004,Alexei Fyodorovich Karamazov,undirected_or_unknown,0.55,unreviewed,cue+cooccurrence rule,4235,BK_P04235,machine-proposed,SOCIAL
A_5b009dfafaef,CHAR_002,Dmitri Fyodorovich Karamazov,SOCIAL,CHAR_006,Agrafena Alexandrovna Svetlova,undirected_or_unknown,0.55,unreviewed,cue+cooccurrence rule,4235,BK_P04235,machine-proposed,SOCIAL
A_851bf9e59186,CHAR_004,Alexei Fyodorovich Karamazov,SOCIAL,CHAR_006,Agrafena Alexandrovna Svetlova,undirected_or_unknown,0.55,unreviewed,cue+cooccurrence rule,4235,BK_P04235,machine-proposed,SOCIAL
A_19d05968dfb4,CHAR_002,Dmitri Fyodorovich Karamazov,CONFLICT,CHAR_004,Alexei Fyodorovich Karamazov,undirected_or_unknown,0.64,unreviewed,cue+cooccurrence rule,4251,BK_P04251,machine-proposed,CONFLICT
A_f5097b1742f8,CHAR_002,Dmitri Fyodorovich Karamazov,ROMANTIC,CHAR_006,Agrafena Alexandrovna Svetlova,undirected_or_unknown,0.65,unreviewed,cue+cooccurrence rule,4253,BK_P04253,machine-proposed,ROMANTIC
A_7f07303dacda,CHAR_002,Dmitri Fyodorovich Karamazov,FINANCIAL,CHAR_006,Agrafena Alexandrovna Svetlova,undirected_or_unknown,0.58,unreviewed,cue+cooccurrence rule,4253,BK_P04253,machine-proposed,FINANCIAL
A_6325e4b27752,CHAR_002,Dmitri Fyodorovich Karamazov,ROMANTIC,CHAR_004,Alexei Fyodorovich Karamazov,undirected_or_unknown,0.65,unreviewed,cue+cooccurrence rule,4254,BK_P04254,machine-proposed,ROMANTIC
A_10f5dc34a2ad,CHAR_002,Dmitri Fyodorovich Karamazov,ROMANTIC,CHAR_006,Agrafena Alexandrovna Svetlova,undirected_or_unknown,0.65,unreviewed,cue+cooccurrence rule,4254,BK_P04254,machine-proposed,ROMANTIC
A_18caf6c085ea,CHAR_004,Alexei Fyodorovich Karamazov,ROMANTIC,CHAR_006,Agrafena Alexandrovna Svetlova,undirected_or_unknown,0.65,unreviewed,cue+cooccurrence rule,4254,BK_P04254,machine-proposed,ROMANTIC
A_5a05310604d5,CHAR_004,Alexei Fyodorovich Karamazov,ROMANTIC,CHAR_007,Katerina Ivanovna Verkhovtseva,undirected_or_unknown,0.65,unreviewed,cue+cooccurrence rule,4260,BK_P04260,machine-proposed,ROMANTIC
A_fbc93cf7bff1,CHAR_002,Dmitri Fyodorovich Karamazov,FAMILY,CHAR_004,Alexei Fyodorovich Karamazov,undirected_or_unknown,0.72,unreviewed,cue+cooccurrence rule,4274,BK_P04274,machine-proposed,FAMILY
A_6aaa8ab34b4f,CHAR_002,Dmitri Fyodorovich Karamazov,FAMILY,CHAR_006,Agrafena Alexandrovna Svetlova,undirected_or_unknown,0.72,unreviewed,cue+cooccurrence rule,4274,BK_P04274,machine-proposed,FAMILY
A_e285175bb5a7,CHAR_004,Alexei Fyodorovich Karamazov,FAMILY,CHAR_006,Agrafena Alexandrovna Svetlova,undirected_or_unknown,0.72,unreviewed,cue+cooccurrence rule,4274,BK_P04274,machine-proposed,FAMILY
A_59831cbddf49,CHAR_003,Ivan Fyodorovich Karamazov,FAMILY,CHAR_004,Alexei Fyodorovich Karamazov,undirected_or_unknown,0.72,unreviewed,cue+cooccurrence rule,4276,BK_P04276,machine-proposed,FAMILY
A_b07df937dc67,CHAR_003,Ivan Fyodorovich Karamazov,FAMILY,CHAR_006,Agrafena Alexandrovna Svetlova,undirected_or_unknown,0.72,unreviewed,cue+cooccurrence rule,4276,BK_P04276,machine-proposed,FAMILY
A_06f6227c50d5,CHAR_004,Alexei Fyodorovich Karamazov,FAMILY,CHAR_006,Agrafena Alexandrovna Svetlova,undirected_or_unknown,0.72,unreviewed,cue+cooccurrence rule,4276,BK_P04276,machine-proposed,FAMILY
A_8e8d2537a066,CHAR_002,Dmitri Fyodorovich Karamazov,ROMANTIC,CHAR_003,Ivan Fyodorovich Karamazov,undirected_or_unknown,0.65,unreviewed,cue+cooccurrence rule,4289,BK_P04289,machine-proposed,ROMANTIC
A_6489c163dc31,CHAR_002,Dmitri Fyodorovich Karamazov,ROMANTIC,CHAR_004,Alexei Fyodorovich Karamazov,undirected_or_unknown,0.65,unreviewed,cue+cooccurrence rule,4289,BK_P04289,machine-proposed,ROMANTIC
A_47b09844ba69,CHAR_003,Ivan Fyodorovich Karamazov,ROMANTIC,CHAR_004,Alexei Fyodorovich Karamazov,undirected_or_unknown,0.65,unreviewed,cue+cooccurrence rule,4289,BK_P04289,machine-proposed,ROMANTIC
A_1effc9e0f73c,CHAR_003,Ivan Fyodorovich Karamazov,ROMANTIC,CHAR_007,Katerina Ivanovna Verkhovtseva,undirected_or_unknown,0.65,unreviewed,cue+cooccurrence rule,4290,BK_P04290,machine-proposed,ROMANTIC
A_2f8e3cd19236,CHAR_004,Alexei Fyodorovich Karamazov,FAMILY,CHAR_007,Katerina Ivanovna Verkhovtseva,undirected_or_unknown,0.72,unreviewed,cue+cooccurrence rule,4297,BK_P04297,machine-proposed,FAMILY
A_afaf51305e37,CHAR_004,Alexei Fyodorovich Karamazov,FAMILY,CHAR_008,Zosima,undirected_or_unknown,0.72,unreviewed,cue+cooccurrence rule,4297,BK_P04297,machine-proposed,FAMILY
A_54a732f0a5b4,CHAR_004,Alexei Fyodorovich Karamazov,FAMILY,CHAR_014,Lise Khokhlakov,undirected_or_unknown,0.72,unreviewed,cue+cooccurrence rule,4297,BK_P04297,machine-proposed,FAMILY
A_b66ac139fd31,CHAR_007,Katerina Ivanovna Verkhovtseva,FAMILY,CHAR_008,Zosima,undirected_or_unknown,0.72,unreviewed,cue+cooccurrence rule,4297,BK_P04297,machine-proposed,FAMILY
A_4a8487a26077,CHAR_007,Katerina Ivanovna Verkhovtseva,FAMILY,CHAR_014,Lise Khokhlakov,undirected_or_unknown,0.72,unreviewed,cue+cooccurrence rule,4297,BK_P04297,machine-proposed,FAMILY
A_6d792568d65f,CHAR_008,Zosima,FAMILY,CHAR_014,Lise Khokhlakov,undirected_or_unknown,0.72,unreviewed,cue+cooccurrence rule,4297,BK_P04297,machine-proposed,FAMILY
A_66507845c9b4,CHAR_004,Alexei Fyodorovich Karamazov,ROMANTIC,CHAR_007,Katerina Ivanovna Verkhovtseva,undirected_or_unknown,0.65,unreviewed,cue+cooccurrence rule,4297,BK_P04297,machine-proposed,ROMANTIC
A_2df181f8d1fb,CHAR_004,Alexei Fyodorovich Karamazov,ROMANTIC,CHAR_008,Zosima,undirected_or_unknown,0.65,unreviewed,cue+cooccurrence rule,4297,BK_P04297,machine-proposed,ROMANTIC
A_859fbae42bbe,CHAR_004,Alexei Fyodorovich Karamazov,ROMANTIC,CHAR_014,Lise Khokhlakov,undirected_or_unknown,0.65,unreviewed,cue+cooccurrence rule,4297,BK_P04297,machine-proposed,ROMANTIC
A_e4fb3ea4babc,CHAR_007,Katerina Ivanovna Verkhovtseva,ROMANTIC,CHAR_008,Zosima,undirected_or_unknown,0.65,unreviewed,cue+cooccurrence rule,4297,BK_P04297,machine-proposed,ROMANTIC
A_45941624a85e,CHAR_007,Katerina Ivanovna Verkhovtseva,ROMANTIC,CHAR_014,Lise Khokhlakov,undirected_or_unknown,0.65,unreviewed,cue+cooccurrence rule,4297,BK_P04297,machine-proposed,ROMANTIC
A_5526915b075e,CHAR_008,Zosima,ROMANTIC,CHAR_014,Lise Khokhlakov,undirected_or_unknown,0.65,unreviewed,cue+cooccurrence rule,4297,BK_P04297,machine-proposed,ROMANTIC
A_081635feb42a,CHAR_004,Alexei Fyodorovich Karamazov,SOCIAL,CHAR_007,Katerina Ivanovna Verkhovtseva,undirected_or_unknown,0.55,unreviewed,cue+cooccurrence rule,4297,BK_P04297,machine-proposed,SOCIAL
A_2ae965a45f6f,CHAR_004,Alexei Fyodorovich Karamazov,SOCIAL,CHAR_008,Zosima,undirected_or_unknown,0.55,unreviewed,cue+cooccurrence rule,4297,BK_P04297,machine-proposed,SOCIAL
A_d03a2b0e4029,CHAR_004,Alexei Fyodorovich Karamazov,SOCIAL,CHAR_014,Lise Khokhlakov,undirected_or_unknown,0.55,unreviewed,cue+cooccurrence rule,4297,BK_P04297,machine-proposed,SOCIAL
A_a06547010121,CHAR_007,Katerina Ivanovna Verkhovtseva,SOCIAL,CHAR_008,Zosima,undirected_or_unknown,0.55,unreviewed,cue+cooccurrence rule,4297,BK_P04297,machine-proposed,SOCIAL
A_02b368abbcaa,CHAR_007,Katerina Ivanovna Verkhovtseva,SOCIAL,CHAR_014,Lise Khokhlakov,undirected_or_unknown,0.55,unreviewed,cue+cooccurrence rule,4297,BK_P04297,machine-proposed,SOCIAL
A_5c7e14730aaf,CHAR_008,Zosima,SOCIAL,CHAR_014,Lise Khokhlakov,undirected_or_unknown,0.55,unreviewed,cue+cooccurrence rule,4297,BK_P04297,machine-proposed,SOCIAL
A_b487bd8c0304,CHAR_001,Fyodor Pavlovich Karamazov,FAMILY,CHAR_004,Alexei Fyodorovich Karamazov,undirected_or_unknown,0.72,unreviewed,cue+cooccurrence rule,4307,BK_P04307,machine-proposed,FAMILY
A_49977cec8c36,CHAR_001,Fyodor Pavlovich Karamazov,FAMILY,CHAR_008,Zosima,undirected_or_unknown,0.72,unreviewed,cue+cooccurrence rule,4307,BK_P04307,machine-proposed,FAMILY
A_01f6eab5cc9b,CHAR_001,Fyodor Pavlovich Karamazov,FAMILY,CHAR_013,Madame Khokhlakov,undirected_or_unknown,0.72,unreviewed,cue+cooccurrence rule,4307,BK_P04307,machine-proposed,FAMILY
A_a90029d456eb,CHAR_004,Alexei Fyodorovich Karamazov,FAMILY,CHAR_008,Zosima,undirected_or_unknown,0.72,unreviewed,cue+cooccurrence rule,4307,BK_P04307,machine-proposed,FAMILY
A_5bc58b9a6899,CHAR_004,Alexei Fyodorovich Karamazov,FAMILY,CHAR_013,Madame Khokhlakov,undirected_or_unknown,0.72,unreviewed,cue+cooccurrence rule,4307,BK_P04307,machine-proposed,FAMILY
A_e820004c6fc6,CHAR_008,Zosima,FAMILY,CHAR_013,Madame Khokhlakov,undirected_or_unknown,0.72,unreviewed,cue+cooccurrence rule,4307,BK_P04307,machine-proposed,FAMILY
A_af8beccf60f1,CHAR_004,Alexei Fyodorovich Karamazov,FAMILY,CHAR_008,Zosima,undirected_or_unknown,0.72,unreviewed,cue+cooccurrence rule,4314,BK_P04314,machine-proposed,FAMILY
A_1b8ec62a3439,CHAR_004,Alexei Fyodorovich Karamazov,FAMILY,CHAR_012,Pyotr Ilyich Perkhotin,undirected_or_unknown,0.72,unreviewed,cue+cooccurrence rule,4314,BK_P04314,machine-proposed,FAMILY
A_9e346d2898e4,CHAR_004,Alexei Fyodorovich Karamazov,FAMILY,CHAR_013,Madame Khokhlakov,undirected_or_unknown,0.72,unreviewed,cue+cooccurrence rule,4314,BK_P04314,machine-proposed,FAMILY
A_feecb376e235,CHAR_008,Zosima,FAMILY,CHAR_012,Pyotr Ilyich Perkhotin,undirected_or_unknown,0.72,unreviewed,cue+cooccurrence rule,4314,BK_P04314,machine-proposed,FAMILY
A_fc118bf902d9,CHAR_008,Zosima,FAMILY,CHAR_013,Madame Khokhlakov,undirected_or_unknown,0.72,unreviewed,cue+cooccurrence rule,4314,BK_P04314,machine-proposed,FAMILY
A_f2fbff2edd9c,CHAR_012,Pyotr Ilyich Perkhotin,FAMILY,CHAR_013,Madame Khokhlakov,undirected_or_unknown,0.72,unreviewed,cue+cooccurrence rule,4314,BK_P04314,machine-proposed,FAMILY
A_024fa815be87,CHAR_004,Alexei Fyodorovich Karamazov,ROMANTIC,CHAR_008,Zosima,undirected_or_unknown,0.65,unreviewed,cue+cooccurrence rule,4314,BK_P04314,machine-proposed,ROMANTIC
A_e1f98365f0eb,CHAR_004,Alexei Fyodorovich Karamazov,ROMANTIC,CHAR_012,Pyotr Ilyich Perkhotin,undirected_or_unknown,0.65,unreviewed,cue+cooccurrence rule,4314,BK_P04314,machine-proposed,ROMANTIC
A_8d581042e3c8,CHAR_004,Alexei Fyodorovich Karamazov,ROMANTIC,CHAR_013,Madame Khokhlakov,undirected_or_unknown,0.65,unreviewed,cue+cooccurrence rule,4314,BK_P04314,machine-proposed,ROMANTIC
A_1acc337adf5d,CHAR_008,Zosima,ROMANTIC,CHAR_012,Pyotr Ilyich Perkhotin,undirected_or_unknown,0.65,unreviewed,cue+cooccurrence rule,4314,BK_P04314,machine-proposed,ROMANTIC
A_a8d74dba8020,CHAR_008,Zosima,ROMANTIC,CHAR_013,Madame Khokhlakov,undirected_or_unknown,0.65,unreviewed,cue+cooccurrence rule,4314,BK_P04314,machine-proposed,ROMANTIC
A_8caa4bee7bb8,CHAR_012,Pyotr Ilyich Perkhotin,ROMANTIC,CHAR_013,Madame Khokhlakov,undirected_or_unknown,0.65,unreviewed,cue+cooccurrence rule,4314,BK_P04314,machine-proposed,ROMANTIC
A_84cbe282246b,CHAR_004,Alexei Fyodorovich Karamazov,SOCIAL,CHAR_008,Zosima,undirected_or_unknown,0.55,unreviewed,cue+cooccurrence rule,4314,BK_P04314,machine-proposed,SOCIAL
A_0718a616555e,CHAR_004,Alexei Fyodorovich Karamazov,SOCIAL,CHAR_012,Pyotr Ilyich Perkhotin,undirected_or_unknown,0.55,unreviewed,cue+cooccurrence rule,4314,BK_P04314,machine-proposed,SOCIAL
A_b293a08e6b50,CHAR_004,Alexei Fyodorovich Karamazov,SOCIAL,CHAR_013,Madame Khokhlakov,undirected_or_unknown,0.55,unreviewed,cue+cooccurrence rule,4314,BK_P04314,machine-proposed,SOCIAL
A_ac321da082d9,CHAR_008,Zosima,SOCIAL,CHAR_012,Pyotr Ilyich Perkhotin,undirected_or_unknown,0.55,unreviewed,cue+cooccurrence rule,4314,BK_P04314,machine-proposed,SOCIAL
A_67f1e72d6316,CHAR_008,Zosima,SOCIAL,CHAR_013,Madame Khokhlakov,undirected_or_unknown,0.55,unreviewed,cue+cooccurrence rule,4314,BK_P04314,machine-proposed,SOCIAL
A_8ed1a1cebe71,CHAR_012,Pyotr Ilyich Perkhotin,SOCIAL,CHAR_013,Madame Khokhlakov,undirected_or_unknown,0.55,unreviewed,cue+cooccurrence rule,4314,BK_P04314,machine-proposed,SOCIAL
A_44f56cbdedfd,CHAR_002,Dmitri Fyodorovich Karamazov,ROMANTIC,CHAR_007,Katerina Ivanovna Verkhovtseva,undirected_or_unknown,0.65,unreviewed,cue+cooccurrence rule,4321,BK_P04321,machine-proposed,ROMANTIC
A_33d60a60155c,CHAR_002,Dmitri Fyodorovich Karamazov,FINANCIAL,CHAR_007,Katerina Ivanovna Verkhovtseva,undirected_or_unknown,0.58,unreviewed,cue+cooccurrence rule,4321,BK_P04321,machine-proposed,FINANCIAL
A_03b84110576a,CHAR_002,Dmitri Fyodorovich Karamazov,FAMILY,CHAR_014,Lise Khokhlakov,undirected_or_unknown,0.72,unreviewed,cue+cooccurrence rule,4326,BK_P04326,machine-proposed,FAMILY
A_c65e7dbc346b,CHAR_003,Ivan Fyodorovich Karamazov,FAMILY,CHAR_004,Alexei Fyodorovich Karamazov,undirected_or_unknown,0.72,unreviewed,cue+cooccurrence rule,4328,BK_P04328,machine-proposed,FAMILY
A_8e33325dbe8a,CHAR_003,Ivan Fyodorovich Karamazov,FAMILY,CHAR_013,Madame Khokhlakov,undirected_or_unknown,0.72,unreviewed,cue+cooccurrence rule,4328,BK_P04328,machine-proposed,FAMILY
A_526b6f9e39cc,CHAR_003,Ivan Fyodorovich Karamazov,FAMILY,CHAR_014,Lise Khokhlakov,undirected_or_unknown,0.72,unreviewed,cue+cooccurrence rule,4328,BK_P04328,machine-proposed,FAMILY
A_56ef70524e8d,CHAR_004,Alexei Fyodorovich Karamazov,FAMILY,CHAR_013,Madame Khokhlakov,undirected_or_unknown,0.72,unreviewed,cue+cooccurrence rule,4328,BK_P04328,machine-proposed,FAMILY
A_d2caaefba3ba,CHAR_004,Alexei Fyodorovich Karamazov,FAMILY,CHAR_014,Lise Khokhlakov,undirected_or_unknown,0.72,unreviewed,cue+cooccurrence rule,4328,BK_P04328,machine-proposed,FAMILY
A_39165339eb78,CHAR_013,Madame Khokhlakov,FAMILY,CHAR_014,Lise Khokhlakov,undirected_or_unknown,0.72,unreviewed,cue+cooccurrence rule,4328,BK_P04328,machine-proposed,FAMILY
A_cdd82dd2311f,CHAR_003,Ivan Fyodorovich Karamazov,FAMILY,CHAR_004,Alexei Fyodorovich Karamazov,undirected_or_unknown,0.72,unreviewed,cue+cooccurrence rule,4330,BK_P04330,machine-proposed,FAMILY
A_b393dd6d9415,CHAR_003,Ivan Fyodorovich Karamazov,FAMILY,CHAR_007,Katerina Ivanovna Verkhovtseva,undirected_or_unknown,0.72,unreviewed,cue+cooccurrence rule,4330,BK_P04330,machine-proposed,FAMILY
A_7c2c182ba275,CHAR_003,Ivan Fyodorovich Karamazov,FAMILY,CHAR_012,Pyotr Ilyich Perkhotin,undirected_or_unknown,0.72,unreviewed,cue+cooccurrence rule,4330,BK_P04330,machine-proposed,FAMILY
A_5d5d4bf238bb,CHAR_003,Ivan Fyodorovich Karamazov,FAMILY,CHAR_013,Madame Khokhlakov,undirected_or_unknown,0.72,unreviewed,cue+cooccurrence rule,4330,BK_P04330,machine-proposed,FAMILY
A_c55d55356803,CHAR_003,Ivan Fyodorovich Karamazov,FAMILY,CHAR_014,Lise Khokhlakov,undirected_or_unknown,0.72,unreviewed,cue+cooccurrence rule,4330,BK_P04330,machine-proposed,FAMILY
A_da3dc22cbfda,CHAR_004,Alexei Fyodorovich Karamazov,FAMILY,CHAR_007,Katerina Ivanovna Verkhovtseva,undirected_or_unknown,0.72,unreviewed,cue+cooccurrence rule,4330,BK_P04330,machine-proposed,FAMILY
A_8fce84c008d5,CHAR_004,Alexei Fyodorovich Karamazov,FAMILY,CHAR_012,Pyotr Ilyich Perkhotin,undirected_or_unknown,0.72,unreviewed,cue+cooccurrence rule,4330,BK_P04330,machine-proposed,FAMILY
A_9e5d3348892c,CHAR_004,Alexei Fyodorovich Karamazov,FAMILY,CHAR_013,Madame Khokhlakov,undirected_or_unknown,0.72,unreviewed,cue+cooccurrence rule,4330,BK_P04330,machine-proposed,FAMILY
A_97360e3c5bd3,CHAR_004,Alexei Fyodorovich Karamazov,FAMILY,CHAR_014,Lise Khokhlakov,undirected_or_unknown,0.72,unreviewed,cue+cooccurrence rule,4330,BK_P04330,machine-proposed,FAMILY
A_45cb11399812,CHAR_007,Katerina Ivanovna Verkhovtseva,FAMILY,CHAR_012,Pyotr Ilyich Perkhotin,undirected_or_unknown,0.72,unreviewed,cue+cooccurrence rule,4330,BK_P04330,machine-proposed,FAMILY
A_09a81f572ae4,CHAR_007,Katerina Ivanovna Verkhovtseva,FAMILY,CHAR_013,Madame Khokhlakov,undirected_or_unknown,0.72,unreviewed,cue+cooccurrence rule,4330,BK_P04330,machine-proposed,FAMILY
A_85acd7580dbf,CHAR_007,Katerina Ivanovna Verkhovtseva,FAMILY,CHAR_014,Lise Khokhlakov,undirected_or_unknown,0.72,unreviewed,cue+cooccurrence rule,4330,BK_P04330,machine-proposed,FAMILY
A_29fb17423ca5,CHAR_012,Pyotr Ilyich Perkhotin,FAMILY,CHAR_013,Madame Khokhlakov,undirected_or_unknown,0.72,unreviewed,cue+cooccurrence rule,4330,BK_P04330,machine-proposed,FAMILY
A_f6322682a846,CHAR_012,Pyotr Ilyich Perkhotin,FAMILY,CHAR_014,Lise Khokhlakov,undirected_or_unknown,0.72,unreviewed,cue+cooccurrence rule,4330,BK_P04330,machine-proposed,FAMILY
A_3eee1f0c2035,CHAR_013,Madame Khokhlakov,FAMILY,CHAR_014,Lise Khokhlakov,undirected_or_unknown,0.72,unreviewed,cue+cooccurrence rule,4330,BK_P04330,machine-proposed,FAMILY
A_6240e0fe9198,CHAR_003,Ivan Fyodorovich Karamazov,CONFLICT,CHAR_004,Alexei Fyodorovich Karamazov,undirected_or_unknown,0.64,unreviewed,cue+cooccurrence rule,4330,BK_P04330,machine-proposed,CONFLICT
A_182a29067c3a,CHAR_003,Ivan Fyodorovich Karamazov,CONFLICT,CHAR_007,Katerina Ivanovna Verkhovtseva,undirected_or_unknown,0.64,unreviewed,cue+cooccurrence rule,4330,BK_P04330,machine-proposed,CONFLICT
A_26260c40c0ae,CHAR_003,Ivan Fyodorovich Karamazov,CONFLICT,CHAR_012,Pyotr Ilyich Perkhotin,undirected_or_unknown,0.64,unreviewed,cue+cooccurrence rule,4330,BK_P04330,machine-proposed,CONFLICT
A_e8af058c3fce,CHAR_003,Ivan Fyodorovich Karamazov,CONFLICT,CHAR_013,Madame Khokhlakov,undirected_or_unknown,0.64,unreviewed,cue+cooccurrence rule,4330,BK_P04330,machine-proposed,CONFLICT
A_e20d10c4adad,CHAR_003,Ivan Fyodorovich Karamazov,CONFLICT,CHAR_014,Lise Khokhlakov,undirected_or_unknown,0.64,unreviewed,cue+cooccurrence rule,4330,BK_P04330,machine-proposed,CONFLICT
A_7bd2fcec279a,CHAR_004,Alexei Fyodorovich Karamazov,CONFLICT,CHAR_007,Katerina Ivanovna Verkhovtseva,undirected_or_unknown,0.64,unreviewed,cue+cooccurrence rule,4330,BK_P04330,machine-proposed,CONFLICT
A_6ee7ca79467e,CHAR_004,Alexei Fyodorovich Karamazov,CONFLICT,CHAR_012,Pyotr Ilyich Perkhotin,undirected_or_unknown,0.64,unreviewed,cue+cooccurrence rule,4330,BK_P04330,machine-proposed,CONFLICT
A_6ea3d8279eb5,CHAR_004,Alexei Fyodorovich Karamazov,CONFLICT,CHAR_013,Madame Khokhlakov,undirected_or_unknown,0.64,unreviewed,cue+cooccurrence rule,4330,BK_P04330,machine-proposed,CONFLICT
A_16396b69c278,CHAR_004,Alexei Fyodorovich Karamazov,CONFLICT,CHAR_014,Lise Khokhlakov,undirected_or_unknown,0.64,unreviewed,cue+cooccurrence rule,4330,BK_P04330,machine-proposed,CONFLICT
A_a943d347dead,CHAR_007,Katerina Ivanovna Verkhovtseva,CONFLICT,CHAR_012,Pyotr Ilyich Perkhotin,undirected_or_unknown,0.64,unreviewed,cue+cooccurrence rule,4330,BK_P04330,machine-proposed,CONFLICT
A_cf252897d94c,CHAR_007,Katerina Ivanovna Verkhovtseva,CONFLICT,CHAR_013,Madame Khokhlakov,undirected_or_unknown,0.64,unreviewed,cue+cooccurrence rule,4330,BK_P04330,machine-proposed,CONFLICT
A_4973a560acdc,CHAR_007,Katerina Ivanovna Verkhovtseva,CONFLICT,CHAR_014,Lise Khokhlakov,undirected_or_unknown,0.64,unreviewed,cue+cooccurrence rule,4330,BK_P04330,machine-proposed,CONFLICT
A_863a7081ef4a,CHAR_012,Pyotr Ilyich Perkhotin,CONFLICT,CHAR_013,Madame Khokhlakov,undirected_or_unknown,0.64,unreviewed,cue+cooccurrence rule,4330,BK_P04330,machine-proposed,CONFLICT
A_03cb659bdb35,CHAR_012,Pyotr Ilyich Perkhotin,CONFLICT,CHAR_014,Lise Khokhlakov,undirected_or_unknown,0.64,unreviewed,cue+cooccurrence rule,4330,BK_P04330,machine-proposed,CONFLICT
A_61c3b4d4ff51,CHAR_013,Madame Khokhlakov,CONFLICT,CHAR_014,Lise Khokhlakov,undirected_or_unknown,0.64,unreviewed,cue+cooccurrence rule,4330,BK_P04330,machine-proposed,CONFLICT
A_e01e9207acc8,CHAR_003,Ivan Fyodorovich Karamazov,SOCIAL,CHAR_004,Alexei Fyodorovich Karamazov,undirected_or_unknown,0.55,unreviewed,cue+cooccurrence rule,4330,BK_P04330,machine-proposed,SOCIAL
A_90e85b825685,CHAR_003,Ivan Fyodorovich Karamazov,SOCIAL,CHAR_007,Katerina Ivanovna Verkhovtseva,undirected_or_unknown,0.55,unreviewed,cue+cooccurrence rule,4330,BK_P04330,machine-proposed,SOCIAL
A_baed4958334f,CHAR_003,Ivan Fyodorovich Karamazov,SOCIAL,CHAR_012,Pyotr Ilyich Perkhotin,undirected_or_unknown,0.55,unreviewed,cue+cooccurrence rule,4330,BK_P04330,machine-proposed,SOCIAL
A_d0254809c0a0,CHAR_003,Ivan Fyodorovich Karamazov,SOCIAL,CHAR_013,Madame Khokhlakov,undirected_or_unknown,0.55,unreviewed,cue+cooccurrence rule,4330,BK_P04330,machine-proposed,SOCIAL
A_d208a411c18e,CHAR_003,Ivan Fyodorovich Karamazov,SOCIAL,CHAR_014,Lise Khokhlakov,undirected_or_unknown,0.55,unreviewed,cue+cooccurrence rule,4330,BK_P04330,machine-proposed,SOCIAL
A_b00f24d4d44b,CHAR_004,Alexei Fyodorovich Karamazov,SOCIAL,CHAR_007,Katerina Ivanovna Verkhovtseva,undirected_or_unknown,0.55,unreviewed,cue+cooccurrence rule,4330,BK_P04330,machine-proposed,SOCIAL
A_3d5146efd678,CHAR_004,Alexei Fyodorovich Karamazov,SOCIAL,CHAR_012,Pyotr Ilyich Perkhotin,undirected_or_unknown,0.55,unreviewed,cue+cooccurrence rule,4330,BK_P04330,machine-proposed,SOCIAL
A_78d75ea7022c,CHAR_004,Alexei Fyodorovich Karamazov,SOCIAL,CHAR_013,Madame Khokhlakov,undirected_or_unknown,0.55,unreviewed,cue+cooccurrence rule,4330,BK_P04330,machine-proposed,SOCIAL
A_2b4e1ab59334,CHAR_004,Alexei Fyodorovich Karamazov,SOCIAL,CHAR_014,Lise Khokhlakov,undirected_or_unknown,0.55,unreviewed,cue+cooccurrence rule,4330,BK_P04330,machine-proposed,SOCIAL
A_8eeb0e9049a6,CHAR_007,Katerina Ivanovna Verkhovtseva,SOCIAL,CHAR_012,Pyotr Ilyich Perkhotin,undirected_or_unknown,0.55,unreviewed,cue+cooccurrence rule,4330,BK_P04330,machine-proposed,SOCIAL
A_3353c6ccfa71,CHAR_007,Katerina Ivanovna Verkhovtseva,SOCIAL,CHAR_013,Madame Khokhlakov,undirected_or_unknown,0.55,unreviewed,cue+cooccurrence rule,4330,BK_P04330,machine-proposed,SOCIAL
A_42812ee2cf94,CHAR_007,Katerina Ivanovna Verkhovtseva,SOCIAL,CHAR_014,Lise Khokhlakov,undirected_or_unknown,0.55,unreviewed,cue+cooccurrence rule,4330,BK_P04330,machine-proposed,SOCIAL
A_c5fb4e3c6d08,CHAR_012,Pyotr Ilyich Perkhotin,SOCIAL,CHAR_013,Madame Khokhlakov,undirected_or_unknown,0.55,unreviewed,cue+cooccurrence rule,4330,BK_P04330,machine-proposed,SOCIAL
A_6ac5d551d425,CHAR_012,Pyotr Ilyich Perkhotin,SOCIAL,CHAR_014,Lise Khokhlakov,undirected_or_unknown,0.55,unreviewed,cue+cooccurrence rule,4330,BK_P04330,machine-proposed,SOCIAL
A_ff2683e178b6,CHAR_013,Madame Khokhlakov,SOCIAL,CHAR_014,Lise Khokhlakov,undirected_or_unknown,0.55,unreviewed,cue+cooccurrence rule,4330,BK_P04330,machine-proposed,SOCIAL
A_10bd4da4e08d,CHAR_002,Dmitri Fyodorovich Karamazov,FAMILY,CHAR_004,Alexei Fyodorovich Karamazov,undirected_or_unknown,0.72,unreviewed,cue+cooccurrence rule,4346,BK_P04346,machine-proposed,FAMILY
A_724f088a2917,CHAR_002,Dmitri Fyodorovich Karamazov,ROMANTIC,CHAR_004,Alexei Fyodorovich Karamazov,undirected_or_unknown,0.65,unreviewed,cue+cooccurrence rule,4346,BK_P04346,machine-proposed,ROMANTIC
A_8c1521d98458,CHAR_004,Alexei Fyodorovich Karamazov,FAMILY,CHAR_014,Lise Khokhlakov,undirected_or_unknown,0.72,unreviewed,cue+cooccurrence rule,4389,BK_P04389,machine-proposed,FAMILY
A_2e94d64e0454,CHAR_002,Dmitri Fyodorovich Karamazov,SOCIAL,CHAR_003,Ivan Fyodorovich Karamazov,undirected_or_unknown,0.55,unreviewed,cue+cooccurrence rule,4418,BK_P04418,machine-proposed,SOCIAL
A_b52c4fa540b3,CHAR_002,Dmitri Fyodorovich Karamazov,SOCIAL,CHAR_004,Alexei Fyodorovich Karamazov,undirected_or_unknown,0.55,unreviewed,cue+cooccurrence rule,4418,BK_P04418,machine-proposed,SOCIAL
A_d186c1cd9191,CHAR_002,Dmitri Fyodorovich Karamazov,SOCIAL,CHAR_006,Agrafena Alexandrovna Svetlova,undirected_or_unknown,0.55,unreviewed,cue+cooccurrence rule,4418,BK_P04418,machine-proposed,SOCIAL
A_82c7a0b0e925,CHAR_003,Ivan Fyodorovich Karamazov,SOCIAL,CHAR_004,Alexei Fyodorovich Karamazov,undirected_or_unknown,0.55,unreviewed,cue+cooccurrence rule,4418,BK_P04418,machine-proposed,SOCIAL
A_a91abecea2ba,CHAR_003,Ivan Fyodorovich Karamazov,SOCIAL,CHAR_006,Agrafena Alexandrovna Svetlova,undirected_or_unknown,0.55,unreviewed,cue+cooccurrence rule,4418,BK_P04418,machine-proposed,SOCIAL
A_0d70b8f701e0,CHAR_004,Alexei Fyodorovich Karamazov,SOCIAL,CHAR_006,Agrafena Alexandrovna Svetlova,undirected_or_unknown,0.55,unreviewed,cue+cooccurrence rule,4418,BK_P04418,machine-proposed,SOCIAL
A_0d9f8d1de0e3,CHAR_002,Dmitri Fyodorovich Karamazov,FAMILY,CHAR_003,Ivan Fyodorovich Karamazov,undirected_or_unknown,0.72,unreviewed,cue+cooccurrence rule,4440,BK_P04440,machine-proposed,FAMILY
A_f060afc1f355,CHAR_012,Pyotr Ilyich Perkhotin,ROMANTIC,CHAR_013,Madame Khokhlakov,undirected_or_unknown,0.65,unreviewed,cue+cooccurrence rule,4453,BK_P04453,machine-proposed,ROMANTIC
A_33f63a3c7b3a,CHAR_003,Ivan Fyodorovich Karamazov,FAMILY,CHAR_004,Alexei Fyodorovich Karamazov,undirected_or_unknown,0.72,unreviewed,cue+cooccurrence rule,4467,BK_P04467,machine-proposed,FAMILY
A_aa1b75976a33,CHAR_002,Dmitri Fyodorovich Karamazov,FAMILY,CHAR_003,Ivan Fyodorovich Karamazov,undirected_or_unknown,0.72,unreviewed,cue+cooccurrence rule,4468,BK_P04468,machine-proposed,FAMILY
A_32cf55f74212,CHAR_002,Dmitri Fyodorovich Karamazov,FAMILY,CHAR_004,Alexei Fyodorovich Karamazov,undirected_or_unknown,0.72,unreviewed,cue+cooccurrence rule,4468,BK_P04468,machine-proposed,FAMILY
A_e619b1ada49a,CHAR_003,Ivan Fyodorovich Karamazov,FAMILY,CHAR_004,Alexei Fyodorovich Karamazov,undirected_or_unknown,0.72,unreviewed,cue+cooccurrence rule,4468,BK_P04468,machine-proposed,FAMILY
A_6e3d45b2f703,CHAR_003,Ivan Fyodorovich Karamazov,ROMANTIC,CHAR_004,Alexei Fyodorovich Karamazov,undirected_or_unknown,0.65,unreviewed,cue+cooccurrence rule,4469,BK_P04469,machine-proposed,ROMANTIC
A_c0433a27031a,CHAR_003,Ivan Fyodorovich Karamazov,CONFLICT,CHAR_004,Alexei Fyodorovich Karamazov,undirected_or_unknown,0.64,unreviewed,cue+cooccurrence rule,4469,BK_P04469,machine-proposed,CONFLICT
A_cc4b6eaea5db,CHAR_003,Ivan Fyodorovich Karamazov,FINANCIAL,CHAR_004,Alexei Fyodorovich Karamazov,undirected_or_unknown,0.58,unreviewed,cue+cooccurrence rule,4469,BK_P04469,machine-proposed,FINANCIAL
A_e5101f2c2df2,CHAR_002,Dmitri Fyodorovich Karamazov,CONFLICT,CHAR_004,Alexei Fyodorovich Karamazov,undirected_or_unknown,0.64,unreviewed,cue+cooccurrence rule,4475,BK_P04475,machine-proposed,CONFLICT
A_85b59c10b70b,CHAR_002,Dmitri Fyodorovich Karamazov,CONFLICT,CHAR_006,Agrafena Alexandrovna Svetlova,undirected_or_unknown,0.64,unreviewed,cue+cooccurrence rule,4475,BK_P04475,machine-proposed,CONFLICT
A_cc9d770dace9,CHAR_002,Dmitri Fyodorovich Karamazov,CONFLICT,CHAR_007,Katerina Ivanovna Verkhovtseva,undirected_or_unknown,0.64,unreviewed,cue+cooccurrence rule,4475,BK_P04475,machine-proposed,CONFLICT
A_fbeaef39e0c3,CHAR_004,Alexei Fyodorovich Karamazov,CONFLICT,CHAR_006,Agrafena Alexandrovna Svetlova,undirected_or_unknown,0.64,unreviewed,cue+cooccurrence rule,4475,BK_P04475,machine-proposed,CONFLICT
A_9475deac45f6,CHAR_004,Alexei Fyodorovich Karamazov,CONFLICT,CHAR_007,Katerina Ivanovna Verkhovtseva,undirected_or_unknown,0.64,unreviewed,cue+cooccurrence rule,4475,BK_P04475,machine-proposed,CONFLICT
A_ef26fef6aa14,CHAR_006,Agrafena Alexandrovna Svetlova,CONFLICT,CHAR_007,Katerina Ivanovna Verkhovtseva,undirected_or_unknown,0.64,unreviewed,cue+cooccurrence rule,4475,BK_P04475,machine-proposed,CONFLICT
A_6d4387aef0a1,CHAR_002,Dmitri Fyodorovich Karamazov,FAMILY,CHAR_004,Alexei Fyodorovich Karamazov,undirected_or_unknown,0.72,unreviewed,cue+cooccurrence rule,4480,BK_P04480,machine-proposed,FAMILY
A_eb910bee76a9,CHAR_002,Dmitri Fyodorovich Karamazov,FAMILY,CHAR_006,Agrafena Alexandrovna Svetlova,undirected_or_unknown,0.72,unreviewed,cue+cooccurrence rule,4480,BK_P04480,machine-proposed,FAMILY
A_3c0ef64d3c62,CHAR_004,Alexei Fyodorovich Karamazov,FAMILY,CHAR_006,Agrafena Alexandrovna Svetlova,undirected_or_unknown,0.72,unreviewed,cue+cooccurrence rule,4480,BK_P04480,machine-proposed,FAMILY
A_03d2e061a9b4,CHAR_002,Dmitri Fyodorovich Karamazov,ROMANTIC,CHAR_004,Alexei Fyodorovich Karamazov,undirected_or_unknown,0.65,unreviewed,cue+cooccurrence rule,4480,BK_P04480,machine-proposed,ROMANTIC
A_a2611c82694f,CHAR_002,Dmitri Fyodorovich Karamazov,ROMANTIC,CHAR_006,Agrafena Alexandrovna Svetlova,undirected_or_unknown,0.65,unreviewed,cue+cooccurrence rule,4480,BK_P04480,machine-proposed,ROMANTIC
A_4789fdb1347e,CHAR_004,Alexei Fyodorovich Karamazov,ROMANTIC,CHAR_006,Agrafena Alexandrovna Svetlova,undirected_or_unknown,0.65,unreviewed,cue+cooccurrence rule,4480,BK_P04480,machine-proposed,ROMANTIC
A_3c55e5183f87,CHAR_002,Dmitri Fyodorovich Karamazov,ROMANTIC,CHAR_003,Ivan Fyodorovich Karamazov,undirected_or_unknown,0.65,unreviewed,cue+cooccurrence rule,4486,BK_P04486,machine-proposed,ROMANTIC
A_25d0b9245ca7,CHAR_002,Dmitri Fyodorovich Karamazov,ROMANTIC,CHAR_004,Alexei Fyodorovich Karamazov,undirected_or_unknown,0.65,unreviewed,cue+cooccurrence rule,4486,BK_P04486,machine-proposed,ROMANTIC
A_e2ad1b387357,CHAR_002,Dmitri Fyodorovich Karamazov,ROMANTIC,CHAR_006,Agrafena Alexandrovna Svetlova,undirected_or_unknown,0.65,unreviewed,cue+cooccurrence rule,4486,BK_P04486,machine-proposed,ROMANTIC
A_f547d676f395,CHAR_003,Ivan Fyodorovich Karamazov,ROMANTIC,CHAR_004,Alexei Fyodorovich Karamazov,undirected_or_unknown,0.65,unreviewed,cue+cooccurrence rule,4486,BK_P04486,machine-proposed,ROMANTIC
A_650c6b1b95c3,CHAR_003,Ivan Fyodorovich Karamazov,ROMANTIC,CHAR_006,Agrafena Alexandrovna Svetlova,undirected_or_unknown,0.65,unreviewed,cue+cooccurrence rule,4486,BK_P04486,machine-proposed,ROMANTIC
A_03690e3241fa,CHAR_004,Alexei Fyodorovich Karamazov,ROMANTIC,CHAR_006,Agrafena Alexandrovna Svetlova,undirected_or_unknown,0.65,unreviewed,cue+cooccurrence rule,4486,BK_P04486,machine-proposed,ROMANTIC
A_ac87b3e5ec37,CHAR_002,Dmitri Fyodorovich Karamazov,FAMILY,CHAR_004,Alexei Fyodorovich Karamazov,undirected_or_unknown,0.72,unreviewed,cue+cooccurrence rule,4487,BK_P04487,machine-proposed,FAMILY
A_93ff4d7b6cc8,CHAR_002,Dmitri Fyodorovich Karamazov,ROMANTIC,CHAR_003,Ivan Fyodorovich Karamazov,undirected_or_unknown,0.65,unreviewed,cue+cooccurrence rule,4511,BK_P04511,machine-proposed,ROMANTIC
A_22a42ece6dd7,CHAR_002,Dmitri Fyodorovich Karamazov,FAMILY,CHAR_003,Ivan Fyodorovich Karamazov,undirected_or_unknown,0.72,unreviewed,cue+cooccurrence rule,4512,BK_P04512,machine-proposed,FAMILY
A_b4dc8c048dfe,CHAR_002,Dmitri Fyodorovich Karamazov,FAMILY,CHAR_004,Alexei Fyodorovich Karamazov,undirected_or_unknown,0.72,unreviewed,cue+cooccurrence rule,4512,BK_P04512,machine-proposed,FAMILY
A_317246438b0a,CHAR_003,Ivan Fyodorovich Karamazov,FAMILY,CHAR_004,Alexei Fyodorovich Karamazov,undirected_or_unknown,0.72,unreviewed,cue+cooccurrence rule,4512,BK_P04512,machine-proposed,FAMILY
A_89752382598f,CHAR_002,Dmitri Fyodorovich Karamazov,ROMANTIC,CHAR_003,Ivan Fyodorovich Karamazov,undirected_or_unknown,0.65,unreviewed,cue+cooccurrence rule,4512,BK_P04512,machine-proposed,ROMANTIC
A_219044e84c37,CHAR_002,Dmitri Fyodorovich Karamazov,ROMANTIC,CHAR_004,Alexei Fyodorovich Karamazov,undirected_or_unknown,0.65,unreviewed,cue+cooccurrence rule,4512,BK_P04512,machine-proposed,ROMANTIC
A_8dafd246700c,CHAR_003,Ivan Fyodorovich Karamazov,ROMANTIC,CHAR_004,Alexei Fyodorovich Karamazov,undirected_or_unknown,0.65,unreviewed,cue+cooccurrence rule,4512,BK_P04512,machine-proposed,ROMANTIC
A_b92f2935f3bf,CHAR_003,Ivan Fyodorovich Karamazov,FAMILY,CHAR_007,Katerina Ivanovna Verkhovtseva,undirected_or_unknown,0.72,unreviewed,cue+cooccurrence rule,4513,BK_P04513,machine-proposed,FAMILY
A_d53d8c07e89b,CHAR_003,Ivan Fyodorovich Karamazov,FAMILY,CHAR_004,Alexei Fyodorovich Karamazov,undirected_or_unknown,0.72,unreviewed,cue+cooccurrence rule,4533,BK_P04533,machine-proposed,FAMILY
A_62c4bd72e289,CHAR_003,Ivan Fyodorovich Karamazov,FAMILY,CHAR_005,Pavel Fyodorovich Smerdyakov,undirected_or_unknown,0.72,unreviewed,cue+cooccurrence rule,4533,BK_P04533,machine-proposed,FAMILY
A_cf9d4dad5d09,CHAR_004,Alexei Fyodorovich Karamazov,FAMILY,CHAR_005,Pavel Fyodorovich Smerdyakov,undirected_or_unknown,0.72,unreviewed,cue+cooccurrence rule,4533,BK_P04533,machine-proposed,FAMILY
A_fdd7a26650d6,CHAR_003,Ivan Fyodorovich Karamazov,FAMILY,CHAR_004,Alexei Fyodorovich Karamazov,undirected_or_unknown,0.72,unreviewed,cue+cooccurrence rule,4552,BK_P04552,machine-proposed,FAMILY
A_b0e052e86df2,CHAR_004,Alexei Fyodorovich Karamazov,FAMILY,CHAR_007,Katerina Ivanovna Verkhovtseva,undirected_or_unknown,0.72,unreviewed,cue+cooccurrence rule,4558,BK_P04558,machine-proposed,FAMILY
A_50323cb6eaee,CHAR_001,Fyodor Pavlovich Karamazov,FAMILY,CHAR_003,Ivan Fyodorovich Karamazov,undirected_or_unknown,0.72,unreviewed,cue+cooccurrence rule,4596,BK_P04596,machine-proposed,FAMILY
A_d730b83e0a8d,CHAR_001,Fyodor Pavlovich Karamazov,FAMILY,CHAR_005,Pavel Fyodorovich Smerdyakov,undirected_or_unknown,0.72,unreviewed,cue+cooccurrence rule,4596,BK_P04596,machine-proposed,FAMILY
A_ac61eabf9bc2,CHAR_003,Ivan Fyodorovich Karamazov,FAMILY,CHAR_005,Pavel Fyodorovich Smerdyakov,undirected_or_unknown,0.72,unreviewed,cue+cooccurrence rule,4596,BK_P04596,machine-proposed,FAMILY
A_0b3bb96dfbdf,CHAR_003,Ivan Fyodorovich Karamazov,SOCIAL,CHAR_005,Pavel Fyodorovich Smerdyakov,undirected_or_unknown,0.55,unreviewed,cue+cooccurrence rule,4598,BK_P04598,machine-proposed,SOCIAL
A_0d5499561cdd,CHAR_002,Dmitri Fyodorovich Karamazov,FAMILY,CHAR_003,Ivan Fyodorovich Karamazov,undirected_or_unknown,0.72,unreviewed,cue+cooccurrence rule,4599,BK_P04599,machine-proposed,FAMILY
A_8736b386956d,CHAR_002,Dmitri Fyodorovich Karamazov,FAMILY,CHAR_004,Alexei Fyodorovich Karamazov,undirected_or_unknown,0.72,unreviewed,cue+cooccurrence rule,4599,BK_P04599,machine-proposed,FAMILY
A_ebe9f5729d31,CHAR_002,Dmitri Fyodorovich Karamazov,FAMILY,CHAR_005,Pavel Fyodorovich Smerdyakov,undirected_or_unknown,0.72,unreviewed,cue+cooccurrence rule,4599,BK_P04599,machine-proposed,FAMILY
A_caf849e9117e,CHAR_002,Dmitri Fyodorovich Karamazov,FAMILY,CHAR_007,Katerina Ivanovna Verkhovtseva,undirected_or_unknown,0.72,unreviewed,cue+cooccurrence rule,4599,BK_P04599,machine-proposed,FAMILY
A_62613146367b,CHAR_003,Ivan Fyodorovich Karamazov,FAMILY,CHAR_004,Alexei Fyodorovich Karamazov,undirected_or_unknown,0.72,unreviewed,cue+cooccurrence rule,4599,BK_P04599,machine-proposed,FAMILY
A_ebb661b3d39f,CHAR_003,Ivan Fyodorovich Karamazov,FAMILY,CHAR_005,Pavel Fyodorovich Smerdyakov,undirected_or_unknown,0.72,unreviewed,cue+cooccurrence rule,4599,BK_P04599,machine-proposed,FAMILY
A_f1657a4e0ca9,CHAR_003,Ivan Fyodorovich Karamazov,FAMILY,CHAR_007,Katerina Ivanovna Verkhovtseva,undirected_or_unknown,0.72,unreviewed,cue+cooccurrence rule,4599,BK_P04599,machine-proposed,FAMILY
A_e4aceada8b29,CHAR_004,Alexei Fyodorovich Karamazov,FAMILY,CHAR_005,Pavel Fyodorovich Smerdyakov,undirected_or_unknown,0.72,unreviewed,cue+cooccurrence rule,4599,BK_P04599,machine-proposed,FAMILY
A_6f9972b0af5e,CHAR_004,Alexei Fyodorovich Karamazov,FAMILY,CHAR_007,Katerina Ivanovna Verkhovtseva,undirected_or_unknown,0.72,unreviewed,cue+cooccurrence rule,4599,BK_P04599,machine-proposed,FAMILY
A_ddb9d716a529,CHAR_005,Pavel Fyodorovich Smerdyakov,FAMILY,CHAR_007,Katerina Ivanovna Verkhovtseva,undirected_or_unknown,0.72,unreviewed,cue+cooccurrence rule,4599,BK_P04599,machine-proposed,FAMILY
A_caf7936e668e,CHAR_002,Dmitri Fyodorovich Karamazov,FAMILY,CHAR_003,Ivan Fyodorovich Karamazov,undirected_or_unknown,0.72,unreviewed,cue+cooccurrence rule,4600,BK_P04600,machine-proposed,FAMILY
A_655e7c195b31,CHAR_002,Dmitri Fyodorovich Karamazov,FAMILY,CHAR_005,Pavel Fyodorovich Smerdyakov,undirected_or_unknown,0.72,unreviewed,cue+cooccurrence rule,4600,BK_P04600,machine-proposed,FAMILY
A_54d67e209a39,CHAR_002,Dmitri Fyodorovich Karamazov,FAMILY,CHAR_007,Katerina Ivanovna Verkhovtseva,undirected_or_unknown,0.72,unreviewed,cue+cooccurrence rule,4600,BK_P04600,machine-proposed,FAMILY
A_2f3545059490,CHAR_003,Ivan Fyodorovich Karamazov,FAMILY,CHAR_005,Pavel Fyodorovich Smerdyakov,undirected_or_unknown,0.72,unreviewed,cue+cooccurrence rule,4600,BK_P04600,machine-proposed,FAMILY
A_aa20019bbf9e,CHAR_003,Ivan Fyodorovich Karamazov,FAMILY,CHAR_007,Katerina Ivanovna Verkhovtseva,undirected_or_unknown,0.72,unreviewed,cue+cooccurrence rule,4600,BK_P04600,machine-proposed,FAMILY
A_1453ecd91ab7,CHAR_005,Pavel Fyodorovich Smerdyakov,FAMILY,CHAR_007,Katerina Ivanovna Verkhovtseva,undirected_or_unknown,0.72,unreviewed,cue+cooccurrence rule,4600,BK_P04600,machine-proposed,FAMILY
A_1be7432e7862,CHAR_002,Dmitri Fyodorovich Karamazov,ROMANTIC,CHAR_003,Ivan Fyodorovich Karamazov,undirected_or_unknown,0.65,unreviewed,cue+cooccurrence rule,4600,BK_P04600,machine-proposed,ROMANTIC
A_1a12397c2ef5,CHAR_002,Dmitri Fyodorovich Karamazov,ROMANTIC,CHAR_005,Pavel Fyodorovich Smerdyakov,undirected_or_unknown,0.65,unreviewed,cue+cooccurrence rule,4600,BK_P04600,machine-proposed,ROMANTIC
A_6a6af6c398fe,CHAR_002,Dmitri Fyodorovich Karamazov,ROMANTIC,CHAR_007,Katerina Ivanovna Verkhovtseva,undirected_or_unknown,0.65,unreviewed,cue+cooccurrence rule,4600,BK_P04600,machine-proposed,ROMANTIC
A_e0fd532dfebf,CHAR_003,Ivan Fyodorovich Karamazov,ROMANTIC,CHAR_005,Pavel Fyodorovich Smerdyakov,undirected_or_unknown,0.65,unreviewed,cue+cooccurrence rule,4600,BK_P04600,machine-proposed,ROMANTIC
A_3ea5436545d8,CHAR_003,Ivan Fyodorovich Karamazov,ROMANTIC,CHAR_007,Katerina Ivanovna Verkhovtseva,undirected_or_unknown,0.65,unreviewed,cue+cooccurrence rule,4600,BK_P04600,machine-proposed,ROMANTIC
A_d050fedb61c8,CHAR_005,Pavel Fyodorovich Smerdyakov,ROMANTIC,CHAR_007,Katerina Ivanovna Verkhovtseva,undirected_or_unknown,0.65,unreviewed,cue+cooccurrence rule,4600,BK_P04600,machine-proposed,ROMANTIC
A_b6fd93bdfe46,CHAR_002,Dmitri Fyodorovich Karamazov,CONFLICT,CHAR_003,Ivan Fyodorovich Karamazov,undirected_or_unknown,0.64,unreviewed,cue+cooccurrence rule,4600,BK_P04600,machine-proposed,CONFLICT
A_b4ec6c0da74c,CHAR_002,Dmitri Fyodorovich Karamazov,CONFLICT,CHAR_005,Pavel Fyodorovich Smerdyakov,undirected_or_unknown,0.64,unreviewed,cue+cooccurrence rule,4600,BK_P04600,machine-proposed,CONFLICT
A_2d351f32aaf5,CHAR_002,Dmitri Fyodorovich Karamazov,CONFLICT,CHAR_007,Katerina Ivanovna Verkhovtseva,undirected_or_unknown,0.64,unreviewed,cue+cooccurrence rule,4600,BK_P04600,machine-proposed,CONFLICT
A_414c0d4bc84e,CHAR_003,Ivan Fyodorovich Karamazov,CONFLICT,CHAR_005,Pavel Fyodorovich Smerdyakov,undirected_or_unknown,0.64,unreviewed,cue+cooccurrence rule,4600,BK_P04600,machine-proposed,CONFLICT
A_a2432b633456,CHAR_003,Ivan Fyodorovich Karamazov,CONFLICT,CHAR_007,Katerina Ivanovna Verkhovtseva,undirected_or_unknown,0.64,unreviewed,cue+cooccurrence rule,4600,BK_P04600,machine-proposed,CONFLICT
A_246c4728b827,CHAR_005,Pavel Fyodorovich Smerdyakov,CONFLICT,CHAR_007,Katerina Ivanovna Verkhovtseva,undirected_or_unknown,0.64,unreviewed,cue+cooccurrence rule,4600,BK_P04600,machine-proposed,CONFLICT
A_e583926358f0,CHAR_003,Ivan Fyodorovich Karamazov,CONFLICT,CHAR_005,Pavel Fyodorovich Smerdyakov,undirected_or_unknown,0.64,unreviewed,cue+cooccurrence rule,4624,BK_P04624,machine-proposed,CONFLICT
A_0e3726c5eada,CHAR_002,Dmitri Fyodorovich Karamazov,FAMILY,CHAR_003,Ivan Fyodorovich Karamazov,undirected_or_unknown,0.72,unreviewed,cue+cooccurrence rule,4666,BK_P04666,machine-proposed,FAMILY
A_40c4fc8e6412,CHAR_002,Dmitri Fyodorovich Karamazov,FAMILY,CHAR_005,Pavel Fyodorovich Smerdyakov,undirected_or_unknown,0.72,unreviewed,cue+cooccurrence rule,4666,BK_P04666,machine-proposed,FAMILY
A_c10667f2b2da,CHAR_002,Dmitri Fyodorovich Karamazov,FAMILY,CHAR_012,Pyotr Ilyich Perkhotin,undirected_or_unknown,0.72,unreviewed,cue+cooccurrence rule,4666,BK_P04666,machine-proposed,FAMILY
A_23bcbf2fcde6,CHAR_003,Ivan Fyodorovich Karamazov,FAMILY,CHAR_005,Pavel Fyodorovich Smerdyakov,undirected_or_unknown,0.72,unreviewed,cue+cooccurrence rule,4666,BK_P04666,machine-proposed,FAMILY
A_71868c0093f7,CHAR_003,Ivan Fyodorovich Karamazov,FAMILY,CHAR_012,Pyotr Ilyich Perkhotin,undirected_or_unknown,0.72,unreviewed,cue+cooccurrence rule,4666,BK_P04666,machine-proposed,FAMILY
A_0755daffb2ee,CHAR_005,Pavel Fyodorovich Smerdyakov,FAMILY,CHAR_012,Pyotr Ilyich Perkhotin,undirected_or_unknown,0.72,unreviewed,cue+cooccurrence rule,4666,BK_P04666,machine-proposed,FAMILY
A_ac954838cf80,CHAR_001,Fyodor Pavlovich Karamazov,ROMANTIC,CHAR_002,Dmitri Fyodorovich Karamazov,undirected_or_unknown,0.65,unreviewed,cue+cooccurrence rule,4670,BK_P04670,machine-proposed,ROMANTIC
A_a08ee814e571,CHAR_001,Fyodor Pavlovich Karamazov,ROMANTIC,CHAR_003,Ivan Fyodorovich Karamazov,undirected_or_unknown,0.65,unreviewed,cue+cooccurrence rule,4670,BK_P04670,machine-proposed,ROMANTIC
A_99109c59f050,CHAR_001,Fyodor Pavlovich Karamazov,ROMANTIC,CHAR_004,Alexei Fyodorovich Karamazov,undirected_or_unknown,0.65,unreviewed,cue+cooccurrence rule,4670,BK_P04670,machine-proposed,ROMANTIC
A_911fe9b5e7e4,CHAR_001,Fyodor Pavlovich Karamazov,ROMANTIC,CHAR_007,Katerina Ivanovna Verkhovtseva,undirected_or_unknown,0.65,unreviewed,cue+cooccurrence rule,4670,BK_P04670,machine-proposed,ROMANTIC
A_d422c10f19bd,CHAR_002,Dmitri Fyodorovich Karamazov,ROMANTIC,CHAR_003,Ivan Fyodorovich Karamazov,undirected_or_unknown,0.65,unreviewed,cue+cooccurrence rule,4670,BK_P04670,machine-proposed,ROMANTIC
A_236eb4674fb0,CHAR_002,Dmitri Fyodorovich Karamazov,ROMANTIC,CHAR_004,Alexei Fyodorovich Karamazov,undirected_or_unknown,0.65,unreviewed,cue+cooccurrence rule,4670,BK_P04670,machine-proposed,ROMANTIC
A_f640728ab6c7,CHAR_002,Dmitri Fyodorovich Karamazov,ROMANTIC,CHAR_007,Katerina Ivanovna Verkhovtseva,undirected_or_unknown,0.65,unreviewed,cue+cooccurrence rule,4670,BK_P04670,machine-proposed,ROMANTIC
A_56049e45e218,CHAR_003,Ivan Fyodorovich Karamazov,ROMANTIC,CHAR_004,Alexei Fyodorovich Karamazov,undirected_or_unknown,0.65,unreviewed,cue+cooccurrence rule,4670,BK_P04670,machine-proposed,ROMANTIC
A_5130e7e8ab74,CHAR_003,Ivan Fyodorovich Karamazov,ROMANTIC,CHAR_007,Katerina Ivanovna Verkhovtseva,undirected_or_unknown,0.65,unreviewed,cue+cooccurrence rule,4670,BK_P04670,machine-proposed,ROMANTIC
A_dfef0498ca8f,CHAR_004,Alexei Fyodorovich Karamazov,ROMANTIC,CHAR_007,Katerina Ivanovna Verkhovtseva,undirected_or_unknown,0.65,unreviewed,cue+cooccurrence rule,4670,BK_P04670,machine-proposed,ROMANTIC
A_3a125ab57b26,CHAR_001,Fyodor Pavlovich Karamazov,CONFLICT,CHAR_002,Dmitri Fyodorovich Karamazov,undirected_or_unknown,0.64,unreviewed,cue+cooccurrence rule,4670,BK_P04670,machine-proposed,CONFLICT
A_a4e69f9eb95a,CHAR_001,Fyodor Pavlovich Karamazov,CONFLICT,CHAR_003,Ivan Fyodorovich Karamazov,undirected_or_unknown,0.64,unreviewed,cue+cooccurrence rule,4670,BK_P04670,machine-proposed,CONFLICT
A_ec2ffe826a30,CHAR_001,Fyodor Pavlovich Karamazov,CONFLICT,CHAR_004,Alexei Fyodorovich Karamazov,undirected_or_unknown,0.64,unreviewed,cue+cooccurrence rule,4670,BK_P04670,machine-proposed,CONFLICT
A_b253be21993d,CHAR_001,Fyodor Pavlovich Karamazov,CONFLICT,CHAR_007,Katerina Ivanovna Verkhovtseva,undirected_or_unknown,0.64,unreviewed,cue+cooccurrence rule,4670,BK_P04670,machine-proposed,CONFLICT
A_73a51ac1e65c,CHAR_002,Dmitri Fyodorovich Karamazov,CONFLICT,CHAR_003,Ivan Fyodorovich Karamazov,undirected_or_unknown,0.64,unreviewed,cue+cooccurrence rule,4670,BK_P04670,machine-proposed,CONFLICT
A_3043026d2093,CHAR_002,Dmitri Fyodorovich Karamazov,CONFLICT,CHAR_004,Alexei Fyodorovich Karamazov,undirected_or_unknown,0.64,unreviewed,cue+cooccurrence rule,4670,BK_P04670,machine-proposed,CONFLICT
A_9fabfcccafb6,CHAR_002,Dmitri Fyodorovich Karamazov,CONFLICT,CHAR_007,Katerina Ivanovna Verkhovtseva,undirected_or_unknown,0.64,unreviewed,cue+cooccurrence rule,4670,BK_P04670,machine-proposed,CONFLICT
A_fc3cfc20247e,CHAR_003,Ivan Fyodorovich Karamazov,CONFLICT,CHAR_004,Alexei Fyodorovich Karamazov,undirected_or_unknown,0.64,unreviewed,cue+cooccurrence rule,4670,BK_P04670,machine-proposed,CONFLICT
A_2a3e914380fa,CHAR_003,Ivan Fyodorovich Karamazov,CONFLICT,CHAR_007,Katerina Ivanovna Verkhovtseva,undirected_or_unknown,0.64,unreviewed,cue+cooccurrence rule,4670,BK_P04670,machine-proposed,CONFLICT
A_9770b82223e6,CHAR_004,Alexei Fyodorovich Karamazov,CONFLICT,CHAR_007,Katerina Ivanovna Verkhovtseva,undirected_or_unknown,0.64,unreviewed,cue+cooccurrence rule,4670,BK_P04670,machine-proposed,CONFLICT
A_cbcdf0fb3fd8,CHAR_001,Fyodor Pavlovich Karamazov,FAMILY,CHAR_004,Alexei Fyodorovich Karamazov,undirected_or_unknown,0.72,unreviewed,cue+cooccurrence rule,4671,BK_P04671,machine-proposed,FAMILY
A_cccde1c07cb7,CHAR_001,Fyodor Pavlovich Karamazov,FAMILY,CHAR_005,Pavel Fyodorovich Smerdyakov,undirected_or_unknown,0.72,unreviewed,cue+cooccurrence rule,4671,BK_P04671,machine-proposed,FAMILY
A_a3b106922323,CHAR_001,Fyodor Pavlovich Karamazov,FAMILY,CHAR_007,Katerina Ivanovna Verkhovtseva,undirected_or_unknown,0.72,unreviewed,cue+cooccurrence rule,4671,BK_P04671,machine-proposed,FAMILY
A_8d32b12740b5,CHAR_004,Alexei Fyodorovich Karamazov,FAMILY,CHAR_005,Pavel Fyodorovich Smerdyakov,undirected_or_unknown,0.72,unreviewed,cue+cooccurrence rule,4671,BK_P04671,machine-proposed,FAMILY
A_0390838e78ee,CHAR_004,Alexei Fyodorovich Karamazov,FAMILY,CHAR_007,Katerina Ivanovna Verkhovtseva,undirected_or_unknown,0.72,unreviewed,cue+cooccurrence rule,4671,BK_P04671,machine-proposed,FAMILY
A_6da462894e60,CHAR_005,Pavel Fyodorovich Smerdyakov,FAMILY,CHAR_007,Katerina Ivanovna Verkhovtseva,undirected_or_unknown,0.72,unreviewed,cue+cooccurrence rule,4671,BK_P04671,machine-proposed,FAMILY
A_d58a38775607,CHAR_001,Fyodor Pavlovich Karamazov,SOCIAL,CHAR_004,Alexei Fyodorovich Karamazov,undirected_or_unknown,0.55,unreviewed,cue+cooccurrence rule,4671,BK_P04671,machine-proposed,SOCIAL
A_ed6430aed07c,CHAR_001,Fyodor Pavlovich Karamazov,SOCIAL,CHAR_005,Pavel Fyodorovich Smerdyakov,undirected_or_unknown,0.55,unreviewed,cue+cooccurrence rule,4671,BK_P04671,machine-proposed,SOCIAL
A_5cfa63dbbe38,CHAR_001,Fyodor Pavlovich Karamazov,SOCIAL,CHAR_007,Katerina Ivanovna Verkhovtseva,undirected_or_unknown,0.55,unreviewed,cue+cooccurrence rule,4671,BK_P04671,machine-proposed,SOCIAL
A_355d2b9afabc,CHAR_004,Alexei Fyodorovich Karamazov,SOCIAL,CHAR_005,Pavel Fyodorovich Smerdyakov,undirected_or_unknown,0.55,unreviewed,cue+cooccurrence rule,4671,BK_P04671,machine-proposed,SOCIAL
A_b70aec3474c7,CHAR_004,Alexei Fyodorovich Karamazov,SOCIAL,CHAR_007,Katerina Ivanovna Verkhovtseva,undirected_or_unknown,0.55,unreviewed,cue+cooccurrence rule,4671,BK_P04671,machine-proposed,SOCIAL
A_98ada25822b9,CHAR_005,Pavel Fyodorovich Smerdyakov,SOCIAL,CHAR_007,Katerina Ivanovna Verkhovtseva,undirected_or_unknown,0.55,unreviewed,cue+cooccurrence rule,4671,BK_P04671,machine-proposed,SOCIAL
A_0b1df11fa70b,CHAR_003,Ivan Fyodorovich Karamazov,FAMILY,CHAR_005,Pavel Fyodorovich Smerdyakov,undirected_or_unknown,0.72,unreviewed,cue+cooccurrence rule,4681,BK_P04681,machine-proposed,FAMILY
A_8e6085fc750a,CHAR_003,Ivan Fyodorovich Karamazov,SOCIAL,CHAR_005,Pavel Fyodorovich Smerdyakov,undirected_or_unknown,0.55,unreviewed,cue+cooccurrence rule,4681,BK_P04681,machine-proposed,SOCIAL
A_4f3c0fa7b1cb,CHAR_001,Fyodor Pavlovich Karamazov,FAMILY,CHAR_005,Pavel Fyodorovich Smerdyakov,undirected_or_unknown,0.72,unreviewed,cue+cooccurrence rule,4717,BK_P04717,machine-proposed,FAMILY
A_a5c224a7341f,CHAR_001,Fyodor Pavlovich Karamazov,FAMILY,CHAR_006,Agrafena Alexandrovna Svetlova,undirected_or_unknown,0.72,unreviewed,cue+cooccurrence rule,4717,BK_P04717,machine-proposed,FAMILY
A_797298fb637d,CHAR_005,Pavel Fyodorovich Smerdyakov,FAMILY,CHAR_006,Agrafena Alexandrovna Svetlova,undirected_or_unknown,0.72,unreviewed,cue+cooccurrence rule,4717,BK_P04717,machine-proposed,FAMILY
A_757f5b661c41,CHAR_001,Fyodor Pavlovich Karamazov,ROMANTIC,CHAR_005,Pavel Fyodorovich Smerdyakov,undirected_or_unknown,0.65,unreviewed,cue+cooccurrence rule,4717,BK_P04717,machine-proposed,ROMANTIC
A_086ce956bdaf,CHAR_001,Fyodor Pavlovich Karamazov,ROMANTIC,CHAR_006,Agrafena Alexandrovna Svetlova,undirected_or_unknown,0.65,unreviewed,cue+cooccurrence rule,4717,BK_P04717,machine-proposed,ROMANTIC
A_658b5c933b9e,CHAR_005,Pavel Fyodorovich Smerdyakov,ROMANTIC,CHAR_006,Agrafena Alexandrovna Svetlova,undirected_or_unknown,0.65,unreviewed,cue+cooccurrence rule,4717,BK_P04717,machine-proposed,ROMANTIC
A_3a2e45cd9b7b,CHAR_001,Fyodor Pavlovich Karamazov,FINANCIAL,CHAR_005,Pavel Fyodorovich Smerdyakov,undirected_or_unknown,0.58,unreviewed,cue+cooccurrence rule,4717,BK_P04717,machine-proposed,FINANCIAL
A_79187e4ca98c,CHAR_001,Fyodor Pavlovich Karamazov,FINANCIAL,CHAR_006,Agrafena Alexandrovna Svetlova,undirected_or_unknown,0.58,unreviewed,cue+cooccurrence rule,4717,BK_P04717,machine-proposed,FINANCIAL
A_58f5310326de,CHAR_005,Pavel Fyodorovich Smerdyakov,FINANCIAL,CHAR_006,Agrafena Alexandrovna Svetlova,undirected_or_unknown,0.58,unreviewed,cue+cooccurrence rule,4717,BK_P04717,machine-proposed,FINANCIAL
A_418daaf8c6f4,CHAR_002,Dmitri Fyodorovich Karamazov,FAMILY,CHAR_004,Alexei Fyodorovich Karamazov,undirected_or_unknown,0.72,unreviewed,cue+cooccurrence rule,4720,BK_P04720,machine-proposed,FAMILY
A_3edd6f928d47,CHAR_002,Dmitri Fyodorovich Karamazov,FINANCIAL,CHAR_004,Alexei Fyodorovich Karamazov,undirected_or_unknown,0.58,unreviewed,cue+cooccurrence rule,4720,BK_P04720,machine-proposed,FINANCIAL
A_52dc42f12f83,CHAR_003,Ivan Fyodorovich Karamazov,FAMILY,CHAR_005,Pavel Fyodorovich Smerdyakov,undirected_or_unknown,0.72,unreviewed,cue+cooccurrence rule,4739,BK_P04739,machine-proposed,FAMILY
A_84b5ea2c8c84,CHAR_003,Ivan Fyodorovich Karamazov,CONFLICT,CHAR_005,Pavel Fyodorovich Smerdyakov,undirected_or_unknown,0.64,unreviewed,cue+cooccurrence rule,4739,BK_P04739,machine-proposed,CONFLICT
A_bcfc6c9f2d48,CHAR_002,Dmitri Fyodorovich Karamazov,FAMILY,CHAR_003,Ivan Fyodorovich Karamazov,undirected_or_unknown,0.72,unreviewed,cue+cooccurrence rule,4741,BK_P04741,machine-proposed,FAMILY
A_990ea2d042be,CHAR_002,Dmitri Fyodorovich Karamazov,FAMILY,CHAR_004,Alexei Fyodorovich Karamazov,undirected_or_unknown,0.72,unreviewed,cue+cooccurrence rule,4741,BK_P04741,machine-proposed,FAMILY
A_e39d311e4b76,CHAR_002,Dmitri Fyodorovich Karamazov,FAMILY,CHAR_006,Agrafena Alexandrovna Svetlova,undirected_or_unknown,0.72,unreviewed,cue+cooccurrence rule,4741,BK_P04741,machine-proposed,FAMILY
A_f4ea24cff97c,CHAR_002,Dmitri Fyodorovich Karamazov,FAMILY,CHAR_007,Katerina Ivanovna Verkhovtseva,undirected_or_unknown,0.72,unreviewed,cue+cooccurrence rule,4741,BK_P04741,machine-proposed,FAMILY
A_fdc4df88f890,CHAR_003,Ivan Fyodorovich Karamazov,FAMILY,CHAR_004,Alexei Fyodorovich Karamazov,undirected_or_unknown,0.72,unreviewed,cue+cooccurrence rule,4741,BK_P04741,machine-proposed,FAMILY
A_42b8be117ddc,CHAR_003,Ivan Fyodorovich Karamazov,FAMILY,CHAR_006,Agrafena Alexandrovna Svetlova,undirected_or_unknown,0.72,unreviewed,cue+cooccurrence rule,4741,BK_P04741,machine-proposed,FAMILY
A_007ef24dd8bb,CHAR_003,Ivan Fyodorovich Karamazov,FAMILY,CHAR_007,Katerina Ivanovna Verkhovtseva,undirected_or_unknown,0.72,unreviewed,cue+cooccurrence rule,4741,BK_P04741,machine-proposed,FAMILY
A_d2686728cdbe,CHAR_004,Alexei Fyodorovich Karamazov,FAMILY,CHAR_006,Agrafena Alexandrovna Svetlova,undirected_or_unknown,0.72,unreviewed,cue+cooccurrence rule,4741,BK_P04741,machine-proposed,FAMILY
A_13fe7b519c90,CHAR_004,Alexei Fyodorovich Karamazov,FAMILY,CHAR_007,Katerina Ivanovna Verkhovtseva,undirected_or_unknown,0.72,unreviewed,cue+cooccurrence rule,4741,BK_P04741,machine-proposed,FAMILY
A_007f5405ce0c,CHAR_006,Agrafena Alexandrovna Svetlova,FAMILY,CHAR_007,Katerina Ivanovna Verkhovtseva,undirected_or_unknown,0.72,unreviewed,cue+cooccurrence rule,4741,BK_P04741,machine-proposed,FAMILY
A_fdda213a7b7e,CHAR_002,Dmitri Fyodorovich Karamazov,FAMILY,CHAR_003,Ivan Fyodorovich Karamazov,undirected_or_unknown,0.72,unreviewed,cue+cooccurrence rule,4742,BK_P04742,machine-proposed,FAMILY
A_278e415395f3,CHAR_002,Dmitri Fyodorovich Karamazov,FAMILY,CHAR_007,Katerina Ivanovna Verkhovtseva,undirected_or_unknown,0.72,unreviewed,cue+cooccurrence rule,4742,BK_P04742,machine-proposed,FAMILY
A_b8c506cd4bd2,CHAR_003,Ivan Fyodorovich Karamazov,FAMILY,CHAR_007,Katerina Ivanovna Verkhovtseva,undirected_or_unknown,0.72,unreviewed,cue+cooccurrence rule,4742,BK_P04742,machine-proposed,FAMILY
A_c68b46abf051,CHAR_002,Dmitri Fyodorovich Karamazov,ROMANTIC,CHAR_003,Ivan Fyodorovich Karamazov,undirected_or_unknown,0.65,unreviewed,cue+cooccurrence rule,4742,BK_P04742,machine-proposed,ROMANTIC
A_626c0de89b65,CHAR_002,Dmitri Fyodorovich Karamazov,ROMANTIC,CHAR_007,Katerina Ivanovna Verkhovtseva,undirected_or_unknown,0.65,unreviewed,cue+cooccurrence rule,4742,BK_P04742,machine-proposed,ROMANTIC
A_2bdf52087352,CHAR_003,Ivan Fyodorovich Karamazov,ROMANTIC,CHAR_007,Katerina Ivanovna Verkhovtseva,undirected_or_unknown,0.65,unreviewed,cue+cooccurrence rule,4742,BK_P04742,machine-proposed,ROMANTIC
A_0437bde6fea0,CHAR_002,Dmitri Fyodorovich Karamazov,FINANCIAL,CHAR_003,Ivan Fyodorovich Karamazov,undirected_or_unknown,0.58,unreviewed,cue+cooccurrence rule,4742,BK_P04742,machine-proposed,FINANCIAL
A_6b2587aa911a,CHAR_002,Dmitri Fyodorovich Karamazov,FINANCIAL,CHAR_007,Katerina Ivanovna Verkhovtseva,undirected_or_unknown,0.58,unreviewed,cue+cooccurrence rule,4742,BK_P04742,machine-proposed,FINANCIAL
A_c6ee00febd99,CHAR_003,Ivan Fyodorovich Karamazov,FINANCIAL,CHAR_007,Katerina Ivanovna Verkhovtseva,undirected_or_unknown,0.58,unreviewed,cue+cooccurrence rule,4742,BK_P04742,machine-proposed,FINANCIAL
A_639466eadfbd,CHAR_002,Dmitri Fyodorovich Karamazov,FAMILY,CHAR_003,Ivan Fyodorovich Karamazov,undirected_or_unknown,0.72,unreviewed,cue+cooccurrence rule,4744,BK_P04744,machine-proposed,FAMILY
A_1a75effa8005,CHAR_002,Dmitri Fyodorovich Karamazov,FAMILY,CHAR_005,Pavel Fyodorovich Smerdyakov,undirected_or_unknown,0.72,unreviewed,cue+cooccurrence rule,4744,BK_P04744,machine-proposed,FAMILY
A_587fb23e906f,CHAR_003,Ivan Fyodorovich Karamazov,FAMILY,CHAR_005,Pavel Fyodorovich Smerdyakov,undirected_or_unknown,0.72,unreviewed,cue+cooccurrence rule,4744,BK_P04744,machine-proposed,FAMILY
A_ec213d74c20b,CHAR_002,Dmitri Fyodorovich Karamazov,ROMANTIC,CHAR_003,Ivan Fyodorovich Karamazov,undirected_or_unknown,0.65,unreviewed,cue+cooccurrence rule,4745,BK_P04745,machine-proposed,ROMANTIC
A_e68f9e716ce6,CHAR_002,Dmitri Fyodorovich Karamazov,ROMANTIC,CHAR_004,Alexei Fyodorovich Karamazov,undirected_or_unknown,0.65,unreviewed,cue+cooccurrence rule,4745,BK_P04745,machine-proposed,ROMANTIC
A_bae3981551e1,CHAR_002,Dmitri Fyodorovich Karamazov,ROMANTIC,CHAR_007,Katerina Ivanovna Verkhovtseva,undirected_or_unknown,0.65,unreviewed,cue+cooccurrence rule,4745,BK_P04745,machine-proposed,ROMANTIC
A_85a167769643,CHAR_003,Ivan Fyodorovich Karamazov,ROMANTIC,CHAR_004,Alexei Fyodorovich Karamazov,undirected_or_unknown,0.65,unreviewed,cue+cooccurrence rule,4745,BK_P04745,machine-proposed,ROMANTIC
A_90129171d4a6,CHAR_003,Ivan Fyodorovich Karamazov,ROMANTIC,CHAR_007,Katerina Ivanovna Verkhovtseva,undirected_or_unknown,0.65,unreviewed,cue+cooccurrence rule,4745,BK_P04745,machine-proposed,ROMANTIC
A_8278a6d6681f,CHAR_004,Alexei Fyodorovich Karamazov,ROMANTIC,CHAR_007,Katerina Ivanovna Verkhovtseva,undirected_or_unknown,0.65,unreviewed,cue+cooccurrence rule,4745,BK_P04745,machine-proposed,ROMANTIC
A_eb68b430b8b5,CHAR_002,Dmitri Fyodorovich Karamazov,CONFLICT,CHAR_003,Ivan Fyodorovich Karamazov,undirected_or_unknown,0.64,unreviewed,cue+cooccurrence rule,4745,BK_P04745,machine-proposed,CONFLICT
A_ea2101e91b05,CHAR_002,Dmitri Fyodorovich Karamazov,CONFLICT,CHAR_004,Alexei Fyodorovich Karamazov,undirected_or_unknown,0.64,unreviewed,cue+cooccurrence rule,4745,BK_P04745,machine-proposed,CONFLICT
A_4858c546d4cf,CHAR_002,Dmitri Fyodorovich Karamazov,CONFLICT,CHAR_007,Katerina Ivanovna Verkhovtseva,undirected_or_unknown,0.64,unreviewed,cue+cooccurrence rule,4745,BK_P04745,machine-proposed,CONFLICT
A_f9e0cfe82c7b,CHAR_003,Ivan Fyodorovich Karamazov,CONFLICT,CHAR_004,Alexei Fyodorovich Karamazov,undirected_or_unknown,0.64,unreviewed,cue+cooccurrence rule,4745,BK_P04745,machine-proposed,CONFLICT
A_cc8eb3d06e21,CHAR_003,Ivan Fyodorovich Karamazov,CONFLICT,CHAR_007,Katerina Ivanovna Verkhovtseva,undirected_or_unknown,0.64,unreviewed,cue+cooccurrence rule,4745,BK_P04745,machine-proposed,CONFLICT
A_b2d345c263c8,CHAR_004,Alexei Fyodorovich Karamazov,CONFLICT,CHAR_007,Katerina Ivanovna Verkhovtseva,undirected_or_unknown,0.64,unreviewed,cue+cooccurrence rule,4745,BK_P04745,machine-proposed,CONFLICT
A_c1bb8eb284bb,CHAR_002,Dmitri Fyodorovich Karamazov,FAMILY,CHAR_003,Ivan Fyodorovich Karamazov,undirected_or_unknown,0.72,unreviewed,cue+cooccurrence rule,4746,BK_P04746,machine-proposed,FAMILY
A_a6e120f41372,CHAR_002,Dmitri Fyodorovich Karamazov,FAMILY,CHAR_004,Alexei Fyodorovich Karamazov,undirected_or_unknown,0.72,unreviewed,cue+cooccurrence rule,4746,BK_P04746,machine-proposed,FAMILY
A_1e7e07315a75,CHAR_002,Dmitri Fyodorovich Karamazov,FAMILY,CHAR_005,Pavel Fyodorovich Smerdyakov,undirected_or_unknown,0.72,unreviewed,cue+cooccurrence rule,4746,BK_P04746,machine-proposed,FAMILY
A_04c14890dccf,CHAR_003,Ivan Fyodorovich Karamazov,FAMILY,CHAR_004,Alexei Fyodorovich Karamazov,undirected_or_unknown,0.72,unreviewed,cue+cooccurrence rule,4746,BK_P04746,machine-proposed,FAMILY
A_a9611a79af2b,CHAR_003,Ivan Fyodorovich Karamazov,FAMILY,CHAR_005,Pavel Fyodorovich Smerdyakov,undirected_or_unknown,0.72,unreviewed,cue+cooccurrence rule,4746,BK_P04746,machine-proposed,FAMILY
A_ff06f37a1c53,CHAR_004,Alexei Fyodorovich Karamazov,FAMILY,CHAR_005,Pavel Fyodorovich Smerdyakov,undirected_or_unknown,0.72,unreviewed,cue+cooccurrence rule,4746,BK_P04746,machine-proposed,FAMILY
A_74711a82efa0,CHAR_002,Dmitri Fyodorovich Karamazov,FINANCIAL,CHAR_003,Ivan Fyodorovich Karamazov,undirected_or_unknown,0.58,unreviewed,cue+cooccurrence rule,4746,BK_P04746,machine-proposed,FINANCIAL
A_8e31b8646025,CHAR_002,Dmitri Fyodorovich Karamazov,FINANCIAL,CHAR_004,Alexei Fyodorovich Karamazov,undirected_or_unknown,0.58,unreviewed,cue+cooccurrence rule,4746,BK_P04746,machine-proposed,FINANCIAL
A_835950106863,CHAR_002,Dmitri Fyodorovich Karamazov,FINANCIAL,CHAR_005,Pavel Fyodorovich Smerdyakov,undirected_or_unknown,0.58,unreviewed,cue+cooccurrence rule,4746,BK_P04746,machine-proposed,FINANCIAL
A_372001dc15f7,CHAR_003,Ivan Fyodorovich Karamazov,FINANCIAL,CHAR_004,Alexei Fyodorovich Karamazov,undirected_or_unknown,0.58,unreviewed,cue+cooccurrence rule,4746,BK_P04746,machine-proposed,FINANCIAL
A_6a3ec29f508a,CHAR_003,Ivan Fyodorovich Karamazov,FINANCIAL,CHAR_005,Pavel Fyodorovich Smerdyakov,undirected_or_unknown,0.58,unreviewed,cue+cooccurrence rule,4746,BK_P04746,machine-proposed,FINANCIAL
A_0858a86f2439,CHAR_004,Alexei Fyodorovich Karamazov,FINANCIAL,CHAR_005,Pavel Fyodorovich Smerdyakov,undirected_or_unknown,0.58,unreviewed,cue+cooccurrence rule,4746,BK_P04746,machine-proposed,FINANCIAL
A_21e0ccfd1427,CHAR_002,Dmitri Fyodorovich Karamazov,FAMILY,CHAR_003,Ivan Fyodorovich Karamazov,undirected_or_unknown,0.72,unreviewed,cue+cooccurrence rule,4747,BK_P04747,machine-proposed,FAMILY
A_b82ce332f15d,CHAR_002,Dmitri Fyodorovich Karamazov,FAMILY,CHAR_004,Alexei Fyodorovich Karamazov,undirected_or_unknown,0.72,unreviewed,cue+cooccurrence rule,4747,BK_P04747,machine-proposed,FAMILY
A_09a72947fc4c,CHAR_002,Dmitri Fyodorovich Karamazov,FAMILY,CHAR_005,Pavel Fyodorovich Smerdyakov,undirected_or_unknown,0.72,unreviewed,cue+cooccurrence rule,4747,BK_P04747,machine-proposed,FAMILY
A_dd58e896eb56,CHAR_002,Dmitri Fyodorovich Karamazov,FAMILY,CHAR_007,Katerina Ivanovna Verkhovtseva,undirected_or_unknown,0.72,unreviewed,cue+cooccurrence rule,4747,BK_P04747,machine-proposed,FAMILY
A_e6627f4b3a4f,CHAR_003,Ivan Fyodorovich Karamazov,FAMILY,CHAR_004,Alexei Fyodorovich Karamazov,undirected_or_unknown,0.72,unreviewed,cue+cooccurrence rule,4747,BK_P04747,machine-proposed,FAMILY
A_d960e3ac101e,CHAR_003,Ivan Fyodorovich Karamazov,FAMILY,CHAR_005,Pavel Fyodorovich Smerdyakov,undirected_or_unknown,0.72,unreviewed,cue+cooccurrence rule,4747,BK_P04747,machine-proposed,FAMILY
A_798674d4c7b1,CHAR_003,Ivan Fyodorovich Karamazov,FAMILY,CHAR_007,Katerina Ivanovna Verkhovtseva,undirected_or_unknown,0.72,unreviewed,cue+cooccurrence rule,4747,BK_P04747,machine-proposed,FAMILY
A_12bf3f447b53,CHAR_004,Alexei Fyodorovich Karamazov,FAMILY,CHAR_005,Pavel Fyodorovich Smerdyakov,undirected_or_unknown,0.72,unreviewed,cue+cooccurrence rule,4747,BK_P04747,machine-proposed,FAMILY
A_d47bcbe8d504,CHAR_004,Alexei Fyodorovich Karamazov,FAMILY,CHAR_007,Katerina Ivanovna Verkhovtseva,undirected_or_unknown,0.72,unreviewed,cue+cooccurrence rule,4747,BK_P04747,machine-proposed,FAMILY
A_f8bd9e002f60,CHAR_005,Pavel Fyodorovich Smerdyakov,FAMILY,CHAR_007,Katerina Ivanovna Verkhovtseva,undirected_or_unknown,0.72,unreviewed,cue+cooccurrence rule,4747,BK_P04747,machine-proposed,FAMILY
A_e095249819b2,CHAR_001,Fyodor Pavlovich Karamazov,FINANCIAL,CHAR_002,Dmitri Fyodorovich Karamazov,undirected_or_unknown,0.58,unreviewed,cue+cooccurrence rule,4837,BK_P04837,machine-proposed,FINANCIAL
A_fdf919596c79,CHAR_001,Fyodor Pavlovich Karamazov,FINANCIAL,CHAR_002,Dmitri Fyodorovich Karamazov,undirected_or_unknown,0.58,unreviewed,cue+cooccurrence rule,4839,BK_P04839,machine-proposed,FINANCIAL
A_5762d13a369d,CHAR_002,Dmitri Fyodorovich Karamazov,ROMANTIC,CHAR_006,Agrafena Alexandrovna Svetlova,undirected_or_unknown,0.65,unreviewed,cue+cooccurrence rule,4843,BK_P04843,machine-proposed,ROMANTIC
A_5c203ac9d53f,CHAR_002,Dmitri Fyodorovich Karamazov,FINANCIAL,CHAR_006,Agrafena Alexandrovna Svetlova,undirected_or_unknown,0.58,unreviewed,cue+cooccurrence rule,4843,BK_P04843,machine-proposed,FINANCIAL
A_07346802416d,CHAR_002,Dmitri Fyodorovich Karamazov,FINANCIAL,CHAR_006,Agrafena Alexandrovna Svetlova,undirected_or_unknown,0.58,unreviewed,cue+cooccurrence rule,4849,BK_P04849,machine-proposed,FINANCIAL
A_d4116aa8ddd4,CHAR_001,Fyodor Pavlovich Karamazov,FINANCIAL,CHAR_002,Dmitri Fyodorovich Karamazov,undirected_or_unknown,0.58,unreviewed,cue+cooccurrence rule,4855,BK_P04855,machine-proposed,FINANCIAL
A_bdb28f961fe5,CHAR_004,Alexei Fyodorovich Karamazov,FAMILY,CHAR_008,Zosima,undirected_or_unknown,0.72,unreviewed,cue+cooccurrence rule,4917,BK_P04917,machine-proposed,FAMILY
A_130e3f474fec,CHAR_002,Dmitri Fyodorovich Karamazov,ROMANTIC,CHAR_003,Ivan Fyodorovich Karamazov,undirected_or_unknown,0.65,unreviewed,cue+cooccurrence rule,5031,BK_P05031,machine-proposed,ROMANTIC
A_c591beccdf3a,CHAR_002,Dmitri Fyodorovich Karamazov,ROMANTIC,CHAR_004,Alexei Fyodorovich Karamazov,undirected_or_unknown,0.65,unreviewed,cue+cooccurrence rule,5031,BK_P05031,machine-proposed,ROMANTIC
A_24129bf128e9,CHAR_002,Dmitri Fyodorovich Karamazov,ROMANTIC,CHAR_005,Pavel Fyodorovich Smerdyakov,undirected_or_unknown,0.65,unreviewed,cue+cooccurrence rule,5031,BK_P05031,machine-proposed,ROMANTIC
A_278fe7d2ec3e,CHAR_002,Dmitri Fyodorovich Karamazov,ROMANTIC,CHAR_007,Katerina Ivanovna Verkhovtseva,undirected_or_unknown,0.65,unreviewed,cue+cooccurrence rule,5031,BK_P05031,machine-proposed,ROMANTIC
A_130eaae5aca2,CHAR_002,Dmitri Fyodorovich Karamazov,ROMANTIC,CHAR_014,Lise Khokhlakov,undirected_or_unknown,0.65,unreviewed,cue+cooccurrence rule,5031,BK_P05031,machine-proposed,ROMANTIC
A_85ef62e35fbc,CHAR_003,Ivan Fyodorovich Karamazov,ROMANTIC,CHAR_004,Alexei Fyodorovich Karamazov,undirected_or_unknown,0.65,unreviewed,cue+cooccurrence rule,5031,BK_P05031,machine-proposed,ROMANTIC
A_f91ae2b04968,CHAR_003,Ivan Fyodorovich Karamazov,ROMANTIC,CHAR_005,Pavel Fyodorovich Smerdyakov,undirected_or_unknown,0.65,unreviewed,cue+cooccurrence rule,5031,BK_P05031,machine-proposed,ROMANTIC
A_c7ed179b9aa1,CHAR_003,Ivan Fyodorovich Karamazov,ROMANTIC,CHAR_007,Katerina Ivanovna Verkhovtseva,undirected_or_unknown,0.65,unreviewed,cue+cooccurrence rule,5031,BK_P05031,machine-proposed,ROMANTIC
A_35fb5973344c,CHAR_003,Ivan Fyodorovich Karamazov,ROMANTIC,CHAR_014,Lise Khokhlakov,undirected_or_unknown,0.65,unreviewed,cue+cooccurrence rule,5031,BK_P05031,machine-proposed,ROMANTIC
A_5bd9475da6d1,CHAR_004,Alexei Fyodorovich Karamazov,ROMANTIC,CHAR_005,Pavel Fyodorovich Smerdyakov,undirected_or_unknown,0.65,unreviewed,cue+cooccurrence rule,5031,BK_P05031,machine-proposed,ROMANTIC
A_f823db6d498f,CHAR_004,Alexei Fyodorovich Karamazov,ROMANTIC,CHAR_007,Katerina Ivanovna Verkhovtseva,undirected_or_unknown,0.65,unreviewed,cue+cooccurrence rule,5031,BK_P05031,machine-proposed,ROMANTIC
A_e74b78121a0c,CHAR_004,Alexei Fyodorovich Karamazov,ROMANTIC,CHAR_014,Lise Khokhlakov,undirected_or_unknown,0.65,unreviewed,cue+cooccurrence rule,5031,BK_P05031,machine-proposed,ROMANTIC
A_e741d9be74d1,CHAR_005,Pavel Fyodorovich Smerdyakov,ROMANTIC,CHAR_007,Katerina Ivanovna Verkhovtseva,undirected_or_unknown,0.65,unreviewed,cue+cooccurrence rule,5031,BK_P05031,machine-proposed,ROMANTIC
A_d473544b289f,CHAR_005,Pavel Fyodorovich Smerdyakov,ROMANTIC,CHAR_014,Lise Khokhlakov,undirected_or_unknown,0.65,unreviewed,cue+cooccurrence rule,5031,BK_P05031,machine-proposed,ROMANTIC
A_502660cc5c5a,CHAR_007,Katerina Ivanovna Verkhovtseva,ROMANTIC,CHAR_014,Lise Khokhlakov,undirected_or_unknown,0.65,unreviewed,cue+cooccurrence rule,5031,BK_P05031,machine-proposed,ROMANTIC
A_f5c64899ea60,CHAR_003,Ivan Fyodorovich Karamazov,ROMANTIC,CHAR_004,Alexei Fyodorovich Karamazov,undirected_or_unknown,0.65,unreviewed,cue+cooccurrence rule,5033,BK_P05033,machine-proposed,ROMANTIC
A_c487e91162bf,CHAR_003,Ivan Fyodorovich Karamazov,FAMILY,CHAR_004,Alexei Fyodorovich Karamazov,undirected_or_unknown,0.72,unreviewed,cue+cooccurrence rule,5037,BK_P05037,machine-proposed,FAMILY
A_77e6dad69db3,CHAR_003,Ivan Fyodorovich Karamazov,FAMILY,CHAR_004,Alexei Fyodorovich Karamazov,undirected_or_unknown,0.72,unreviewed,cue+cooccurrence rule,5041,BK_P05041,machine-proposed,FAMILY
A_87989f1c824d,CHAR_003,Ivan Fyodorovich Karamazov,FAMILY,CHAR_004,Alexei Fyodorovich Karamazov,undirected_or_unknown,0.72,unreviewed,cue+cooccurrence rule,5044,BK_P05044,machine-proposed,FAMILY
A_1113d4be3a2c,CHAR_003,Ivan Fyodorovich Karamazov,FAMILY,CHAR_005,Pavel Fyodorovich Smerdyakov,undirected_or_unknown,0.72,unreviewed,cue+cooccurrence rule,5044,BK_P05044,machine-proposed,FAMILY
A_03b8e7d1d8c6,CHAR_004,Alexei Fyodorovich Karamazov,FAMILY,CHAR_005,Pavel Fyodorovich Smerdyakov,undirected_or_unknown,0.72,unreviewed,cue+cooccurrence rule,5044,BK_P05044,machine-proposed,FAMILY
A_9e9a6f50c333,CHAR_001,Fyodor Pavlovich Karamazov,CONFLICT,CHAR_003,Ivan Fyodorovich Karamazov,undirected_or_unknown,0.64,unreviewed,cue+cooccurrence rule,5045,BK_P05045,machine-proposed,CONFLICT
A_e6f58627fd9f,CHAR_001,Fyodor Pavlovich Karamazov,CONFLICT,CHAR_004,Alexei Fyodorovich Karamazov,undirected_or_unknown,0.64,unreviewed,cue+cooccurrence rule,5045,BK_P05045,machine-proposed,CONFLICT
A_023ef40a103a,CHAR_001,Fyodor Pavlovich Karamazov,CONFLICT,CHAR_005,Pavel Fyodorovich Smerdyakov,undirected_or_unknown,0.64,unreviewed,cue+cooccurrence rule,5045,BK_P05045,machine-proposed,CONFLICT
A_974515ec9441,CHAR_001,Fyodor Pavlovich Karamazov,CONFLICT,CHAR_007,Katerina Ivanovna Verkhovtseva,undirected_or_unknown,0.64,unreviewed,cue+cooccurrence rule,5045,BK_P05045,machine-proposed,CONFLICT
A_180ffbb1d495,CHAR_001,Fyodor Pavlovich Karamazov,CONFLICT,CHAR_014,Lise Khokhlakov,undirected_or_unknown,0.64,unreviewed,cue+cooccurrence rule,5045,BK_P05045,machine-proposed,CONFLICT
A_9126427682f8,CHAR_003,Ivan Fyodorovich Karamazov,CONFLICT,CHAR_004,Alexei Fyodorovich Karamazov,undirected_or_unknown,0.64,unreviewed,cue+cooccurrence rule,5045,BK_P05045,machine-proposed,CONFLICT
A_9c1016bda957,CHAR_003,Ivan Fyodorovich Karamazov,CONFLICT,CHAR_005,Pavel Fyodorovich Smerdyakov,undirected_or_unknown,0.64,unreviewed,cue+cooccurrence rule,5045,BK_P05045,machine-proposed,CONFLICT
A_ef14a6a0de53,CHAR_003,Ivan Fyodorovich Karamazov,CONFLICT,CHAR_007,Katerina Ivanovna Verkhovtseva,undirected_or_unknown,0.64,unreviewed,cue+cooccurrence rule,5045,BK_P05045,machine-proposed,CONFLICT
A_a58887eb320b,CHAR_003,Ivan Fyodorovich Karamazov,CONFLICT,CHAR_014,Lise Khokhlakov,undirected_or_unknown,0.64,unreviewed,cue+cooccurrence rule,5045,BK_P05045,machine-proposed,CONFLICT
A_6b77a493a2b5,CHAR_004,Alexei Fyodorovich Karamazov,CONFLICT,CHAR_005,Pavel Fyodorovich Smerdyakov,undirected_or_unknown,0.64,unreviewed,cue+cooccurrence rule,5045,BK_P05045,machine-proposed,CONFLICT
A_2b486c25f8da,CHAR_004,Alexei Fyodorovich Karamazov,CONFLICT,CHAR_007,Katerina Ivanovna Verkhovtseva,undirected_or_unknown,0.64,unreviewed,cue+cooccurrence rule,5045,BK_P05045,machine-proposed,CONFLICT
A_0a34ba7308b7,CHAR_004,Alexei Fyodorovich Karamazov,CONFLICT,CHAR_014,Lise Khokhlakov,undirected_or_unknown,0.64,unreviewed,cue+cooccurrence rule,5045,BK_P05045,machine-proposed,CONFLICT
A_0221529b0f7f,CHAR_005,Pavel Fyodorovich Smerdyakov,CONFLICT,CHAR_007,Katerina Ivanovna Verkhovtseva,undirected_or_unknown,0.64,unreviewed,cue+cooccurrence rule,5045,BK_P05045,machine-proposed,CONFLICT
A_e7666798fc18,CHAR_005,Pavel Fyodorovich Smerdyakov,CONFLICT,CHAR_014,Lise Khokhlakov,undirected_or_unknown,0.64,unreviewed,cue+cooccurrence rule,5045,BK_P05045,machine-proposed,CONFLICT
A_d982d387934d,CHAR_007,Katerina Ivanovna Verkhovtseva,CONFLICT,CHAR_014,Lise Khokhlakov,undirected_or_unknown,0.64,unreviewed,cue+cooccurrence rule,5045,BK_P05045,machine-proposed,CONFLICT
A_e1b83e8dd90b,CHAR_003,Ivan Fyodorovich Karamazov,FAMILY,CHAR_004,Alexei Fyodorovich Karamazov,undirected_or_unknown,0.72,unreviewed,cue+cooccurrence rule,5046,BK_P05046,machine-proposed,FAMILY
A_8e27923fcc7a,CHAR_002,Dmitri Fyodorovich Karamazov,CONFLICT,CHAR_003,Ivan Fyodorovich Karamazov,undirected_or_unknown,0.64,unreviewed,cue+cooccurrence rule,5047,BK_P05047,machine-proposed,CONFLICT
A_c9d262db124c,CHAR_002,Dmitri Fyodorovich Karamazov,CONFLICT,CHAR_004,Alexei Fyodorovich Karamazov,undirected_or_unknown,0.64,unreviewed,cue+cooccurrence rule,5047,BK_P05047,machine-proposed,CONFLICT
A_1f81d76a681d,CHAR_002,Dmitri Fyodorovich Karamazov,CONFLICT,CHAR_005,Pavel Fyodorovich Smerdyakov,undirected_or_unknown,0.64,unreviewed,cue+cooccurrence rule,5047,BK_P05047,machine-proposed,CONFLICT
A_2f408ee0f448,CHAR_003,Ivan Fyodorovich Karamazov,CONFLICT,CHAR_004,Alexei Fyodorovich Karamazov,undirected_or_unknown,0.64,unreviewed,cue+cooccurrence rule,5047,BK_P05047,machine-proposed,CONFLICT
A_e87b91c1bda5,CHAR_003,Ivan Fyodorovich Karamazov,CONFLICT,CHAR_005,Pavel Fyodorovich Smerdyakov,undirected_or_unknown,0.64,unreviewed,cue+cooccurrence rule,5047,BK_P05047,machine-proposed,CONFLICT
A_7b52748d08e9,CHAR_004,Alexei Fyodorovich Karamazov,CONFLICT,CHAR_005,Pavel Fyodorovich Smerdyakov,undirected_or_unknown,0.64,unreviewed,cue+cooccurrence rule,5047,BK_P05047,machine-proposed,CONFLICT
A_3279b3416a1f,CHAR_001,Fyodor Pavlovich Karamazov,FAMILY,CHAR_002,Dmitri Fyodorovich Karamazov,undirected_or_unknown,0.72,unreviewed,cue+cooccurrence rule,5052,BK_P05052,machine-proposed,FAMILY
A_324ffadc073c,CHAR_001,Fyodor Pavlovich Karamazov,FAMILY,CHAR_006,Agrafena Alexandrovna Svetlova,undirected_or_unknown,0.72,unreviewed,cue+cooccurrence rule,5052,BK_P05052,machine-proposed,FAMILY
A_9a4455957118,CHAR_001,Fyodor Pavlovich Karamazov,FAMILY,CHAR_007,Katerina Ivanovna Verkhovtseva,undirected_or_unknown,0.72,unreviewed,cue+cooccurrence rule,5052,BK_P05052,machine-proposed,FAMILY
A_1e307eb5ac05,CHAR_002,Dmitri Fyodorovich Karamazov,FAMILY,CHAR_006,Agrafena Alexandrovna Svetlova,undirected_or_unknown,0.72,unreviewed,cue+cooccurrence rule,5052,BK_P05052,machine-proposed,FAMILY
A_d0344f8a3773,CHAR_002,Dmitri Fyodorovich Karamazov,FAMILY,CHAR_007,Katerina Ivanovna Verkhovtseva,undirected_or_unknown,0.72,unreviewed,cue+cooccurrence rule,5052,BK_P05052,machine-proposed,FAMILY
A_a0ace931080a,CHAR_006,Agrafena Alexandrovna Svetlova,FAMILY,CHAR_007,Katerina Ivanovna Verkhovtseva,undirected_or_unknown,0.72,unreviewed,cue+cooccurrence rule,5052,BK_P05052,machine-proposed,FAMILY
A_8c2b0b0c6a1c,CHAR_001,Fyodor Pavlovich Karamazov,ROMANTIC,CHAR_002,Dmitri Fyodorovich Karamazov,undirected_or_unknown,0.65,unreviewed,cue+cooccurrence rule,5052,BK_P05052,machine-proposed,ROMANTIC
A_cceb53fc910f,CHAR_001,Fyodor Pavlovich Karamazov,ROMANTIC,CHAR_006,Agrafena Alexandrovna Svetlova,undirected_or_unknown,0.65,unreviewed,cue+cooccurrence rule,5052,BK_P05052,machine-proposed,ROMANTIC
A_4617ff25bf48,CHAR_001,Fyodor Pavlovich Karamazov,ROMANTIC,CHAR_007,Katerina Ivanovna Verkhovtseva,undirected_or_unknown,0.65,unreviewed,cue+cooccurrence rule,5052,BK_P05052,machine-proposed,ROMANTIC
A_cb7e6d8f6b81,CHAR_002,Dmitri Fyodorovich Karamazov,ROMANTIC,CHAR_006,Agrafena Alexandrovna Svetlova,undirected_or_unknown,0.65,unreviewed,cue+cooccurrence rule,5052,BK_P05052,machine-proposed,ROMANTIC
A_58f819646034,CHAR_002,Dmitri Fyodorovich Karamazov,ROMANTIC,CHAR_007,Katerina Ivanovna Verkhovtseva,undirected_or_unknown,0.65,unreviewed,cue+cooccurrence rule,5052,BK_P05052,machine-proposed,ROMANTIC
A_9718bb2758a1,CHAR_006,Agrafena Alexandrovna Svetlova,ROMANTIC,CHAR_007,Katerina Ivanovna Verkhovtseva,undirected_or_unknown,0.65,unreviewed,cue+cooccurrence rule,5052,BK_P05052,machine-proposed,ROMANTIC
A_dcccee9c9fad,CHAR_001,Fyodor Pavlovich Karamazov,FAMILY,CHAR_002,Dmitri Fyodorovich Karamazov,undirected_or_unknown,0.72,unreviewed,cue+cooccurrence rule,5068,BK_P05068,machine-proposed,FAMILY
A_bdcaa9113383,CHAR_001,Fyodor Pavlovich Karamazov,CONFLICT,CHAR_002,Dmitri Fyodorovich Karamazov,undirected_or_unknown,0.64,unreviewed,cue+cooccurrence rule,5068,BK_P05068,machine-proposed,CONFLICT
A_a4b95d5affa6,CHAR_001,Fyodor Pavlovich Karamazov,FAMILY,CHAR_002,Dmitri Fyodorovich Karamazov,undirected_or_unknown,0.72,unreviewed,cue+cooccurrence rule,5073,BK_P05073,machine-proposed,FAMILY
A_a8b8ded42ef8,CHAR_001,Fyodor Pavlovich Karamazov,FINANCIAL,CHAR_002,Dmitri Fyodorovich Karamazov,undirected_or_unknown,0.58,unreviewed,cue+cooccurrence rule,5073,BK_P05073,machine-proposed,FINANCIAL
A_370f09787371,CHAR_001,Fyodor Pavlovich Karamazov,FAMILY,CHAR_002,Dmitri Fyodorovich Karamazov,undirected_or_unknown,0.72,unreviewed,cue+cooccurrence rule,5074,BK_P05074,machine-proposed,FAMILY
A_c37bbe8bb28a,CHAR_001,Fyodor Pavlovich Karamazov,FAMILY,CHAR_003,Ivan Fyodorovich Karamazov,undirected_or_unknown,0.72,unreviewed,cue+cooccurrence rule,5074,BK_P05074,machine-proposed,FAMILY
A_e09739280af2,CHAR_001,Fyodor Pavlovich Karamazov,FAMILY,CHAR_004,Alexei Fyodorovich Karamazov,undirected_or_unknown,0.72,unreviewed,cue+cooccurrence rule,5074,BK_P05074,machine-proposed,FAMILY
A_7528b66be44a,CHAR_001,Fyodor Pavlovich Karamazov,FAMILY,CHAR_005,Pavel Fyodorovich Smerdyakov,undirected_or_unknown,0.72,unreviewed,cue+cooccurrence rule,5074,BK_P05074,machine-proposed,FAMILY
A_c1102901ec65,CHAR_002,Dmitri Fyodorovich Karamazov,FAMILY,CHAR_003,Ivan Fyodorovich Karamazov,undirected_or_unknown,0.72,unreviewed,cue+cooccurrence rule,5074,BK_P05074,machine-proposed,FAMILY
A_17e93bd2cfb6,CHAR_002,Dmitri Fyodorovich Karamazov,FAMILY,CHAR_004,Alexei Fyodorovich Karamazov,undirected_or_unknown,0.72,unreviewed,cue+cooccurrence rule,5074,BK_P05074,machine-proposed,FAMILY
A_5f511d408625,CHAR_002,Dmitri Fyodorovich Karamazov,FAMILY,CHAR_005,Pavel Fyodorovich Smerdyakov,undirected_or_unknown,0.72,unreviewed,cue+cooccurrence rule,5074,BK_P05074,machine-proposed,FAMILY
A_cce58c2caffa,CHAR_003,Ivan Fyodorovich Karamazov,FAMILY,CHAR_004,Alexei Fyodorovich Karamazov,undirected_or_unknown,0.72,unreviewed,cue+cooccurrence rule,5074,BK_P05074,machine-proposed,FAMILY
A_1a475a5079e9,CHAR_003,Ivan Fyodorovich Karamazov,FAMILY,CHAR_005,Pavel Fyodorovich Smerdyakov,undirected_or_unknown,0.72,unreviewed,cue+cooccurrence rule,5074,BK_P05074,machine-proposed,FAMILY
A_a79d0660d136,CHAR_004,Alexei Fyodorovich Karamazov,FAMILY,CHAR_005,Pavel Fyodorovich Smerdyakov,undirected_or_unknown,0.72,unreviewed,cue+cooccurrence rule,5074,BK_P05074,machine-proposed,FAMILY
A_e4fcd44ac9cd,CHAR_001,Fyodor Pavlovich Karamazov,FINANCIAL,CHAR_002,Dmitri Fyodorovich Karamazov,undirected_or_unknown,0.58,unreviewed,cue+cooccurrence rule,5074,BK_P05074,machine-proposed,FINANCIAL
A_84ff00e79679,CHAR_001,Fyodor Pavlovich Karamazov,FINANCIAL,CHAR_003,Ivan Fyodorovich Karamazov,undirected_or_unknown,0.58,unreviewed,cue+cooccurrence rule,5074,BK_P05074,machine-proposed,FINANCIAL
A_6549d447a56a,CHAR_001,Fyodor Pavlovich Karamazov,FINANCIAL,CHAR_004,Alexei Fyodorovich Karamazov,undirected_or_unknown,0.58,unreviewed,cue+cooccurrence rule,5074,BK_P05074,machine-proposed,FINANCIAL
A_c24ed6d17190,CHAR_001,Fyodor Pavlovich Karamazov,FINANCIAL,CHAR_005,Pavel Fyodorovich Smerdyakov,undirected_or_unknown,0.58,unreviewed,cue+cooccurrence rule,5074,BK_P05074,machine-proposed,FINANCIAL
A_ffb2ecc46a46,CHAR_002,Dmitri Fyodorovich Karamazov,FINANCIAL,CHAR_003,Ivan Fyodorovich Karamazov,undirected_or_unknown,0.58,unreviewed,cue+cooccurrence rule,5074,BK_P05074,machine-proposed,FINANCIAL
A_13b36a7b9393,CHAR_002,Dmitri Fyodorovich Karamazov,FINANCIAL,CHAR_004,Alexei Fyodorovich Karamazov,undirected_or_unknown,0.58,unreviewed,cue+cooccurrence rule,5074,BK_P05074,machine-proposed,FINANCIAL
A_463aa9e99d50,CHAR_002,Dmitri Fyodorovich Karamazov,FINANCIAL,CHAR_005,Pavel Fyodorovich Smerdyakov,undirected_or_unknown,0.58,unreviewed,cue+cooccurrence rule,5074,BK_P05074,machine-proposed,FINANCIAL
A_b95006d4577a,CHAR_003,Ivan Fyodorovich Karamazov,FINANCIAL,CHAR_004,Alexei Fyodorovich Karamazov,undirected_or_unknown,0.58,unreviewed,cue+cooccurrence rule,5074,BK_P05074,machine-proposed,FINANCIAL
A_5a844e89b0ad,CHAR_003,Ivan Fyodorovich Karamazov,FINANCIAL,CHAR_005,Pavel Fyodorovich Smerdyakov,undirected_or_unknown,0.58,unreviewed,cue+cooccurrence rule,5074,BK_P05074,machine-proposed,FINANCIAL
A_5e1df25bcd72,CHAR_004,Alexei Fyodorovich Karamazov,FINANCIAL,CHAR_005,Pavel Fyodorovich Smerdyakov,undirected_or_unknown,0.58,unreviewed,cue+cooccurrence rule,5074,BK_P05074,machine-proposed,FINANCIAL
A_4007bf672dab,CHAR_001,Fyodor Pavlovich Karamazov,FINANCIAL,CHAR_002,Dmitri Fyodorovich Karamazov,undirected_or_unknown,0.58,unreviewed,cue+cooccurrence rule,5075,BK_P05075,machine-proposed,FINANCIAL
A_822365d1e2e1,CHAR_001,Fyodor Pavlovich Karamazov,FINANCIAL,CHAR_002,Dmitri Fyodorovich Karamazov,undirected_or_unknown,0.58,unreviewed,cue+cooccurrence rule,5106,BK_P05106,machine-proposed,FINANCIAL
A_2b0170897ceb,CHAR_001,Fyodor Pavlovich Karamazov,SOCIAL,CHAR_004,Alexei Fyodorovich Karamazov,undirected_or_unknown,0.55,unreviewed,cue+cooccurrence rule,5113,BK_P05113,machine-proposed,SOCIAL
A_b2b51fded5a4,CHAR_002,Dmitri Fyodorovich Karamazov,CONFLICT,CHAR_006,Agrafena Alexandrovna Svetlova,undirected_or_unknown,0.64,unreviewed,cue+cooccurrence rule,5117,BK_P05117,machine-proposed,CONFLICT
A_67f7d5fe92e5,CHAR_001,Fyodor Pavlovich Karamazov,FINANCIAL,CHAR_002,Dmitri Fyodorovich Karamazov,undirected_or_unknown,0.58,unreviewed,cue+cooccurrence rule,5126,BK_P05126,machine-proposed,FINANCIAL
A_729eab9b09a3,CHAR_001,Fyodor Pavlovich Karamazov,FAMILY,CHAR_002,Dmitri Fyodorovich Karamazov,undirected_or_unknown,0.72,unreviewed,cue+cooccurrence rule,5139,BK_P05139,machine-proposed,FAMILY
A_69651d5d27e5,CHAR_002,Dmitri Fyodorovich Karamazov,FAMILY,CHAR_004,Alexei Fyodorovich Karamazov,undirected_or_unknown,0.72,unreviewed,cue+cooccurrence rule,5151,BK_P05151,machine-proposed,FAMILY
A_4c3ec70e346f,CHAR_002,Dmitri Fyodorovich Karamazov,FAMILY,CHAR_006,Agrafena Alexandrovna Svetlova,undirected_or_unknown,0.72,unreviewed,cue+cooccurrence rule,5151,BK_P05151,machine-proposed,FAMILY
A_3fdb7e18ac86,CHAR_002,Dmitri Fyodorovich Karamazov,FAMILY,CHAR_007,Katerina Ivanovna Verkhovtseva,undirected_or_unknown,0.72,unreviewed,cue+cooccurrence rule,5151,BK_P05151,machine-proposed,FAMILY
A_304ab026ad6b,CHAR_004,Alexei Fyodorovich Karamazov,FAMILY,CHAR_006,Agrafena Alexandrovna Svetlova,undirected_or_unknown,0.72,unreviewed,cue+cooccurrence rule,5151,BK_P05151,machine-proposed,FAMILY
A_d474a8b7473d,CHAR_004,Alexei Fyodorovich Karamazov,FAMILY,CHAR_007,Katerina Ivanovna Verkhovtseva,undirected_or_unknown,0.72,unreviewed,cue+cooccurrence rule,5151,BK_P05151,machine-proposed,FAMILY
A_5e1a87b27d92,CHAR_006,Agrafena Alexandrovna Svetlova,FAMILY,CHAR_007,Katerina Ivanovna Verkhovtseva,undirected_or_unknown,0.72,unreviewed,cue+cooccurrence rule,5151,BK_P05151,machine-proposed,FAMILY
A_c291f6616fab,CHAR_002,Dmitri Fyodorovich Karamazov,FINANCIAL,CHAR_004,Alexei Fyodorovich Karamazov,undirected_or_unknown,0.58,unreviewed,cue+cooccurrence rule,5151,BK_P05151,machine-proposed,FINANCIAL
A_d5adc8aa8fbe,CHAR_002,Dmitri Fyodorovich Karamazov,FINANCIAL,CHAR_006,Agrafena Alexandrovna Svetlova,undirected_or_unknown,0.58,unreviewed,cue+cooccurrence rule,5151,BK_P05151,machine-proposed,FINANCIAL
A_813163fe3cfa,CHAR_002,Dmitri Fyodorovich Karamazov,FINANCIAL,CHAR_007,Katerina Ivanovna Verkhovtseva,undirected_or_unknown,0.58,unreviewed,cue+cooccurrence rule,5151,BK_P05151,machine-proposed,FINANCIAL
A_5e8307fd1b39,CHAR_004,Alexei Fyodorovich Karamazov,FINANCIAL,CHAR_006,Agrafena Alexandrovna Svetlova,undirected_or_unknown,0.58,unreviewed,cue+cooccurrence rule,5151,BK_P05151,machine-proposed,FINANCIAL
A_bc32174ad85d,CHAR_004,Alexei Fyodorovich Karamazov,FINANCIAL,CHAR_007,Katerina Ivanovna Verkhovtseva,undirected_or_unknown,0.58,unreviewed,cue+cooccurrence rule,5151,BK_P05151,machine-proposed,FINANCIAL
A_1500e7ec7abb,CHAR_006,Agrafena Alexandrovna Svetlova,FINANCIAL,CHAR_007,Katerina Ivanovna Verkhovtseva,undirected_or_unknown,0.58,unreviewed,cue+cooccurrence rule,5151,BK_P05151,machine-proposed,FINANCIAL
A_2db9a0976c93,CHAR_002,Dmitri Fyodorovich Karamazov,FAMILY,CHAR_005,Pavel Fyodorovich Smerdyakov,undirected_or_unknown,0.72,unreviewed,cue+cooccurrence rule,5162,BK_P05162,machine-proposed,FAMILY
A_31ae25889ffc,CHAR_004,Alexei Fyodorovich Karamazov,FAMILY,CHAR_005,Pavel Fyodorovich Smerdyakov,undirected_or_unknown,0.72,unreviewed,cue+cooccurrence rule,5169,BK_P05169,machine-proposed,FAMILY
A_8d8707cd127a,CHAR_002,Dmitri Fyodorovich Karamazov,FAMILY,CHAR_004,Alexei Fyodorovich Karamazov,undirected_or_unknown,0.72,unreviewed,cue+cooccurrence rule,5172,BK_P05172,machine-proposed,FAMILY
A_8fac5529b8e3,CHAR_004,Alexei Fyodorovich Karamazov,FINANCIAL,CHAR_006,Agrafena Alexandrovna Svetlova,undirected_or_unknown,0.58,unreviewed,cue+cooccurrence rule,5174,BK_P05174,machine-proposed,FINANCIAL
A_3b665ff2296f,CHAR_004,Alexei Fyodorovich Karamazov,FINANCIAL,CHAR_007,Katerina Ivanovna Verkhovtseva,undirected_or_unknown,0.58,unreviewed,cue+cooccurrence rule,5174,BK_P05174,machine-proposed,FINANCIAL
A_617d069866e6,CHAR_006,Agrafena Alexandrovna Svetlova,FINANCIAL,CHAR_007,Katerina Ivanovna Verkhovtseva,undirected_or_unknown,0.58,unreviewed,cue+cooccurrence rule,5174,BK_P05174,machine-proposed,FINANCIAL
A_f6514b28a17b,CHAR_004,Alexei Fyodorovich Karamazov,FINANCIAL,CHAR_007,Katerina Ivanovna Verkhovtseva,undirected_or_unknown,0.58,unreviewed,cue+cooccurrence rule,5177,BK_P05177,machine-proposed,FINANCIAL
A_0716cdc711dd,CHAR_002,Dmitri Fyodorovich Karamazov,FINANCIAL,CHAR_007,Katerina Ivanovna Verkhovtseva,undirected_or_unknown,0.58,unreviewed,cue+cooccurrence rule,5182,BK_P05182,machine-proposed,FINANCIAL
A_49d3dcb0603d,CHAR_002,Dmitri Fyodorovich Karamazov,SOCIAL,CHAR_007,Katerina Ivanovna Verkhovtseva,undirected_or_unknown,0.55,unreviewed,cue+cooccurrence rule,5186,BK_P05186,machine-proposed,SOCIAL
A_6fc88cfa6916,CHAR_002,Dmitri Fyodorovich Karamazov,FAMILY,CHAR_004,Alexei Fyodorovich Karamazov,undirected_or_unknown,0.72,unreviewed,cue+cooccurrence rule,5187,BK_P05187,machine-proposed,FAMILY
A_f99de3550220,CHAR_002,Dmitri Fyodorovich Karamazov,FAMILY,CHAR_007,Katerina Ivanovna Verkhovtseva,undirected_or_unknown,0.72,unreviewed,cue+cooccurrence rule,5187,BK_P05187,machine-proposed,FAMILY
A_f9b8ae5b75f1,CHAR_004,Alexei Fyodorovich Karamazov,FAMILY,CHAR_007,Katerina Ivanovna Verkhovtseva,undirected_or_unknown,0.72,unreviewed,cue+cooccurrence rule,5187,BK_P05187,machine-proposed,FAMILY
A_8b7e9f205217,CHAR_002,Dmitri Fyodorovich Karamazov,FINANCIAL,CHAR_004,Alexei Fyodorovich Karamazov,undirected_or_unknown,0.58,unreviewed,cue+cooccurrence rule,5187,BK_P05187,machine-proposed,FINANCIAL
A_361fd8bd10bb,CHAR_002,Dmitri Fyodorovich Karamazov,FINANCIAL,CHAR_007,Katerina Ivanovna Verkhovtseva,undirected_or_unknown,0.58,unreviewed,cue+cooccurrence rule,5187,BK_P05187,machine-proposed,FINANCIAL
A_3a17c8f4e79f,CHAR_004,Alexei Fyodorovich Karamazov,FINANCIAL,CHAR_007,Katerina Ivanovna Verkhovtseva,undirected_or_unknown,0.58,unreviewed,cue+cooccurrence rule,5187,BK_P05187,machine-proposed,FINANCIAL
A_6fef2c0bed1c,CHAR_002,Dmitri Fyodorovich Karamazov,FAMILY,CHAR_007,Katerina Ivanovna Verkhovtseva,undirected_or_unknown,0.72,unreviewed,cue+cooccurrence rule,5189,BK_P05189,machine-proposed,FAMILY
A_3fe7401be422,CHAR_003,Ivan Fyodorovich Karamazov,CONFLICT,CHAR_004,Alexei Fyodorovich Karamazov,undirected_or_unknown,0.64,unreviewed,cue+cooccurrence rule,5214,BK_P05214,machine-proposed,CONFLICT
A_880fa576a427,CHAR_002,Dmitri Fyodorovich Karamazov,FAMILY,CHAR_005,Pavel Fyodorovich Smerdyakov,undirected_or_unknown,0.72,unreviewed,cue+cooccurrence rule,5223,BK_P05223,machine-proposed,FAMILY
A_68c9e933cbfa,CHAR_002,Dmitri Fyodorovich Karamazov,FINANCIAL,CHAR_005,Pavel Fyodorovich Smerdyakov,undirected_or_unknown,0.58,unreviewed,cue+cooccurrence rule,5223,BK_P05223,machine-proposed,FINANCIAL
A_fcd67184e1c3,CHAR_002,Dmitri Fyodorovich Karamazov,FAMILY,CHAR_003,Ivan Fyodorovich Karamazov,undirected_or_unknown,0.72,unreviewed,cue+cooccurrence rule,5237,BK_P05237,machine-proposed,FAMILY
A_ed54cb8572fb,CHAR_002,Dmitri Fyodorovich Karamazov,FAMILY,CHAR_004,Alexei Fyodorovich Karamazov,undirected_or_unknown,0.72,unreviewed,cue+cooccurrence rule,5237,BK_P05237,machine-proposed,FAMILY
A_9087e8647342,CHAR_002,Dmitri Fyodorovich Karamazov,FAMILY,CHAR_007,Katerina Ivanovna Verkhovtseva,undirected_or_unknown,0.72,unreviewed,cue+cooccurrence rule,5237,BK_P05237,machine-proposed,FAMILY
A_742910632664,CHAR_003,Ivan Fyodorovich Karamazov,FAMILY,CHAR_004,Alexei Fyodorovich Karamazov,undirected_or_unknown,0.72,unreviewed,cue+cooccurrence rule,5237,BK_P05237,machine-proposed,FAMILY
A_7794961d07da,CHAR_003,Ivan Fyodorovich Karamazov,FAMILY,CHAR_007,Katerina Ivanovna Verkhovtseva,undirected_or_unknown,0.72,unreviewed,cue+cooccurrence rule,5237,BK_P05237,machine-proposed,FAMILY
A_e8116e29b93c,CHAR_004,Alexei Fyodorovich Karamazov,FAMILY,CHAR_007,Katerina Ivanovna Verkhovtseva,undirected_or_unknown,0.72,unreviewed,cue+cooccurrence rule,5237,BK_P05237,machine-proposed,FAMILY
A_eff9355eef97,CHAR_002,Dmitri Fyodorovich Karamazov,FINANCIAL,CHAR_007,Katerina Ivanovna Verkhovtseva,undirected_or_unknown,0.58,unreviewed,cue+cooccurrence rule,5251,BK_P05251,machine-proposed,FINANCIAL
A_fda1c5bb7f0a,CHAR_003,Ivan Fyodorovich Karamazov,FAMILY,CHAR_007,Katerina Ivanovna Verkhovtseva,undirected_or_unknown,0.72,unreviewed,cue+cooccurrence rule,5253,BK_P05253,machine-proposed,FAMILY
A_835d5e98a6e0,CHAR_003,Ivan Fyodorovich Karamazov,FINANCIAL,CHAR_007,Katerina Ivanovna Verkhovtseva,undirected_or_unknown,0.58,unreviewed,cue+cooccurrence rule,5253,BK_P05253,machine-proposed,FINANCIAL
A_0281c3d6e44f,CHAR_002,Dmitri Fyodorovich Karamazov,ROMANTIC,CHAR_007,Katerina Ivanovna Verkhovtseva,undirected_or_unknown,0.65,unreviewed,cue+cooccurrence rule,5255,BK_P05255,machine-proposed,ROMANTIC
A_0c7c4cb7bbd9,CHAR_002,Dmitri Fyodorovich Karamazov,CONFLICT,CHAR_007,Katerina Ivanovna Verkhovtseva,undirected_or_unknown,0.64,unreviewed,cue+cooccurrence rule,5255,BK_P05255,machine-proposed,CONFLICT
A_88e3bc869f3a,CHAR_002,Dmitri Fyodorovich Karamazov,FAMILY,CHAR_007,Katerina Ivanovna Verkhovtseva,undirected_or_unknown,0.72,unreviewed,cue+cooccurrence rule,5260,BK_P05260,machine-proposed,FAMILY
A_c3fd5f0fe4d3,CHAR_002,Dmitri Fyodorovich Karamazov,ROMANTIC,CHAR_006,Agrafena Alexandrovna Svetlova,undirected_or_unknown,0.65,unreviewed,cue+cooccurrence rule,5261,BK_P05261,machine-proposed,ROMANTIC
A_aac68e95b990,CHAR_002,Dmitri Fyodorovich Karamazov,ROMANTIC,CHAR_007,Katerina Ivanovna Verkhovtseva,undirected_or_unknown,0.65,unreviewed,cue+cooccurrence rule,5261,BK_P05261,machine-proposed,ROMANTIC
A_1b18df85e9ee,CHAR_006,Agrafena Alexandrovna Svetlova,ROMANTIC,CHAR_007,Katerina Ivanovna Verkhovtseva,undirected_or_unknown,0.65,unreviewed,cue+cooccurrence rule,5261,BK_P05261,machine-proposed,ROMANTIC
A_29e6919e7bb2,CHAR_003,Ivan Fyodorovich Karamazov,SOCIAL,CHAR_007,Katerina Ivanovna Verkhovtseva,undirected_or_unknown,0.55,unreviewed,cue+cooccurrence rule,5263,BK_P05263,machine-proposed,SOCIAL
A_69a745a50ddf,CHAR_001,Fyodor Pavlovich Karamazov,FAMILY,CHAR_006,Agrafena Alexandrovna Svetlova,undirected_or_unknown,0.72,unreviewed,cue+cooccurrence rule,5274,BK_P05274,machine-proposed,FAMILY
A_69273b3a551d,CHAR_001,Fyodor Pavlovich Karamazov,CONFLICT,CHAR_006,Agrafena Alexandrovna Svetlova,undirected_or_unknown,0.64,unreviewed,cue+cooccurrence rule,5274,BK_P05274,machine-proposed,CONFLICT
A_87917a7eeb6a,CHAR_001,Fyodor Pavlovich Karamazov,FINANCIAL,CHAR_006,Agrafena Alexandrovna Svetlova,undirected_or_unknown,0.58,unreviewed,cue+cooccurrence rule,5274,BK_P05274,machine-proposed,FINANCIAL
A_f03c59ff99d2,CHAR_001,Fyodor Pavlovich Karamazov,SOCIAL,CHAR_006,Agrafena Alexandrovna Svetlova,undirected_or_unknown,0.55,unreviewed,cue+cooccurrence rule,5274,BK_P05274,machine-proposed,SOCIAL
A_129e16a3c84b,CHAR_001,Fyodor Pavlovich Karamazov,FAMILY,CHAR_002,Dmitri Fyodorovich Karamazov,undirected_or_unknown,0.72,unreviewed,cue+cooccurrence rule,5283,BK_P05283,machine-proposed,FAMILY
A_5a117f7ee7ba,CHAR_001,Fyodor Pavlovich Karamazov,FAMILY,CHAR_005,Pavel Fyodorovich Smerdyakov,undirected_or_unknown,0.72,unreviewed,cue+cooccurrence rule,5283,BK_P05283,machine-proposed,FAMILY
A_4be843235345,CHAR_001,Fyodor Pavlovich Karamazov,FAMILY,CHAR_013,Madame Khokhlakov,undirected_or_unknown,0.72,unreviewed,cue+cooccurrence rule,5283,BK_P05283,machine-proposed,FAMILY
A_9a31a6c0dfb0,CHAR_002,Dmitri Fyodorovich Karamazov,FAMILY,CHAR_005,Pavel Fyodorovich Smerdyakov,undirected_or_unknown,0.72,unreviewed,cue+cooccurrence rule,5283,BK_P05283,machine-proposed,FAMILY
A_28dd0902eb82,CHAR_002,Dmitri Fyodorovich Karamazov,FAMILY,CHAR_013,Madame Khokhlakov,undirected_or_unknown,0.72,unreviewed,cue+cooccurrence rule,5283,BK_P05283,machine-proposed,FAMILY
A_b19c2b1d268d,CHAR_005,Pavel Fyodorovich Smerdyakov,FAMILY,CHAR_013,Madame Khokhlakov,undirected_or_unknown,0.72,unreviewed,cue+cooccurrence rule,5283,BK_P05283,machine-proposed,FAMILY
A_7ed5cdcb2bf0,CHAR_001,Fyodor Pavlovich Karamazov,ROMANTIC,CHAR_002,Dmitri Fyodorovich Karamazov,undirected_or_unknown,0.65,unreviewed,cue+cooccurrence rule,5283,BK_P05283,machine-proposed,ROMANTIC
A_621e244625da,CHAR_001,Fyodor Pavlovich Karamazov,ROMANTIC,CHAR_005,Pavel Fyodorovich Smerdyakov,undirected_or_unknown,0.65,unreviewed,cue+cooccurrence rule,5283,BK_P05283,machine-proposed,ROMANTIC
A_5738471568a7,CHAR_001,Fyodor Pavlovich Karamazov,ROMANTIC,CHAR_013,Madame Khokhlakov,undirected_or_unknown,0.65,unreviewed,cue+cooccurrence rule,5283,BK_P05283,machine-proposed,ROMANTIC
A_c05a8e84965e,CHAR_002,Dmitri Fyodorovich Karamazov,ROMANTIC,CHAR_005,Pavel Fyodorovich Smerdyakov,undirected_or_unknown,0.65,unreviewed,cue+cooccurrence rule,5283,BK_P05283,machine-proposed,ROMANTIC
A_ea9913785230,CHAR_002,Dmitri Fyodorovich Karamazov,ROMANTIC,CHAR_013,Madame Khokhlakov,undirected_or_unknown,0.65,unreviewed,cue+cooccurrence rule,5283,BK_P05283,machine-proposed,ROMANTIC
A_65efa1ef5050,CHAR_005,Pavel Fyodorovich Smerdyakov,ROMANTIC,CHAR_013,Madame Khokhlakov,undirected_or_unknown,0.65,unreviewed,cue+cooccurrence rule,5283,BK_P05283,machine-proposed,ROMANTIC
A_ef00cfc07603,CHAR_001,Fyodor Pavlovich Karamazov,FINANCIAL,CHAR_002,Dmitri Fyodorovich Karamazov,undirected_or_unknown,0.58,unreviewed,cue+cooccurrence rule,5283,BK_P05283,machine-proposed,FINANCIAL
A_0086598f0c2e,CHAR_001,Fyodor Pavlovich Karamazov,FINANCIAL,CHAR_005,Pavel Fyodorovich Smerdyakov,undirected_or_unknown,0.58,unreviewed,cue+cooccurrence rule,5283,BK_P05283,machine-proposed,FINANCIAL
A_09464a948ae9,CHAR_001,Fyodor Pavlovich Karamazov,FINANCIAL,CHAR_013,Madame Khokhlakov,undirected_or_unknown,0.58,unreviewed,cue+cooccurrence rule,5283,BK_P05283,machine-proposed,FINANCIAL
A_76cd80de5a6d,CHAR_002,Dmitri Fyodorovich Karamazov,FINANCIAL,CHAR_005,Pavel Fyodorovich Smerdyakov,undirected_or_unknown,0.58,unreviewed,cue+cooccurrence rule,5283,BK_P05283,machine-proposed,FINANCIAL
A_bc59db8553b1,CHAR_002,Dmitri Fyodorovich Karamazov,FINANCIAL,CHAR_013,Madame Khokhlakov,undirected_or_unknown,0.58,unreviewed,cue+cooccurrence rule,5283,BK_P05283,machine-proposed,FINANCIAL
A_2281bfc0409c,CHAR_005,Pavel Fyodorovich Smerdyakov,FINANCIAL,CHAR_013,Madame Khokhlakov,undirected_or_unknown,0.58,unreviewed,cue+cooccurrence rule,5283,BK_P05283,machine-proposed,FINANCIAL
A_797b7e6fc821,CHAR_001,Fyodor Pavlovich Karamazov,SOCIAL,CHAR_002,Dmitri Fyodorovich Karamazov,undirected_or_unknown,0.55,unreviewed,cue+cooccurrence rule,5283,BK_P05283,machine-proposed,SOCIAL
A_f8d7bafe05c4,CHAR_001,Fyodor Pavlovich Karamazov,SOCIAL,CHAR_005,Pavel Fyodorovich Smerdyakov,undirected_or_unknown,0.55,unreviewed,cue+cooccurrence rule,5283,BK_P05283,machine-proposed,SOCIAL
A_34937aba720f,CHAR_001,Fyodor Pavlovich Karamazov,SOCIAL,CHAR_013,Madame Khokhlakov,undirected_or_unknown,0.55,unreviewed,cue+cooccurrence rule,5283,BK_P05283,machine-proposed,SOCIAL
A_1f8bf2cadf54,CHAR_002,Dmitri Fyodorovich Karamazov,SOCIAL,CHAR_005,Pavel Fyodorovich Smerdyakov,undirected_or_unknown,0.55,unreviewed,cue+cooccurrence rule,5283,BK_P05283,machine-proposed,SOCIAL
A_2ce56cc91d67,CHAR_002,Dmitri Fyodorovich Karamazov,SOCIAL,CHAR_013,Madame Khokhlakov,undirected_or_unknown,0.55,unreviewed,cue+cooccurrence rule,5283,BK_P05283,machine-proposed,SOCIAL
A_82b692bcbb5e,CHAR_005,Pavel Fyodorovich Smerdyakov,SOCIAL,CHAR_013,Madame Khokhlakov,undirected_or_unknown,0.55,unreviewed,cue+cooccurrence rule,5283,BK_P05283,machine-proposed,SOCIAL
A_1e8bc792dc4c,CHAR_001,Fyodor Pavlovich Karamazov,FAMILY,CHAR_003,Ivan Fyodorovich Karamazov,undirected_or_unknown,0.72,unreviewed,cue+cooccurrence rule,5288,BK_P05288,machine-proposed,FAMILY
A_56e264acecd7,CHAR_001,Fyodor Pavlovich Karamazov,FAMILY,CHAR_005,Pavel Fyodorovich Smerdyakov,undirected_or_unknown,0.72,unreviewed,cue+cooccurrence rule,5288,BK_P05288,machine-proposed,FAMILY
A_8f82681e69cf,CHAR_003,Ivan Fyodorovich Karamazov,FAMILY,CHAR_005,Pavel Fyodorovich Smerdyakov,undirected_or_unknown,0.72,unreviewed,cue+cooccurrence rule,5288,BK_P05288,machine-proposed,FAMILY
A_eb1571273a2c,CHAR_001,Fyodor Pavlovich Karamazov,CONFLICT,CHAR_005,Pavel Fyodorovich Smerdyakov,undirected_or_unknown,0.64,unreviewed,cue+cooccurrence rule,5294,BK_P05294,machine-proposed,CONFLICT
A_6138456ebe6c,CHAR_002,Dmitri Fyodorovich Karamazov,FAMILY,CHAR_005,Pavel Fyodorovich Smerdyakov,undirected_or_unknown,0.72,unreviewed,cue+cooccurrence rule,5296,BK_P05296,machine-proposed,FAMILY
A_7f669220a630,CHAR_002,Dmitri Fyodorovich Karamazov,CONFLICT,CHAR_005,Pavel Fyodorovich Smerdyakov,undirected_or_unknown,0.64,unreviewed,cue+cooccurrence rule,5296,BK_P05296,machine-proposed,CONFLICT
A_898342923326,CHAR_002,Dmitri Fyodorovich Karamazov,FINANCIAL,CHAR_005,Pavel Fyodorovich Smerdyakov,undirected_or_unknown,0.58,unreviewed,cue+cooccurrence rule,5296,BK_P05296,machine-proposed,FINANCIAL
A_b4c6555f90fb,CHAR_001,Fyodor Pavlovich Karamazov,CONFLICT,CHAR_005,Pavel Fyodorovich Smerdyakov,undirected_or_unknown,0.64,unreviewed,cue+cooccurrence rule,5302,BK_P05302,machine-proposed,CONFLICT
A_7872458d1cde,CHAR_001,Fyodor Pavlovich Karamazov,FINANCIAL,CHAR_003,Ivan Fyodorovich Karamazov,undirected_or_unknown,0.58,unreviewed,cue+cooccurrence rule,5304,BK_P05304,machine-proposed,FINANCIAL
A_526ab1c5b3ef,CHAR_001,Fyodor Pavlovich Karamazov,FINANCIAL,CHAR_005,Pavel Fyodorovich Smerdyakov,undirected_or_unknown,0.58,unreviewed,cue+cooccurrence rule,5304,BK_P05304,machine-proposed,FINANCIAL
A_a0192e0d77e9,CHAR_003,Ivan Fyodorovich Karamazov,FINANCIAL,CHAR_005,Pavel Fyodorovich Smerdyakov,undirected_or_unknown,0.58,unreviewed,cue+cooccurrence rule,5304,BK_P05304,machine-proposed,FINANCIAL
A_82dca78fb781,CHAR_001,Fyodor Pavlovich Karamazov,FINANCIAL,CHAR_003,Ivan Fyodorovich Karamazov,undirected_or_unknown,0.58,unreviewed,cue+cooccurrence rule,5305,BK_P05305,machine-proposed,FINANCIAL
A_a32e51146928,CHAR_001,Fyodor Pavlovich Karamazov,FAMILY,CHAR_003,Ivan Fyodorovich Karamazov,undirected_or_unknown,0.72,unreviewed,cue+cooccurrence rule,5306,BK_P05306,machine-proposed,FAMILY
A_ee44c36542aa,CHAR_001,Fyodor Pavlovich Karamazov,FAMILY,CHAR_005,Pavel Fyodorovich Smerdyakov,undirected_or_unknown,0.72,unreviewed,cue+cooccurrence rule,5306,BK_P05306,machine-proposed,FAMILY
A_c763f849382f,CHAR_003,Ivan Fyodorovich Karamazov,FAMILY,CHAR_005,Pavel Fyodorovich Smerdyakov,undirected_or_unknown,0.72,unreviewed,cue+cooccurrence rule,5306,BK_P05306,machine-proposed,FAMILY
A_59fa153e5358,CHAR_001,Fyodor Pavlovich Karamazov,FINANCIAL,CHAR_003,Ivan Fyodorovich Karamazov,undirected_or_unknown,0.58,unreviewed,cue+cooccurrence rule,5306,BK_P05306,machine-proposed,FINANCIAL
A_ef927ef93797,CHAR_001,Fyodor Pavlovich Karamazov,FINANCIAL,CHAR_005,Pavel Fyodorovich Smerdyakov,undirected_or_unknown,0.58,unreviewed,cue+cooccurrence rule,5306,BK_P05306,machine-proposed,FINANCIAL
A_de27fc548218,CHAR_003,Ivan Fyodorovich Karamazov,FINANCIAL,CHAR_005,Pavel Fyodorovich Smerdyakov,undirected_or_unknown,0.58,unreviewed,cue+cooccurrence rule,5306,BK_P05306,machine-proposed,FINANCIAL
A_e2fb7d7f9d59,CHAR_001,Fyodor Pavlovich Karamazov,FINANCIAL,CHAR_002,Dmitri Fyodorovich Karamazov,undirected_or_unknown,0.58,unreviewed,cue+cooccurrence rule,5309,BK_P05309,machine-proposed,FINANCIAL
A_8091e69c24cb,CHAR_001,Fyodor Pavlovich Karamazov,FINANCIAL,CHAR_005,Pavel Fyodorovich Smerdyakov,undirected_or_unknown,0.58,unreviewed,cue+cooccurrence rule,5309,BK_P05309,machine-proposed,FINANCIAL
A_08cd5495d972,CHAR_002,Dmitri Fyodorovich Karamazov,FINANCIAL,CHAR_005,Pavel Fyodorovich Smerdyakov,undirected_or_unknown,0.58,unreviewed,cue+cooccurrence rule,5309,BK_P05309,machine-proposed,FINANCIAL
A_3ebd47fb81bc,CHAR_001,Fyodor Pavlovich Karamazov,FAMILY,CHAR_002,Dmitri Fyodorovich Karamazov,undirected_or_unknown,0.72,unreviewed,cue+cooccurrence rule,5315,BK_P05315,machine-proposed,FAMILY
A_0b38e9389e02,CHAR_001,Fyodor Pavlovich Karamazov,FAMILY,CHAR_012,Pyotr Ilyich Perkhotin,undirected_or_unknown,0.72,unreviewed,cue+cooccurrence rule,5315,BK_P05315,machine-proposed,FAMILY
A_5a850e3f9940,CHAR_002,Dmitri Fyodorovich Karamazov,FAMILY,CHAR_012,Pyotr Ilyich Perkhotin,undirected_or_unknown,0.72,unreviewed,cue+cooccurrence rule,5315,BK_P05315,machine-proposed,FAMILY
A_7e0886fa857b,CHAR_001,Fyodor Pavlovich Karamazov,ROMANTIC,CHAR_002,Dmitri Fyodorovich Karamazov,undirected_or_unknown,0.65,unreviewed,cue+cooccurrence rule,5315,BK_P05315,machine-proposed,ROMANTIC
A_8a19350e64c3,CHAR_001,Fyodor Pavlovich Karamazov,ROMANTIC,CHAR_012,Pyotr Ilyich Perkhotin,undirected_or_unknown,0.65,unreviewed,cue+cooccurrence rule,5315,BK_P05315,machine-proposed,ROMANTIC
A_acc44979ca59,CHAR_002,Dmitri Fyodorovich Karamazov,ROMANTIC,CHAR_012,Pyotr Ilyich Perkhotin,undirected_or_unknown,0.65,unreviewed,cue+cooccurrence rule,5315,BK_P05315,machine-proposed,ROMANTIC
A_b46522cc2402,CHAR_001,Fyodor Pavlovich Karamazov,FINANCIAL,CHAR_002,Dmitri Fyodorovich Karamazov,undirected_or_unknown,0.58,unreviewed,cue+cooccurrence rule,5315,BK_P05315,machine-proposed,FINANCIAL
A_b7a692789c6f,CHAR_001,Fyodor Pavlovich Karamazov,FINANCIAL,CHAR_012,Pyotr Ilyich Perkhotin,undirected_or_unknown,0.58,unreviewed,cue+cooccurrence rule,5315,BK_P05315,machine-proposed,FINANCIAL
A_3f658e5317f2,CHAR_002,Dmitri Fyodorovich Karamazov,FINANCIAL,CHAR_012,Pyotr Ilyich Perkhotin,undirected_or_unknown,0.58,unreviewed,cue+cooccurrence rule,5315,BK_P05315,machine-proposed,FINANCIAL
A_193b1314766b,CHAR_001,Fyodor Pavlovich Karamazov,SOCIAL,CHAR_002,Dmitri Fyodorovich Karamazov,undirected_or_unknown,0.55,unreviewed,cue+cooccurrence rule,5315,BK_P05315,machine-proposed,SOCIAL
A_4bf4a9f8e762,CHAR_001,Fyodor Pavlovich Karamazov,SOCIAL,CHAR_012,Pyotr Ilyich Perkhotin,undirected_or_unknown,0.55,unreviewed,cue+cooccurrence rule,5315,BK_P05315,machine-proposed,SOCIAL
A_e43347b62ec9,CHAR_002,Dmitri Fyodorovich Karamazov,SOCIAL,CHAR_012,Pyotr Ilyich Perkhotin,undirected_or_unknown,0.55,unreviewed,cue+cooccurrence rule,5315,BK_P05315,machine-proposed,SOCIAL
A_37b4c3e3d35c,CHAR_001,Fyodor Pavlovich Karamazov,ROMANTIC,CHAR_002,Dmitri Fyodorovich Karamazov,undirected_or_unknown,0.65,unreviewed,cue+cooccurrence rule,5319,BK_P05319,machine-proposed,ROMANTIC
A_2c2763c09a93,CHAR_003,Ivan Fyodorovich Karamazov,FAMILY,CHAR_005,Pavel Fyodorovich Smerdyakov,undirected_or_unknown,0.72,unreviewed,cue+cooccurrence rule,5393,BK_P05393,machine-proposed,FAMILY
A_0218be986bf0,CHAR_003,Ivan Fyodorovich Karamazov,FINANCIAL,CHAR_005,Pavel Fyodorovich Smerdyakov,undirected_or_unknown,0.58,unreviewed,cue+cooccurrence rule,5393,BK_P05393,machine-proposed,FINANCIAL
A_aa740bf5c596,CHAR_001,Fyodor Pavlovich Karamazov,FINANCIAL,CHAR_005,Pavel Fyodorovich Smerdyakov,undirected_or_unknown,0.58,unreviewed,cue+cooccurrence rule,5395,BK_P05395,machine-proposed,FINANCIAL
A_cdc2ee625571,CHAR_001,Fyodor Pavlovich Karamazov,CONFLICT,CHAR_005,Pavel Fyodorovich Smerdyakov,undirected_or_unknown,0.64,unreviewed,cue+cooccurrence rule,5397,BK_P05397,machine-proposed,CONFLICT
A_db0547ae5607,CHAR_001,Fyodor Pavlovich Karamazov,FINANCIAL,CHAR_005,Pavel Fyodorovich Smerdyakov,undirected_or_unknown,0.58,unreviewed,cue+cooccurrence rule,5397,BK_P05397,machine-proposed,FINANCIAL
A_6f87c8cd6357,CHAR_001,Fyodor Pavlovich Karamazov,ROMANTIC,CHAR_007,Katerina Ivanovna Verkhovtseva,undirected_or_unknown,0.65,unreviewed,cue+cooccurrence rule,5404,BK_P05404,machine-proposed,ROMANTIC
A_1fa97defbb99,CHAR_001,Fyodor Pavlovich Karamazov,FINANCIAL,CHAR_007,Katerina Ivanovna Verkhovtseva,undirected_or_unknown,0.58,unreviewed,cue+cooccurrence rule,5404,BK_P05404,machine-proposed,FINANCIAL
A_22702df3e79c,CHAR_006,Agrafena Alexandrovna Svetlova,FAMILY,CHAR_007,Katerina Ivanovna Verkhovtseva,undirected_or_unknown,0.72,unreviewed,cue+cooccurrence rule,5405,BK_P05405,machine-proposed,FAMILY
A_b685bb30490f,CHAR_006,Agrafena Alexandrovna Svetlova,ROMANTIC,CHAR_007,Katerina Ivanovna Verkhovtseva,undirected_or_unknown,0.65,unreviewed,cue+cooccurrence rule,5405,BK_P05405,machine-proposed,ROMANTIC
A_af0dc345632f,CHAR_001,Fyodor Pavlovich Karamazov,FAMILY,CHAR_004,Alexei Fyodorovich Karamazov,undirected_or_unknown,0.72,unreviewed,cue+cooccurrence rule,5406,BK_P05406,machine-proposed,FAMILY
A_7a0716f8e645,CHAR_001,Fyodor Pavlovich Karamazov,FINANCIAL,CHAR_004,Alexei Fyodorovich Karamazov,undirected_or_unknown,0.58,unreviewed,cue+cooccurrence rule,5406,BK_P05406,machine-proposed,FINANCIAL
A_255e9d51a596,CHAR_001,Fyodor Pavlovich Karamazov,FAMILY,CHAR_003,Ivan Fyodorovich Karamazov,undirected_or_unknown,0.72,unreviewed,cue+cooccurrence rule,5417,BK_P05417,machine-proposed,FAMILY
A_f3e6aa4b88af,CHAR_001,Fyodor Pavlovich Karamazov,FAMILY,CHAR_005,Pavel Fyodorovich Smerdyakov,undirected_or_unknown,0.72,unreviewed,cue+cooccurrence rule,5417,BK_P05417,machine-proposed,FAMILY
A_5fac8cde380f,CHAR_003,Ivan Fyodorovich Karamazov,FAMILY,CHAR_005,Pavel Fyodorovich Smerdyakov,undirected_or_unknown,0.72,unreviewed,cue+cooccurrence rule,5417,BK_P05417,machine-proposed,FAMILY
A_ccb6868471f3,CHAR_001,Fyodor Pavlovich Karamazov,CONFLICT,CHAR_003,Ivan Fyodorovich Karamazov,undirected_or_unknown,0.64,unreviewed,cue+cooccurrence rule,5417,BK_P05417,machine-proposed,CONFLICT
A_ddc3e367966e,CHAR_001,Fyodor Pavlovich Karamazov,CONFLICT,CHAR_005,Pavel Fyodorovich Smerdyakov,undirected_or_unknown,0.64,unreviewed,cue+cooccurrence rule,5417,BK_P05417,machine-proposed,CONFLICT
A_bbb900524e87,CHAR_003,Ivan Fyodorovich Karamazov,CONFLICT,CHAR_005,Pavel Fyodorovich Smerdyakov,undirected_or_unknown,0.64,unreviewed,cue+cooccurrence rule,5417,BK_P05417,machine-proposed,CONFLICT
A_eac669f778ee,CHAR_001,Fyodor Pavlovich Karamazov,FAMILY,CHAR_005,Pavel Fyodorovich Smerdyakov,undirected_or_unknown,0.72,unreviewed,cue+cooccurrence rule,5418,BK_P05418,machine-proposed,FAMILY
A_3df895f714b4,CHAR_001,Fyodor Pavlovich Karamazov,ROMANTIC,CHAR_005,Pavel Fyodorovich Smerdyakov,undirected_or_unknown,0.65,unreviewed,cue+cooccurrence rule,5418,BK_P05418,machine-proposed,ROMANTIC
A_19c6f9c54481,CHAR_001,Fyodor Pavlovich Karamazov,FINANCIAL,CHAR_005,Pavel Fyodorovich Smerdyakov,undirected_or_unknown,0.58,unreviewed,cue+cooccurrence rule,5418,BK_P05418,machine-proposed,FINANCIAL
A_e99bfcba2b96,CHAR_001,Fyodor Pavlovich Karamazov,SOCIAL,CHAR_005,Pavel Fyodorovich Smerdyakov,undirected_or_unknown,0.55,unreviewed,cue+cooccurrence rule,5418,BK_P05418,machine-proposed,SOCIAL
A_3564ea548c58,CHAR_001,Fyodor Pavlovich Karamazov,FAMILY,CHAR_005,Pavel Fyodorovich Smerdyakov,undirected_or_unknown,0.72,unreviewed,cue+cooccurrence rule,5454,BK_P05454,machine-proposed,FAMILY
A_441c3ce60cef,CHAR_001,Fyodor Pavlovich Karamazov,FINANCIAL,CHAR_005,Pavel Fyodorovich Smerdyakov,undirected_or_unknown,0.58,unreviewed,cue+cooccurrence rule,5454,BK_P05454,machine-proposed,FINANCIAL
A_012bf819d6bb,CHAR_002,Dmitri Fyodorovich Karamazov,FAMILY,CHAR_003,Ivan Fyodorovich Karamazov,undirected_or_unknown,0.72,unreviewed,cue+cooccurrence rule,5501,BK_P05501,machine-proposed,FAMILY
A_4fd4c43f1a4a,CHAR_002,Dmitri Fyodorovich Karamazov,FAMILY,CHAR_004,Alexei Fyodorovich Karamazov,undirected_or_unknown,0.72,unreviewed,cue+cooccurrence rule,5501,BK_P05501,machine-proposed,FAMILY
A_c2d4f00102d3,CHAR_002,Dmitri Fyodorovich Karamazov,FAMILY,CHAR_007,Katerina Ivanovna Verkhovtseva,undirected_or_unknown,0.72,unreviewed,cue+cooccurrence rule,5501,BK_P05501,machine-proposed,FAMILY
A_87c98004d6c4,CHAR_003,Ivan Fyodorovich Karamazov,FAMILY,CHAR_004,Alexei Fyodorovich Karamazov,undirected_or_unknown,0.72,unreviewed,cue+cooccurrence rule,5501,BK_P05501,machine-proposed,FAMILY
A_42bb99c04d46,CHAR_003,Ivan Fyodorovich Karamazov,FAMILY,CHAR_007,Katerina Ivanovna Verkhovtseva,undirected_or_unknown,0.72,unreviewed,cue+cooccurrence rule,5501,BK_P05501,machine-proposed,FAMILY
A_57f94e8b9b70,CHAR_004,Alexei Fyodorovich Karamazov,FAMILY,CHAR_007,Katerina Ivanovna Verkhovtseva,undirected_or_unknown,0.72,unreviewed,cue+cooccurrence rule,5501,BK_P05501,machine-proposed,FAMILY
A_4b978cbbed8e,CHAR_002,Dmitri Fyodorovich Karamazov,SOCIAL,CHAR_003,Ivan Fyodorovich Karamazov,undirected_or_unknown,0.55,unreviewed,cue+cooccurrence rule,5501,BK_P05501,machine-proposed,SOCIAL
A_1d3bfdaa744f,CHAR_002,Dmitri Fyodorovich Karamazov,SOCIAL,CHAR_004,Alexei Fyodorovich Karamazov,undirected_or_unknown,0.55,unreviewed,cue+cooccurrence rule,5501,BK_P05501,machine-proposed,SOCIAL
A_a3668080912e,CHAR_002,Dmitri Fyodorovich Karamazov,SOCIAL,CHAR_007,Katerina Ivanovna Verkhovtseva,undirected_or_unknown,0.55,unreviewed,cue+cooccurrence rule,5501,BK_P05501,machine-proposed,SOCIAL
A_1dd24393ebc8,CHAR_003,Ivan Fyodorovich Karamazov,SOCIAL,CHAR_004,Alexei Fyodorovich Karamazov,undirected_or_unknown,0.55,unreviewed,cue+cooccurrence rule,5501,BK_P05501,machine-proposed,SOCIAL
A_46f54dd895fb,CHAR_003,Ivan Fyodorovich Karamazov,SOCIAL,CHAR_007,Katerina Ivanovna Verkhovtseva,undirected_or_unknown,0.55,unreviewed,cue+cooccurrence rule,5501,BK_P05501,machine-proposed,SOCIAL
A_fbe3602584e1,CHAR_004,Alexei Fyodorovich Karamazov,SOCIAL,CHAR_007,Katerina Ivanovna Verkhovtseva,undirected_or_unknown,0.55,unreviewed,cue+cooccurrence rule,5501,BK_P05501,machine-proposed,SOCIAL
A_6d15d4f0f387,CHAR_002,Dmitri Fyodorovich Karamazov,FAMILY,CHAR_003,Ivan Fyodorovich Karamazov,undirected_or_unknown,0.72,unreviewed,cue+cooccurrence rule,5503,BK_P05503,machine-proposed,FAMILY
A_5712ecde3f72,CHAR_002,Dmitri Fyodorovich Karamazov,FAMILY,CHAR_004,Alexei Fyodorovich Karamazov,undirected_or_unknown,0.72,unreviewed,cue+cooccurrence rule,5503,BK_P05503,machine-proposed,FAMILY
A_029f20e47cf8,CHAR_002,Dmitri Fyodorovich Karamazov,FAMILY,CHAR_007,Katerina Ivanovna Verkhovtseva,undirected_or_unknown,0.72,unreviewed,cue+cooccurrence rule,5503,BK_P05503,machine-proposed,FAMILY
A_052d4eff292a,CHAR_003,Ivan Fyodorovich Karamazov,FAMILY,CHAR_004,Alexei Fyodorovich Karamazov,undirected_or_unknown,0.72,unreviewed,cue+cooccurrence rule,5503,BK_P05503,machine-proposed,FAMILY
A_a375cb626b0d,CHAR_003,Ivan Fyodorovich Karamazov,FAMILY,CHAR_007,Katerina Ivanovna Verkhovtseva,undirected_or_unknown,0.72,unreviewed,cue+cooccurrence rule,5503,BK_P05503,machine-proposed,FAMILY
A_1df477eb09b0,CHAR_004,Alexei Fyodorovich Karamazov,FAMILY,CHAR_007,Katerina Ivanovna Verkhovtseva,undirected_or_unknown,0.72,unreviewed,cue+cooccurrence rule,5503,BK_P05503,machine-proposed,FAMILY
A_16fb4854dbd2,CHAR_002,Dmitri Fyodorovich Karamazov,ROMANTIC,CHAR_003,Ivan Fyodorovich Karamazov,undirected_or_unknown,0.65,unreviewed,cue+cooccurrence rule,5503,BK_P05503,machine-proposed,ROMANTIC
A_82a5630f9940,CHAR_002,Dmitri Fyodorovich Karamazov,ROMANTIC,CHAR_004,Alexei Fyodorovich Karamazov,undirected_or_unknown,0.65,unreviewed,cue+cooccurrence rule,5503,BK_P05503,machine-proposed,ROMANTIC
A_a3019b1f414e,CHAR_002,Dmitri Fyodorovich Karamazov,ROMANTIC,CHAR_007,Katerina Ivanovna Verkhovtseva,undirected_or_unknown,0.65,unreviewed,cue+cooccurrence rule,5503,BK_P05503,machine-proposed,ROMANTIC
A_55c1081176bd,CHAR_003,Ivan Fyodorovich Karamazov,ROMANTIC,CHAR_004,Alexei Fyodorovich Karamazov,undirected_or_unknown,0.65,unreviewed,cue+cooccurrence rule,5503,BK_P05503,machine-proposed,ROMANTIC
A_a018e8c53199,CHAR_003,Ivan Fyodorovich Karamazov,ROMANTIC,CHAR_007,Katerina Ivanovna Verkhovtseva,undirected_or_unknown,0.65,unreviewed,cue+cooccurrence rule,5503,BK_P05503,machine-proposed,ROMANTIC
A_c6ee69f9eb82,CHAR_004,Alexei Fyodorovich Karamazov,ROMANTIC,CHAR_007,Katerina Ivanovna Verkhovtseva,undirected_or_unknown,0.65,unreviewed,cue+cooccurrence rule,5503,BK_P05503,machine-proposed,ROMANTIC
A_431128bda578,CHAR_002,Dmitri Fyodorovich Karamazov,CONFLICT,CHAR_003,Ivan Fyodorovich Karamazov,undirected_or_unknown,0.64,unreviewed,cue+cooccurrence rule,5503,BK_P05503,machine-proposed,CONFLICT
A_8101ef73c51f,CHAR_002,Dmitri Fyodorovich Karamazov,CONFLICT,CHAR_004,Alexei Fyodorovich Karamazov,undirected_or_unknown,0.64,unreviewed,cue+cooccurrence rule,5503,BK_P05503,machine-proposed,CONFLICT
A_6c27b6506fee,CHAR_002,Dmitri Fyodorovich Karamazov,CONFLICT,CHAR_007,Katerina Ivanovna Verkhovtseva,undirected_or_unknown,0.64,unreviewed,cue+cooccurrence rule,5503,BK_P05503,machine-proposed,CONFLICT
A_f907920debfb,CHAR_003,Ivan Fyodorovich Karamazov,CONFLICT,CHAR_004,Alexei Fyodorovich Karamazov,undirected_or_unknown,0.64,unreviewed,cue+cooccurrence rule,5503,BK_P05503,machine-proposed,CONFLICT
A_5bb63a3c64c4,CHAR_003,Ivan Fyodorovich Karamazov,CONFLICT,CHAR_007,Katerina Ivanovna Verkhovtseva,undirected_or_unknown,0.64,unreviewed,cue+cooccurrence rule,5503,BK_P05503,machine-proposed,CONFLICT
A_d60086dcb863,CHAR_004,Alexei Fyodorovich Karamazov,CONFLICT,CHAR_007,Katerina Ivanovna Verkhovtseva,undirected_or_unknown,0.64,unreviewed,cue+cooccurrence rule,5503,BK_P05503,machine-proposed,CONFLICT
A_bd1591dd885f,CHAR_002,Dmitri Fyodorovich Karamazov,FINANCIAL,CHAR_003,Ivan Fyodorovich Karamazov,undirected_or_unknown,0.58,unreviewed,cue+cooccurrence rule,5503,BK_P05503,machine-proposed,FINANCIAL
A_452fe0474ef6,CHAR_002,Dmitri Fyodorovich Karamazov,FINANCIAL,CHAR_004,Alexei Fyodorovich Karamazov,undirected_or_unknown,0.58,unreviewed,cue+cooccurrence rule,5503,BK_P05503,machine-proposed,FINANCIAL
A_5b7c5356ad11,CHAR_002,Dmitri Fyodorovich Karamazov,FINANCIAL,CHAR_007,Katerina Ivanovna Verkhovtseva,undirected_or_unknown,0.58,unreviewed,cue+cooccurrence rule,5503,BK_P05503,machine-proposed,FINANCIAL
A_4b1401e91042,CHAR_003,Ivan Fyodorovich Karamazov,FINANCIAL,CHAR_004,Alexei Fyodorovich Karamazov,undirected_or_unknown,0.58,unreviewed,cue+cooccurrence rule,5503,BK_P05503,machine-proposed,FINANCIAL
A_13310ad8b91f,CHAR_003,Ivan Fyodorovich Karamazov,FINANCIAL,CHAR_007,Katerina Ivanovna Verkhovtseva,undirected_or_unknown,0.58,unreviewed,cue+cooccurrence rule,5503,BK_P05503,machine-proposed,FINANCIAL
A_6cb3dd26cd56,CHAR_004,Alexei Fyodorovich Karamazov,FINANCIAL,CHAR_007,Katerina Ivanovna Verkhovtseva,undirected_or_unknown,0.58,unreviewed,cue+cooccurrence rule,5503,BK_P05503,machine-proposed,FINANCIAL
A_1ba231f6597e,CHAR_003,Ivan Fyodorovich Karamazov,ROMANTIC,CHAR_007,Katerina Ivanovna Verkhovtseva,undirected_or_unknown,0.65,unreviewed,cue+cooccurrence rule,5506,BK_P05506,machine-proposed,ROMANTIC
A_f64ba654af59,CHAR_003,Ivan Fyodorovich Karamazov,CONFLICT,CHAR_007,Katerina Ivanovna Verkhovtseva,undirected_or_unknown,0.64,unreviewed,cue+cooccurrence rule,5506,BK_P05506,machine-proposed,CONFLICT
A_b30fed419f0d,CHAR_002,Dmitri Fyodorovich Karamazov,SOCIAL,CHAR_004,Alexei Fyodorovich Karamazov,undirected_or_unknown,0.55,unreviewed,cue+cooccurrence rule,5527,BK_P05527,machine-proposed,SOCIAL
A_7aad2e8cf536,CHAR_002,Dmitri Fyodorovich Karamazov,SOCIAL,CHAR_005,Pavel Fyodorovich Smerdyakov,undirected_or_unknown,0.55,unreviewed,cue+cooccurrence rule,5527,BK_P05527,machine-proposed,SOCIAL
A_264cdbcfbb96,CHAR_002,Dmitri Fyodorovich Karamazov,SOCIAL,CHAR_006,Agrafena Alexandrovna Svetlova,undirected_or_unknown,0.55,unreviewed,cue+cooccurrence rule,5527,BK_P05527,machine-proposed,SOCIAL
A_3216d4b94425,CHAR_002,Dmitri Fyodorovich Karamazov,SOCIAL,CHAR_013,Madame Khokhlakov,undirected_or_unknown,0.55,unreviewed,cue+cooccurrence rule,5527,BK_P05527,machine-proposed,SOCIAL
A_e935138fff4b,CHAR_002,Dmitri Fyodorovich Karamazov,SOCIAL,CHAR_014,Lise Khokhlakov,undirected_or_unknown,0.55,unreviewed,cue+cooccurrence rule,5527,BK_P05527,machine-proposed,SOCIAL
A_ee7eded7834f,CHAR_004,Alexei Fyodorovich Karamazov,SOCIAL,CHAR_005,Pavel Fyodorovich Smerdyakov,undirected_or_unknown,0.55,unreviewed,cue+cooccurrence rule,5527,BK_P05527,machine-proposed,SOCIAL
A_fe4a7d6e7179,CHAR_004,Alexei Fyodorovich Karamazov,SOCIAL,CHAR_006,Agrafena Alexandrovna Svetlova,undirected_or_unknown,0.55,unreviewed,cue+cooccurrence rule,5527,BK_P05527,machine-proposed,SOCIAL
A_1a7244ec1bfd,CHAR_004,Alexei Fyodorovich Karamazov,SOCIAL,CHAR_013,Madame Khokhlakov,undirected_or_unknown,0.55,unreviewed,cue+cooccurrence rule,5527,BK_P05527,machine-proposed,SOCIAL
A_22043de104f4,CHAR_004,Alexei Fyodorovich Karamazov,SOCIAL,CHAR_014,Lise Khokhlakov,undirected_or_unknown,0.55,unreviewed,cue+cooccurrence rule,5527,BK_P05527,machine-proposed,SOCIAL
A_2fd8fbed2d8e,CHAR_005,Pavel Fyodorovich Smerdyakov,SOCIAL,CHAR_006,Agrafena Alexandrovna Svetlova,undirected_or_unknown,0.55,unreviewed,cue+cooccurrence rule,5527,BK_P05527,machine-proposed,SOCIAL
A_432769fcb6c8,CHAR_005,Pavel Fyodorovich Smerdyakov,SOCIAL,CHAR_013,Madame Khokhlakov,undirected_or_unknown,0.55,unreviewed,cue+cooccurrence rule,5527,BK_P05527,machine-proposed,SOCIAL
A_fea41c171d64,CHAR_005,Pavel Fyodorovich Smerdyakov,SOCIAL,CHAR_014,Lise Khokhlakov,undirected_or_unknown,0.55,unreviewed,cue+cooccurrence rule,5527,BK_P05527,machine-proposed,SOCIAL
A_c96df25ace12,CHAR_006,Agrafena Alexandrovna Svetlova,SOCIAL,CHAR_013,Madame Khokhlakov,undirected_or_unknown,0.55,unreviewed,cue+cooccurrence rule,5527,BK_P05527,machine-proposed,SOCIAL
A_0a5cfc206699,CHAR_006,Agrafena Alexandrovna Svetlova,SOCIAL,CHAR_014,Lise Khokhlakov,undirected_or_unknown,0.55,unreviewed,cue+cooccurrence rule,5527,BK_P05527,machine-proposed,SOCIAL
A_c35069f5e951,CHAR_013,Madame Khokhlakov,SOCIAL,CHAR_014,Lise Khokhlakov,undirected_or_unknown,0.55,unreviewed,cue+cooccurrence rule,5527,BK_P05527,machine-proposed,SOCIAL
A_df21b6523d45,CHAR_004,Alexei Fyodorovich Karamazov,FAMILY,CHAR_006,Agrafena Alexandrovna Svetlova,undirected_or_unknown,0.72,unreviewed,cue+cooccurrence rule,5528,BK_P05528,machine-proposed,FAMILY
A_462a58a0317b,CHAR_002,Dmitri Fyodorovich Karamazov,FAMILY,CHAR_003,Ivan Fyodorovich Karamazov,undirected_or_unknown,0.72,unreviewed,cue+cooccurrence rule,5536,BK_P05536,machine-proposed,FAMILY
A_a7d14801455c,CHAR_002,Dmitri Fyodorovich Karamazov,FAMILY,CHAR_007,Katerina Ivanovna Verkhovtseva,undirected_or_unknown,0.72,unreviewed,cue+cooccurrence rule,5536,BK_P05536,machine-proposed,FAMILY
A_58fefb3a63ca,CHAR_003,Ivan Fyodorovich Karamazov,FAMILY,CHAR_007,Katerina Ivanovna Verkhovtseva,undirected_or_unknown,0.72,unreviewed,cue+cooccurrence rule,5536,BK_P05536,machine-proposed,FAMILY
A_54b6aacbb56e,CHAR_004,Alexei Fyodorovich Karamazov,ROMANTIC,CHAR_006,Agrafena Alexandrovna Svetlova,undirected_or_unknown,0.65,unreviewed,cue+cooccurrence rule,5543,BK_P05543,machine-proposed,ROMANTIC
A_39116f3924cb,CHAR_003,Ivan Fyodorovich Karamazov,FAMILY,CHAR_004,Alexei Fyodorovich Karamazov,undirected_or_unknown,0.72,unreviewed,cue+cooccurrence rule,5547,BK_P05547,machine-proposed,FAMILY
A_cd71e03f987b,CHAR_003,Ivan Fyodorovich Karamazov,FAMILY,CHAR_007,Katerina Ivanovna Verkhovtseva,undirected_or_unknown,0.72,unreviewed,cue+cooccurrence rule,5547,BK_P05547,machine-proposed,FAMILY
A_b4c4b7f6e073,CHAR_004,Alexei Fyodorovich Karamazov,FAMILY,CHAR_007,Katerina Ivanovna Verkhovtseva,undirected_or_unknown,0.72,unreviewed,cue+cooccurrence rule,5547,BK_P05547,machine-proposed,FAMILY
A_44b066a86fbc,CHAR_002,Dmitri Fyodorovich Karamazov,FAMILY,CHAR_004,Alexei Fyodorovich Karamazov,undirected_or_unknown,0.72,unreviewed,cue+cooccurrence rule,5550,BK_P05550,machine-proposed,FAMILY
A_862d1c444fe2,CHAR_002,Dmitri Fyodorovich Karamazov,FAMILY,CHAR_006,Agrafena Alexandrovna Svetlova,undirected_or_unknown,0.72,unreviewed,cue+cooccurrence rule,5550,BK_P05550,machine-proposed,FAMILY
A_fcbdb698fdab,CHAR_004,Alexei Fyodorovich Karamazov,FAMILY,CHAR_006,Agrafena Alexandrovna Svetlova,undirected_or_unknown,0.72,unreviewed,cue+cooccurrence rule,5550,BK_P05550,machine-proposed,FAMILY
A_61bf395e902a,CHAR_002,Dmitri Fyodorovich Karamazov,ROMANTIC,CHAR_004,Alexei Fyodorovich Karamazov,undirected_or_unknown,0.65,unreviewed,cue+cooccurrence rule,5550,BK_P05550,machine-proposed,ROMANTIC
A_b04a603fab2f,CHAR_002,Dmitri Fyodorovich Karamazov,ROMANTIC,CHAR_006,Agrafena Alexandrovna Svetlova,undirected_or_unknown,0.65,unreviewed,cue+cooccurrence rule,5550,BK_P05550,machine-proposed,ROMANTIC
A_3d5922b06cda,CHAR_004,Alexei Fyodorovich Karamazov,ROMANTIC,CHAR_006,Agrafena Alexandrovna Svetlova,undirected_or_unknown,0.65,unreviewed,cue+cooccurrence rule,5550,BK_P05550,machine-proposed,ROMANTIC
A_3cc953df86c9,CHAR_002,Dmitri Fyodorovich Karamazov,CONFLICT,CHAR_004,Alexei Fyodorovich Karamazov,undirected_or_unknown,0.64,unreviewed,cue+cooccurrence rule,5550,BK_P05550,machine-proposed,CONFLICT
A_71cd355e2efb,CHAR_002,Dmitri Fyodorovich Karamazov,CONFLICT,CHAR_006,Agrafena Alexandrovna Svetlova,undirected_or_unknown,0.64,unreviewed,cue+cooccurrence rule,5550,BK_P05550,machine-proposed,CONFLICT
A_16cd3b0b0163,CHAR_004,Alexei Fyodorovich Karamazov,CONFLICT,CHAR_006,Agrafena Alexandrovna Svetlova,undirected_or_unknown,0.64,unreviewed,cue+cooccurrence rule,5550,BK_P05550,machine-proposed,CONFLICT
A_3a2593ade63a,CHAR_002,Dmitri Fyodorovich Karamazov,FINANCIAL,CHAR_004,Alexei Fyodorovich Karamazov,undirected_or_unknown,0.58,unreviewed,cue+cooccurrence rule,5550,BK_P05550,machine-proposed,FINANCIAL
A_71f73a4a3245,CHAR_002,Dmitri Fyodorovich Karamazov,FINANCIAL,CHAR_006,Agrafena Alexandrovna Svetlova,undirected_or_unknown,0.58,unreviewed,cue+cooccurrence rule,5550,BK_P05550,machine-proposed,FINANCIAL
A_507fe72f5da7,CHAR_004,Alexei Fyodorovich Karamazov,FINANCIAL,CHAR_006,Agrafena Alexandrovna Svetlova,undirected_or_unknown,0.58,unreviewed,cue+cooccurrence rule,5550,BK_P05550,machine-proposed,FINANCIAL
A_31b2f78ea93c,CHAR_004,Alexei Fyodorovich Karamazov,ROMANTIC,CHAR_007,Katerina Ivanovna Verkhovtseva,undirected_or_unknown,0.65,unreviewed,cue+cooccurrence rule,5561,BK_P05561,machine-proposed,ROMANTIC
A_d34a72f62f2a,CHAR_002,Dmitri Fyodorovich Karamazov,ROMANTIC,CHAR_007,Katerina Ivanovna Verkhovtseva,undirected_or_unknown,0.65,unreviewed,cue+cooccurrence rule,5562,BK_P05562,machine-proposed,ROMANTIC
A_41aea3da860b,CHAR_002,Dmitri Fyodorovich Karamazov,ROMANTIC,CHAR_007,Katerina Ivanovna Verkhovtseva,undirected_or_unknown,0.65,unreviewed,cue+cooccurrence rule,5563,BK_P05563,machine-proposed,ROMANTIC
A_503a8a39827b,CHAR_002,Dmitri Fyodorovich Karamazov,FAMILY,CHAR_004,Alexei Fyodorovich Karamazov,undirected_or_unknown,0.72,unreviewed,cue+cooccurrence rule,5578,BK_P05578,machine-proposed,FAMILY
A_481cde036878,CHAR_002,Dmitri Fyodorovich Karamazov,FAMILY,CHAR_004,Alexei Fyodorovich Karamazov,undirected_or_unknown,0.72,unreviewed,cue+cooccurrence rule,5584,BK_P05584,machine-proposed,FAMILY
A_9d2fe4cf3104,CHAR_002,Dmitri Fyodorovich Karamazov,FAMILY,CHAR_009,Ilyusha Snegiryov,undirected_or_unknown,0.72,unreviewed,cue+cooccurrence rule,5584,BK_P05584,machine-proposed,FAMILY
A_15f3c5d6a11e,CHAR_002,Dmitri Fyodorovich Karamazov,FAMILY,CHAR_010,Nikolai Krasotkin,undirected_or_unknown,0.72,unreviewed,cue+cooccurrence rule,5584,BK_P05584,machine-proposed,FAMILY
A_950eb6715113,CHAR_004,Alexei Fyodorovich Karamazov,FAMILY,CHAR_009,Ilyusha Snegiryov,undirected_or_unknown,0.72,unreviewed,cue+cooccurrence rule,5584,BK_P05584,machine-proposed,FAMILY
A_0deb965549bb,CHAR_004,Alexei Fyodorovich Karamazov,FAMILY,CHAR_010,Nikolai Krasotkin,undirected_or_unknown,0.72,unreviewed,cue+cooccurrence rule,5584,BK_P05584,machine-proposed,FAMILY
A_d957da59ff60,CHAR_009,Ilyusha Snegiryov,FAMILY,CHAR_010,Nikolai Krasotkin,undirected_or_unknown,0.72,unreviewed,cue+cooccurrence rule,5584,BK_P05584,machine-proposed,FAMILY
A_73faad154c3e,CHAR_004,Alexei Fyodorovich Karamazov,FAMILY,CHAR_009,Ilyusha Snegiryov,undirected_or_unknown,0.72,unreviewed,cue+cooccurrence rule,5610,BK_P05610,machine-proposed,FAMILY
A_1680e121b957,CHAR_007,Katerina Ivanovna Verkhovtseva,FAMILY,CHAR_009,Ilyusha Snegiryov,undirected_or_unknown,0.72,unreviewed,cue+cooccurrence rule,5614,BK_P05614,machine-proposed,FAMILY
A_647b2267f719,CHAR_004,Alexei Fyodorovich Karamazov,FAMILY,CHAR_009,Ilyusha Snegiryov,undirected_or_unknown,0.72,unreviewed,cue+cooccurrence rule,5636,BK_P05636,machine-proposed,FAMILY
A_307babfdb6d9,CHAR_009,Ilyusha Snegiryov,FAMILY,CHAR_010,Nikolai Krasotkin,undirected_or_unknown,0.72,unreviewed,cue+cooccurrence rule,5640,BK_P05640,machine-proposed,FAMILY
A_fc93b7c2dd3e,CHAR_009,Ilyusha Snegiryov,ROMANTIC,CHAR_010,Nikolai Krasotkin,undirected_or_unknown,0.65,unreviewed,cue+cooccurrence rule,5640,BK_P05640,machine-proposed,ROMANTIC
